Region,District,Date,Market,Commodity,Price,Type
Central,Mfantsiman Municipal,16/07/2025,Mankessim,White maize,8.66,Retail
Central,Mfantsiman Municipal,16/07/2025,Mankessim,Maize yellow,9.49,Retail
Central,Mfantsiman Municipal,16/07/2025,Mankessim,Millet,19.86,Retail
Central,Mfantsiman Municipal,16/07/2025,Mankessim,Rice local perfumed,20.64,Retail
Central,Mfantsiman Municipal,16/07/2025,Mankessim,Rice local non perfumed,15.11,Retail
Central,Mfantsiman Municipal,16/07/2025,Mankessim,Rice imported perfumed,20.28,Retail
Central,Mfantsiman Municipal,16/07/2025,Mankessim,Rice imported non perfumed,11.87,Retail
Central,Mfantsiman Municipal,16/07/2025,Mankessim,Yam white,17.08,Retail
Central,Mfantsiman Municipal,16/07/2025,Mankessim,Cocoyam,30.95,Retail
Central,Mfantsiman Municipal,16/07/2025,Mankessim,Cassava,5.03,Retail
Central,Mfantsiman Municipal,16/07/2025,Mankessim,Gari,15.12,Retail
Central,Mfantsiman Municipal,16/07/2025,Mankessim,Dried cassava powder kokonte,12.45,Retail
Central,Mfantsiman Municipal,16/07/2025,Mankessim,Plantain apentu,24.41,Retail
Central,Mfantsiman Municipal,16/07/2025,Mankessim,Plantain apem,29.41,Retail
Central,Mfantsiman Municipal,16/07/2025,Mankessim,Banana exotic,18.33,Retail
Central,Mfantsiman Municipal,16/07/2025,Mankessim,Banana local,17.52,Retail
Central,Mfantsiman Municipal,16/07/2025,Mankessim,Orange,9.15,Retail
Central,Mfantsiman Municipal,16/07/2025,Mankessim,Watermelon,4.08,Retail
Central,Mfantsiman Municipal,16/07/2025,Mankessim,Pineapple,7.63,Retail
Central,Mfantsiman Municipal,16/07/2025,Mankessim,Mango exotic,10.67,Retail
Central,Mfantsiman Municipal,16/07/2025,Mankessim,Tomato local,18.34,Retail
Central,Mfantsiman Municipal,16/07/2025,Mankessim,Garden egg,19.13,Retail
Central,Mfantsiman Municipal,16/07/2025,Mankessim,Okro fresh,20.94,Retail
Central,Mfantsiman Municipal,16/07/2025,Mankessim,Onion,21.67,Retail
Central,Mfantsiman Municipal,16/07/2025,Mankessim,Ginger,202.57,Retail
Central,Mfantsiman Municipal,16/07/2025,Mankessim,Dried pepper,99.37,Retail
Central,Mfantsiman Municipal,16/07/2025,Mankessim,Fresh pepper,50.28,Retail
Central,Mfantsiman Municipal,16/07/2025,Mankessim,Fresh pepper bonnet,32.13,Retail
Central,Mfantsiman Municipal,16/07/2025,Mankessim,Palm fruit,8.91,Retail
Central,Mfantsiman Municipal,16/07/2025,Mankessim,Tiger nut,66.76,Retail
Central,Mfantsiman Municipal,16/07/2025,Mankessim,Groundnut red,20.41,Retail
Central,Mfantsiman Municipal,16/07/2025,Mankessim,Cowpea white,18.07,Retail
Central,Mfantsiman Municipal,16/07/2025,Mankessim,Soya bean,17.82,Retail
Central,Mfantsiman Municipal,16/07/2025,Mankessim,Melon seeds agushi,59.54,Retail
Central,Mfantsiman Municipal,16/07/2025,Mankessim,Melon seeds agushi powder,67.84,Retail
Central,Mfantsiman Municipal,16/07/2025,Mankessim,Melon seeds neri,22.12,Retail
Central,Mfantsiman Municipal,16/07/2025,Mankessim,Melon seeds neri powder,18.30,Retail
Central,Mfantsiman Municipal,16/07/2025,Mankessim,Palm oil,20.83,Retail
Central,Mfantsiman Municipal,16/07/2025,Mankessim,Coconut oil,50.00,Retail
Central,Mfantsiman Municipal,16/07/2025,Mankessim,Beef,60.00,Retail
Central,Mfantsiman Municipal,16/07/2025,Mankessim,Smoked herring,69.27,Retail
Central,Mfantsiman Municipal,16/07/2025,Mankessim,Salted dried tilapia koobi,96.23,Retail
Central,Mfantsiman Municipal,16/07/2025,Mankessim,Anchovy,157.96,Retail
Central,Mfantsiman Municipal,16/07/2025,Mankessim,Kako,95.42,Retail
Central,Mfantsiman Municipal,16/07/2025,Mankessim,Egg commercial,63.75,Retail
Central,Mfantsiman Municipal,16/07/2025,Mankessim,Chicken,42.00,Retail
Central,Mfantsiman Municipal,16/07/2025,Mankessim,Nkontomire,7.83,Retail
Central,Mfantsiman Municipal,16/07/2025,Mankessim,Ademe ayoyo jute mallow,17.92,Retail
Central,Mfantsiman Municipal,16/07/2025,Mankessim,Cabbage,17.02,Retail
Central,Mfantsiman Municipal,16/07/2025,Mankessim,Lettuce,34.35,Retail
Central,Mfantsiman Municipal,16/07/2025,Mankessim,Carrot,50.00,Retail
Central,Mfantsiman Municipal,16/07/2025,Mankessim,Pawpaw,13.61,Retail
Central,Mfantsiman Municipal,16/07/2025,Mankessim,Avocado pear,27.70,Retail
Central,Mfantsiman Municipal,16/07/2025,Mankessim,Bambara bean,29.15,Retail
Central,Mfantsiman Municipal,16/07/2025,Mankessim,Mutton sheep meat,60.00,Retail
Central,Mfantsiman Municipal,16/07/2025,Mankessim,Chevon goat meat,60.00,Retail
Central,Mfantsiman Municipal,16/07/2025,Mankessim,Snail,299.46,Retail
Central,Mfantsiman Municipal,16/07/2025,Mankessim,Sweet potato general white pinkish,18.36,Retail
Central,Mfantsiman Municipal,16/07/2025,Mankessim,Cassava dough,7.01,Retail
Central,Mfantsiman Municipal,16/07/2025,Mankessim,Fresh red fish,38.75,Retail
Central,Mfantsiman Municipal,16/07/2025,Mankessim,Fresh salmon mackerel fish,30.00,Retail
Central,Mfantsiman Municipal,16/07/2025,Mankessim,Fresh kpanla fish,26.67,Retail
Central,Mfantsiman Municipal,16/07/2025,Mankessim,Plantain riped,47.35,Retail
Greater Accra,Okaikoi South,17/07/2025,Agbogbloshie,White maize,10.80,Retail
Greater Accra,Okaikoi South,17/07/2025,Agbogbloshie,Maize yellow,11.23,Retail
Greater Accra,Okaikoi South,17/07/2025,Agbogbloshie,Millet,17.36,Retail
Greater Accra,Okaikoi South,17/07/2025,Agbogbloshie,Rice local perfumed,20.00,Retail
Greater Accra,Okaikoi South,17/07/2025,Agbogbloshie,Rice local non perfumed,18.67,Retail
Greater Accra,Okaikoi South,17/07/2025,Agbogbloshie,Rice imported perfumed,20.00,Retail
Greater Accra,Okaikoi South,17/07/2025,Agbogbloshie,Rice imported non perfumed,14.67,Retail
Greater Accra,Okaikoi South,17/07/2025,Agbogbloshie,Gari,12.26,Retail
Greater Accra,Okaikoi South,17/07/2025,Agbogbloshie,Plantain apentu,23.21,Retail
Greater Accra,Okaikoi South,17/07/2025,Agbogbloshie,Orange,6.25,Retail
Greater Accra,Okaikoi South,17/07/2025,Agbogbloshie,Watermelon,11.27,Retail
Greater Accra,Okaikoi South,17/07/2025,Agbogbloshie,Tomato local,42.86,Retail
Greater Accra,Okaikoi South,17/07/2025,Agbogbloshie,Garden egg,45.42,Retail
Greater Accra,Okaikoi South,17/07/2025,Agbogbloshie,Okro fresh,40.74,Retail
Greater Accra,Okaikoi South,17/07/2025,Agbogbloshie,Dried pepper,41.67,Retail
Greater Accra,Okaikoi South,17/07/2025,Agbogbloshie,Fresh pepper,25.00,Retail
Greater Accra,Okaikoi South,17/07/2025,Agbogbloshie,Egg commercial,63.33,Retail
Greater Accra,Okaikoi South,17/07/2025,Agbogbloshie,Nkontomire,50.00,Retail
Greater Accra,Okaikoi South,17/07/2025,Agbogbloshie,Ademe ayoyo jute mallow,50.00,Retail
Greater Accra,Okaikoi South,17/07/2025,Agbogbloshie,Cabbage,15.88,Retail
Greater Accra,Okaikoi South,17/07/2025,Agbogbloshie,Lettuce,50.00,Retail
Greater Accra,Okaikoi South,17/07/2025,Agbogbloshie,Carrot,38.89,Retail
Greater Accra,Okaikoi South,17/07/2025,Agbogbloshie,Plantain riped,35.55,Retail
Greater Accra,Okaikoi South,17/07/2025,Agbogbloshie,Sorghum,10.71,Retail
Greater Accra,Okaikoi South,17/07/2025,Agbogbloshie,Yam puna,15.56,Retail
Greater Accra,Okaikoi South,17/07/2025,Agbogbloshie,Tomato navrongo,59.49,Retail
Greater Accra,Okaikoi South,17/07/2025,Agbogbloshie,Alefu amaranthus,44.44,Retail
Western North,Bibiani Anhwiaso Bekwai Municipal,17/07/2025,Bibiani ,White maize,10.40,Retail
Western North,Bibiani Anhwiaso Bekwai Municipal,17/07/2025,Bibiani ,Maize yellow,12.41,Retail
Western North,Bibiani Anhwiaso Bekwai Municipal,17/07/2025,Bibiani ,Millet,19.79,Retail
Western North,Bibiani Anhwiaso Bekwai Municipal,17/07/2025,Bibiani ,Rice local perfumed,29.72,Retail
Western North,Bibiani Anhwiaso Bekwai Municipal,17/07/2025,Bibiani ,Rice local non perfumed,22.50,Retail
Western North,Bibiani Anhwiaso Bekwai Municipal,17/07/2025,Bibiani ,Rice imported perfumed,26.94,Retail
Western North,Bibiani Anhwiaso Bekwai Municipal,17/07/2025,Bibiani ,Rice imported non perfumed,18.33,Retail
Western North,Bibiani Anhwiaso Bekwai Municipal,17/07/2025,Bibiani ,Yam white,12.51,Retail
Western North,Bibiani Anhwiaso Bekwai Municipal,17/07/2025,Bibiani ,Cocoyam,16.00,Retail
Western North,Bibiani Anhwiaso Bekwai Municipal,17/07/2025,Bibiani ,Cassava,3.57,Retail
Western North,Bibiani Anhwiaso Bekwai Municipal,17/07/2025,Bibiani ,Gari,18.33,Retail
Western North,Bibiani Anhwiaso Bekwai Municipal,17/07/2025,Bibiani ,Plantain apentu,24.34,Retail
Western North,Bibiani Anhwiaso Bekwai Municipal,17/07/2025,Bibiani ,Plantain apem,21.22,Retail
Western North,Bibiani Anhwiaso Bekwai Municipal,17/07/2025,Bibiani ,Banana exotic,10.00,Retail
Western North,Bibiani Anhwiaso Bekwai Municipal,17/07/2025,Bibiani ,Pineapple,9.05,Retail
Western North,Bibiani Anhwiaso Bekwai Municipal,17/07/2025,Bibiani ,Tomato local,23.80,Retail
Western North,Bibiani Anhwiaso Bekwai Municipal,17/07/2025,Bibiani ,Garden egg,23.26,Retail
Western North,Bibiani Anhwiaso Bekwai Municipal,17/07/2025,Bibiani ,Onion,27.51,Retail
Western North,Bibiani Anhwiaso Bekwai Municipal,17/07/2025,Bibiani ,Ginger,49.93,Retail
Western North,Bibiani Anhwiaso Bekwai Municipal,17/07/2025,Bibiani ,Dried pepper,33.75,Retail
Western North,Bibiani Anhwiaso Bekwai Municipal,17/07/2025,Bibiani ,Fresh pepper,19.44,Retail
Western North,Bibiani Anhwiaso Bekwai Municipal,17/07/2025,Bibiani ,Fresh pepper bonnet,25.89,Retail
Western North,Bibiani Anhwiaso Bekwai Municipal,17/07/2025,Bibiani ,Palm fruit,7.00,Retail
Western North,Bibiani Anhwiaso Bekwai Municipal,17/07/2025,Bibiani ,Groundnut red,32.78,Retail
Western North,Bibiani Anhwiaso Bekwai Municipal,17/07/2025,Bibiani ,Cowpea white,38.89,Retail
Western North,Bibiani Anhwiaso Bekwai Municipal,17/07/2025,Bibiani ,Soya bean,21.88,Retail
Western North,Bibiani Anhwiaso Bekwai Municipal,17/07/2025,Bibiani ,Palm oil,27.56,Retail
Western North,Bibiani Anhwiaso Bekwai Municipal,17/07/2025,Bibiani ,Egg commercial,62.00,Retail
Western North,Bibiani Anhwiaso Bekwai Municipal,17/07/2025,Bibiani ,Nkontomire,20.56,Retail
Western North,Bibiani Anhwiaso Bekwai Municipal,17/07/2025,Bibiani ,Cabbage,17.46,Retail
Western North,Bibiani Anhwiaso Bekwai Municipal,17/07/2025,Bibiani ,Carrot,20.56,Retail
Western North,Bibiani Anhwiaso Bekwai Municipal,17/07/2025,Bibiani ,Pawpaw,9.17,Retail
Western North,Bibiani Anhwiaso Bekwai Municipal,17/07/2025,Bibiani ,Avocado pear,11.33,Retail
Western North,Bibiani Anhwiaso Bekwai Municipal,17/07/2025,Bibiani ,Mutton sheep meat,96.97,Retail
Western North,Bibiani Anhwiaso Bekwai Municipal,17/07/2025,Bibiani ,Fresh red fish,37.54,Retail
Western North,Bibiani Anhwiaso Bekwai Municipal,17/07/2025,Bibiani ,Yam puna,11.56,Retail
Western North,Bibiani Anhwiaso Bekwai Municipal,17/07/2025,Bibiani ,Tomato navrongo,28.97,Retail
Western North,Bibiani Anhwiaso Bekwai Municipal,17/07/2025,Bibiani ,Coconut fresh,9.58,Retail
Western North,Bibiani Anhwiaso Bekwai Municipal,17/07/2025,Bibiani ,Okro dried,198.61,Retail
Western North,Bibiani Anhwiaso Bekwai Municipal,17/07/2025,Bibiani ,Unshelled groundnut,22.33,Retail
Bono,Sunyani Municipal,16/07/2025,Nana Bosomah,White maize,6.67,Retail
Bono,Sunyani Municipal,16/07/2025,Nana Bosomah,Maize yellow,6.67,Retail
Bono,Sunyani Municipal,16/07/2025,Nana Bosomah,Millet,14.00,Retail
Bono,Sunyani Municipal,16/07/2025,Nana Bosomah,Rice local perfumed,14.81,Retail
Bono,Sunyani Municipal,16/07/2025,Nana Bosomah,Rice local non perfumed,12.96,Retail
Bono,Sunyani Municipal,16/07/2025,Nana Bosomah,Rice imported perfumed,23.50,Retail
Bono,Sunyani Municipal,16/07/2025,Nana Bosomah,Rice imported non perfumed,15.00,Retail
Bono,Sunyani Municipal,16/07/2025,Nana Bosomah,Yam white,11.11,Retail
Bono,Sunyani Municipal,16/07/2025,Nana Bosomah,Cocoyam,23.26,Retail
Bono,Sunyani Municipal,16/07/2025,Nana Bosomah,Cassava,2.78,Retail
Bono,Sunyani Municipal,16/07/2025,Nana Bosomah,Gari,11.74,Retail
Bono,Sunyani Municipal,16/07/2025,Nana Bosomah,Dried cassava powder kokonte,20.00,Retail
Bono,Sunyani Municipal,16/07/2025,Nana Bosomah,Plantain apentu,35.55,Retail
Bono,Sunyani Municipal,16/07/2025,Nana Bosomah,Plantain apem,43.33,Retail
Bono,Sunyani Municipal,16/07/2025,Nana Bosomah,Banana exotic,50.00,Retail
Bono,Sunyani Municipal,16/07/2025,Nana Bosomah,Banana local,50.00,Retail
Bono,Sunyani Municipal,16/07/2025,Nana Bosomah,Orange,3.07,Retail
Bono,Sunyani Municipal,16/07/2025,Nana Bosomah,Watermelon,3.87,Retail
Bono,Sunyani Municipal,16/07/2025,Nana Bosomah,Pineapple,6.08,Retail
Bono,Sunyani Municipal,16/07/2025,Nana Bosomah,Mango exotic,3.20,Retail
Bono,Sunyani Municipal,16/07/2025,Nana Bosomah,Tomato local,21.74,Retail
Bono,Sunyani Municipal,16/07/2025,Nana Bosomah,Garden egg,6.69,Retail
Bono,Sunyani Municipal,16/07/2025,Nana Bosomah,Sorghum,12.25,Retail
Bono,Sunyani Municipal,16/07/2025,Nana Bosomah,Yam puna,11.11,Retail
Bono,Sunyani Municipal,16/07/2025,Nana Bosomah,Tomato navrongo,21.74,Retail
Bono,Sunyani Municipal,16/07/2025,Nana Bosomah,Coconut fresh,2.19,Retail
Bono,Sunyani Municipal,16/07/2025,Nana Bosomah,Dried cassava chips kokonte,6.86,Retail
Bono,Sunyani Municipal,18/07/2025,Nana Bosomah ,Okro fresh,5.00,Retail
Bono,Sunyani Municipal,18/07/2025,Nana Bosomah ,Onion,15.57,Retail
Bono,Sunyani Municipal,18/07/2025,Nana Bosomah ,Ginger,40.00,Retail
Bono,Sunyani Municipal,18/07/2025,Nana Bosomah ,Dried pepper,83.33,Retail
Bono,Sunyani Municipal,18/07/2025,Nana Bosomah ,Fresh pepper bonnet,37.50,Retail
Bono,Sunyani Municipal,18/07/2025,Nana Bosomah ,Palm fruit,3.64,Retail
Bono,Sunyani Municipal,18/07/2025,Nana Bosomah ,Tiger nut,27.27,Retail
Bono,Sunyani Municipal,18/07/2025,Nana Bosomah ,Groundnut red,20.00,Retail
Bono,Sunyani Municipal,18/07/2025,Nana Bosomah ,Cowpea white,16.67,Retail
Bono,Sunyani Municipal,18/07/2025,Nana Bosomah ,Soya bean,12.50,Retail
Bono,Sunyani Municipal,18/07/2025,Nana Bosomah ,Melon seeds agushi,50.00,Retail
Bono,Sunyani Municipal,18/07/2025,Nana Bosomah ,Melon seeds agushi powder,52.17,Retail
Bono,Sunyani Municipal,18/07/2025,Nana Bosomah ,Melon seeds neri,26.67,Retail
Bono,Sunyani Municipal,18/07/2025,Nana Bosomah ,Melon seeds neri powder,35.29,Retail
Bono,Sunyani Municipal,18/07/2025,Nana Bosomah ,Bambara bean,25.00,Retail
Bono,Sunyani Municipal,18/07/2025,Nana Bosomah ,Okro dried,76.92,Retail
Bono,Sunyani Municipal,18/07/2025,Nana Bosomah ,Unshelled groundnut,11.54,Retail
Greater Accra,Tema East,14/07/2025,Tema Community One,White maize,12.00,Retail
Greater Accra,Tema East,14/07/2025,Tema Community One,Maize yellow,13.33,Retail
Greater Accra,Tema East,14/07/2025,Tema Community One,Millet,22.50,Retail
Greater Accra,Tema East,14/07/2025,Tema Community One,Rice local perfumed,22.67,Retail
Greater Accra,Tema East,14/07/2025,Tema Community One,Rice imported perfumed,24.00,Retail
Greater Accra,Tema East,14/07/2025,Tema Community One,Yam white,53.92,Retail
Greater Accra,Tema East,14/07/2025,Tema Community One,Cocoyam,40.60,Retail
Greater Accra,Tema East,14/07/2025,Tema Community One,Gari,30.00,Retail
Greater Accra,Tema East,14/07/2025,Tema Community One,Dried cassava powder kokonte,26.67,Retail
Greater Accra,Tema East,14/07/2025,Tema Community One,Plantain apentu,65.48,Retail
Greater Accra,Tema East,14/07/2025,Tema Community One,Plantain apem,125.00,Retail
Greater Accra,Tema East,14/07/2025,Tema Community One,Banana exotic,30.55,Retail
Greater Accra,Tema East,14/07/2025,Tema Community One,Banana local,35.55,Retail
Greater Accra,Tema East,14/07/2025,Tema Community One,Orange,16.67,Retail
Greater Accra,Tema East,14/07/2025,Tema Community One,Watermelon,14.02,Retail
Greater Accra,Tema East,14/07/2025,Tema Community One,Pineapple,20.00,Retail
Greater Accra,Tema East,14/07/2025,Tema Community One,Mango exotic,20.83,Retail
Greater Accra,Tema East,14/07/2025,Tema Community One,Tomato local,16.67,Retail
Greater Accra,Tema East,14/07/2025,Tema Community One,Garden egg,30.55,Retail
Greater Accra,Tema East,14/07/2025,Tema Community One,Okro fresh,33.33,Retail
Greater Accra,Tema East,14/07/2025,Tema Community One,Onion,60.00,Retail
Greater Accra,Tema East,14/07/2025,Tema Community One,Ginger,122.50,Retail
Greater Accra,Tema East,14/07/2025,Tema Community One,Dried pepper,38.89,Retail
Greater Accra,Tema East,14/07/2025,Tema Community One,Fresh pepper,29.44,Retail
Greater Accra,Tema East,14/07/2025,Tema Community One,Fresh pepper bonnet,46.67,Retail
Greater Accra,Tema East,14/07/2025,Tema Community One,Palm fruit,16.67,Retail
Greater Accra,Tema East,14/07/2025,Tema Community One,Groundnut red,38.67,Retail
Greater Accra,Tema East,14/07/2025,Tema Community One,Cowpea white,23.33,Retail
Greater Accra,Tema East,14/07/2025,Tema Community One,Soya bean,20.00,Retail
Greater Accra,Tema East,14/07/2025,Tema Community One,Melon seeds agushi,103.33,Retail
Greater Accra,Tema East,14/07/2025,Tema Community One,Melon seeds agushi powder,94.44,Retail
Greater Accra,Tema East,14/07/2025,Tema Community One,Palm oil,30.00,Retail
Greater Accra,Tema East,14/07/2025,Tema Community One,Beef,50.00,Retail
Greater Accra,Tema East,14/07/2025,Tema Community One,Smoked herring,86.67,Retail
Greater Accra,Tema East,14/07/2025,Tema Community One,Egg commercial,78.33,Retail
Greater Accra,Tema East,14/07/2025,Tema Community One,Chicken,54.67,Retail
Greater Accra,Tema East,14/07/2025,Tema Community One,Nkontomire,44.44,Retail
Greater Accra,Tema East,14/07/2025,Tema Community One,Ademe ayoyo jute mallow,25.00,Retail
Greater Accra,Tema East,14/07/2025,Tema Community One,Cabbage,36.11,Retail
Greater Accra,Tema East,14/07/2025,Tema Community One,Lettuce,50.00,Retail
Greater Accra,Tema East,14/07/2025,Tema Community One,Carrot,50.00,Retail
Greater Accra,Tema East,14/07/2025,Tema Community One,Pawpaw,30.00,Retail
Greater Accra,Tema East,14/07/2025,Tema Community One,Avocado pear,37.78,Retail
Greater Accra,Tema East,14/07/2025,Tema Community One,Bambara bean,24.29,Retail
Greater Accra,Tema East,14/07/2025,Tema Community One,Chevon goat meat,50.00,Retail
Greater Accra,Tema East,14/07/2025,Tema Community One,Sweet potato general white pinkish,33.33,Retail
Greater Accra,Tema East,14/07/2025,Tema Community One,Fresh red fish,69.33,Retail
Greater Accra,Tema East,14/07/2025,Tema Community One,Fresh salmon mackerel fish,40.00,Retail
Greater Accra,Tema East,14/07/2025,Tema Community One,Fresh kpanla fish,38.67,Retail
Greater Accra,Tema East,14/07/2025,Tema Community One,Plantain riped,62.50,Retail
Greater Accra,Tema East,14/07/2025,Tema Community One,Sorghum,23.33,Retail
Greater Accra,Tema East,14/07/2025,Tema Community One,Yam puna,86.19,Retail
Greater Accra,Tema East,14/07/2025,Tema Community One,Tomato navrongo,33.33,Retail
Greater Accra,Tema East,14/07/2025,Tema Community One,Alefu amaranthus,33.33,Retail
Volta,Ho Municipal,15/07/2025,Ho Central,White maize,9.18,Retail
Volta,Ho Municipal,15/07/2025,Ho Central,Maize yellow,8.93,Retail
Volta,Ho Municipal,15/07/2025,Ho Central,Millet,14.29,Retail
Volta,Ho Municipal,15/07/2025,Ho Central,Rice local perfumed,17.55,Retail
Volta,Ho Municipal,15/07/2025,Ho Central,Rice imported perfumed,21.83,Retail
Volta,Ho Municipal,15/07/2025,Ho Central,Yam white,10.01,Retail
Volta,Ho Municipal,15/07/2025,Ho Central,Cocoyam,18.79,Retail
Volta,Ho Municipal,15/07/2025,Ho Central,Cassava,4.92,Retail
Volta,Ho Municipal,15/07/2025,Ho Central,Gari,13.19,Retail
Volta,Ho Municipal,15/07/2025,Ho Central,Plantain apentu,19.39,Retail
Volta,Ho Municipal,15/07/2025,Ho Central,Plantain apem,18.79,Retail
Volta,Ho Municipal,15/07/2025,Ho Central,Banana local,18.89,Retail
Volta,Ho Municipal,15/07/2025,Ho Central,Orange,7.54,Retail
Volta,Ho Municipal,15/07/2025,Ho Central,Watermelon,5.56,Retail
Volta,Ho Municipal,15/07/2025,Ho Central,Pineapple,10.00,Retail
Volta,Ho Municipal,15/07/2025,Ho Central,Tomato local,17.79,Retail
Volta,Ho Municipal,15/07/2025,Ho Central,Garden egg,11.25,Retail
Volta,Ho Municipal,15/07/2025,Ho Central,Okro fresh,8.75,Retail
Volta,Ho Municipal,15/07/2025,Ho Central,Onion,24.77,Retail
Volta,Ho Municipal,15/07/2025,Ho Central,Ginger,70.88,Retail
Volta,Ho Municipal,15/07/2025,Ho Central,Dried pepper,111.11,Retail
Volta,Ho Municipal,15/07/2025,Ho Central,Fresh pepper bonnet,40.00,Retail
Volta,Ho Municipal,15/07/2025,Ho Central,Palm fruit,11.18,Retail
Volta,Ho Municipal,15/07/2025,Ho Central,Groundnut red,24.00,Retail
Volta,Ho Municipal,15/07/2025,Ho Central,Cowpea white,25.23,Retail
Volta,Ho Municipal,15/07/2025,Ho Central,Soya bean,14.58,Retail
Volta,Ho Municipal,15/07/2025,Ho Central,Palm oil,27.78,Retail
Volta,Ho Municipal,15/07/2025,Ho Central,Beef,72.73,Retail
Volta,Ho Municipal,15/07/2025,Ho Central,Salted dried tilapia koobi,50.00,Retail
Volta,Ho Municipal,15/07/2025,Ho Central,Egg commercial,60.00,Retail
Volta,Ho Municipal,15/07/2025,Ho Central,Chicken,36.36,Retail
Volta,Ho Municipal,15/07/2025,Ho Central,Nkontomire,10.00,Retail
Volta,Ho Municipal,15/07/2025,Ho Central,Ademe ayoyo jute mallow,14.59,Retail
Volta,Ho Municipal,15/07/2025,Ho Central,Cabbage,15.88,Retail
Volta,Ho Municipal,15/07/2025,Ho Central,Lettuce,12.50,Retail
Volta,Ho Municipal,15/07/2025,Ho Central,Carrot,25.00,Retail
Volta,Ho Municipal,15/07/2025,Ho Central,Bambara bean,25.00,Retail
Volta,Ho Municipal,15/07/2025,Ho Central,Sweet potato general white pinkish,18.64,Retail
Volta,Ho Municipal,15/07/2025,Ho Central,Cassava dough,5.32,Retail
Volta,Ho Municipal,15/07/2025,Ho Central,Fresh kpanla fish,36.36,Retail
Volta,Ho Municipal,15/07/2025,Ho Central,Plantain riped,20.00,Retail
Volta,Ho Municipal,15/07/2025,Ho Central,Sorghum,13.54,Retail
Volta,Ho Municipal,15/07/2025,Ho Central,Tomato navrongo,23.34,Retail
Volta,Ho Municipal,15/07/2025,Ho Central,Alefu amaranthus,12.50,Retail
Volta,Ho Municipal,15/07/2025,Ho Central,Coconut fresh,4.70,Retail
Bono East,Kintampo North Municipal,20/07/2025,Kintampo,White maize,7.60,Retail
Bono East,Kintampo North Municipal,20/07/2025,Kintampo,Maize yellow,7.41,Retail
Bono East,Kintampo North Municipal,20/07/2025,Kintampo,Millet,11.60,Retail
Bono East,Kintampo North Municipal,20/07/2025,Kintampo,Rice local perfumed,16.10,Retail
Bono East,Kintampo North Municipal,20/07/2025,Kintampo,Rice local non perfumed,10.59,Retail
Bono East,Kintampo North Municipal,20/07/2025,Kintampo,Gari,11.03,Retail
Bono East,Kintampo North Municipal,20/07/2025,Kintampo,Tomato local,11.33,Retail
Bono East,Kintampo North Municipal,20/07/2025,Kintampo,Garden egg,8.37,Retail
Bono East,Kintampo North Municipal,20/07/2025,Kintampo,Okro fresh,12.50,Retail
Bono East,Kintampo North Municipal,20/07/2025,Kintampo,Onion,15.02,Retail
Bono East,Kintampo North Municipal,20/07/2025,Kintampo,Fresh pepper bonnet,16.49,Retail
Bono East,Kintampo North Municipal,20/07/2025,Kintampo,Groundnut red,19.33,Retail
Bono East,Kintampo North Municipal,20/07/2025,Kintampo,Cowpea white,13.21,Retail
Bono East,Kintampo North Municipal,20/07/2025,Kintampo,Soya bean,11.45,Retail
Bono East,Kintampo North Municipal,20/07/2025,Kintampo,Melon seeds neri,12.50,Retail
Bono East,Kintampo North Municipal,20/07/2025,Kintampo,Sorghum,9.62,Retail
Bono East,Kintampo North Municipal,20/07/2025,Kintampo,Dried cassava chips kokonte,6.83,Retail
Ashanti,Obuasi Municipal,16/07/2025,Obuasi Central,Garden egg,19.74,Retail
Ashanti,Obuasi Municipal,16/07/2025,Obuasi Central,Pork,38.67,Retail
Ashanti,Obuasi Municipal,16/07/2025,Obuasi Central,Rice local perfumed,16.86,Retail
Ashanti,Obuasi Municipal,16/07/2025,Obuasi Central,Bambara bean,26.48,Retail
Ashanti,Obuasi Municipal,16/07/2025,Obuasi Central,Millet,15.19,Retail
Ashanti,Obuasi Municipal,16/07/2025,Obuasi Central,Soya bean,16.91,Retail
Ashanti,Obuasi Municipal,16/07/2025,Obuasi Central,Cassava,4.57,Retail
Ashanti,Obuasi Municipal,16/07/2025,Obuasi Central,Yam white,12.65,Retail
Ashanti,Obuasi Municipal,16/07/2025,Obuasi Central,White maize,12.50,Retail
Ashanti,Obuasi Municipal,16/07/2025,Obuasi Central,Nkontomire,13.70,Retail
Ashanti,Obuasi Municipal,16/07/2025,Obuasi Central,Plantain apentu,40.39,Retail
Ashanti,Obuasi Municipal,16/07/2025,Obuasi Central,Pineapple,13.42,Retail
Ashanti,Obuasi Municipal,16/07/2025,Obuasi Central,Mango exotic,14.40,Retail
Ashanti,Obuasi Municipal,16/07/2025,Obuasi Central,Salted dried tilapia koobi,106.67,Retail
Ashanti,Obuasi Municipal,16/07/2025,Obuasi Central,Egg commercial,58.33,Retail
Ashanti,Obuasi Municipal,16/07/2025,Obuasi Central,Cabbage,15.29,Retail
Ashanti,Obuasi Municipal,16/07/2025,Obuasi Central,Fresh pepper bonnet,35.09,Retail
Ashanti,Obuasi Municipal,16/07/2025,Obuasi Central,Carrot,25.00,Retail
Ashanti,Obuasi Municipal,16/07/2025,Obuasi Central,Lettuce,28.61,Retail
Ashanti,Obuasi Municipal,16/07/2025,Obuasi Central,Okro fresh,19.96,Retail
Ashanti,Obuasi Municipal,16/07/2025,Obuasi Central,Tomato navrongo,25.00,Retail
Ashanti,Obuasi Municipal,16/07/2025,Obuasi Central,Groundnut red,24.67,Retail
Ashanti,Obuasi Municipal,16/07/2025,Obuasi Central,Onion,21.51,Retail
Ashanti,Obuasi Municipal,16/07/2025,Obuasi Central,Cowpea white,19.23,Retail
Bono,Sunyani Municipal,19/07/2025,Nana Bosomah,Palm oil,26.67,Retail
Bono,Sunyani Municipal,19/07/2025,Nana Bosomah,Beef,100.00,Retail
Bono,Sunyani Municipal,19/07/2025,Nana Bosomah,Smoked herring,100.00,Retail
Bono,Sunyani Municipal,19/07/2025,Nana Bosomah,Salted dried tilapia koobi,333.33,Retail
Bono,Sunyani Municipal,19/07/2025,Nana Bosomah,Anchovy,100.00,Retail
Bono,Sunyani Municipal,19/07/2025,Nana Bosomah,Egg commercial,55.00,Retail
Bono,Sunyani Municipal,19/07/2025,Nana Bosomah,Chicken,52.00,Retail
Bono,Sunyani Municipal,19/07/2025,Nana Bosomah,Nkontomire,10.00,Retail
Bono,Sunyani Municipal,19/07/2025,Nana Bosomah,Ademe ayoyo jute mallow,20.00,Retail
Bono,Sunyani Municipal,19/07/2025,Nana Bosomah,Cabbage,7.51,Retail
Bono,Sunyani Municipal,19/07/2025,Nana Bosomah,Lettuce,100.00,Retail
Bono,Sunyani Municipal,19/07/2025,Nana Bosomah,Carrot,200.00,Retail
Bono,Sunyani Municipal,19/07/2025,Nana Bosomah,Pawpaw,2.50,Retail
Bono,Sunyani Municipal,19/07/2025,Nana Bosomah,Avocado pear,44.44,Retail
Bono,Sunyani Municipal,19/07/2025,Nana Bosomah,Mutton sheep meat,160.00,Retail
Bono,Sunyani Municipal,19/07/2025,Nana Bosomah,Chevon goat meat,133.50,Retail
Bono,Sunyani Municipal,19/07/2025,Nana Bosomah,Fresh red fish,55.00,Retail
Bono,Sunyani Municipal,19/07/2025,Nana Bosomah,Fresh salmon mackerel fish,42.00,Retail
Bono,Sunyani Municipal,19/07/2025,Nana Bosomah,Fresh kpanla fish,40.00,Retail
Bono,Sunyani Municipal,19/07/2025,Nana Bosomah,Alefu amaranthus,20.00,Retail
Bono,Sunyani Municipal,19/07/2025,Nana Bosomah,Fresh cow milk,33.33,Retail
Ahafo,Asunafo North Municipal,20/07/2025,Goaso,White maize,9.05,Retail
Ahafo,Asunafo North Municipal,20/07/2025,Goaso,Maize yellow,9.19,Retail
Ahafo,Asunafo North Municipal,20/07/2025,Goaso,Millet,13.46,Retail
Ahafo,Asunafo North Municipal,20/07/2025,Goaso,Rice local perfumed,18.37,Retail
Ahafo,Asunafo North Municipal,20/07/2025,Goaso,Cocoyam,12.90,Retail
Ahafo,Asunafo North Municipal,20/07/2025,Goaso,Gari,13.50,Retail
Ahafo,Asunafo North Municipal,20/07/2025,Goaso,Plantain apentu,14.65,Retail
Ahafo,Asunafo North Municipal,20/07/2025,Goaso,Watermelon,8.55,Retail
Ahafo,Asunafo North Municipal,20/07/2025,Goaso,Tomato local,8.59,Retail
Ahafo,Asunafo North Municipal,20/07/2025,Goaso,Garden egg,7.93,Retail
Ahafo,Asunafo North Municipal,20/07/2025,Goaso,Okro fresh,11.20,Retail
Ahafo,Asunafo North Municipal,20/07/2025,Goaso,Ginger,19.45,Retail
Ahafo,Asunafo North Municipal,20/07/2025,Goaso,Fresh pepper,18.06,Retail
Ahafo,Asunafo North Municipal,20/07/2025,Goaso,Palm fruit,8.49,Retail
Ahafo,Asunafo North Municipal,20/07/2025,Goaso,Groundnut red,21.72,Retail
Ahafo,Asunafo North Municipal,20/07/2025,Goaso,Cowpea white,19.01,Retail
Ahafo,Asunafo North Municipal,20/07/2025,Goaso,Palm oil,20.00,Retail
Ahafo,Asunafo North Municipal,20/07/2025,Goaso,Egg commercial,58.33,Retail
Ahafo,Asunafo North Municipal,20/07/2025,Goaso,Nkontomire,10.28,Retail
Ahafo,Asunafo North Municipal,20/07/2025,Goaso,Ademe ayoyo jute mallow,10.00,Retail
Ahafo,Asunafo North Municipal,20/07/2025,Goaso,Cabbage,12.41,Retail
Ahafo,Asunafo North Municipal,20/07/2025,Goaso,Snail,67.13,Retail
Ahafo,Asunafo North Municipal,20/07/2025,Goaso,Yam puna,17.97,Retail
Ahafo,Asunafo North Municipal,20/07/2025,Goaso,Alefu amaranthus,7.78,Retail
Ahafo,Asunafo North Municipal,20/07/2025,Goaso,Coconut fresh,4.61,Retail
Eastern,New Juaben South Municipal,24/07/2025,Koforidua Central,Gari,14.06,Retail
Eastern,New Juaben South Municipal,24/07/2025,Koforidua Central,Plantain apentu,16.48,Retail
Eastern,New Juaben South Municipal,24/07/2025,Koforidua Central,Watermelon,4.48,Retail
Eastern,New Juaben South Municipal,24/07/2025,Koforidua Central,Tomato local,12.53,Retail
Eastern,New Juaben South Municipal,24/07/2025,Koforidua Central,Garden egg,22.03,Retail
Eastern,New Juaben South Municipal,24/07/2025,Koforidua Central,Onion,17.83,Retail
Eastern,New Juaben South Municipal,24/07/2025,Koforidua Central,Fresh pepper bonnet,22.11,Retail
Eastern,New Juaben South Municipal,24/07/2025,Koforidua Central,Cowpea white,31.30,Retail
Eastern,New Juaben South Municipal,24/07/2025,Koforidua Central,Nkontomire,15.28,Retail
Eastern,New Juaben South Municipal,24/07/2025,Koforidua Central,Cabbage,4.77,Retail
Eastern,New Juaben South Municipal,24/07/2025,Koforidua Central,Carrot,26.67,Retail
Eastern,New Juaben South Municipal,24/07/2025,Koforidua Central,Cassava dough,5.44,Retail
Eastern,New Juaben South Municipal,24/07/2025,Koforidua Central,Yam puna,19.77,Retail
Greater Accra,Okaikoi South,23/07/2025,Agbogbloshie,White maize,11.67,Retail
Greater Accra,Okaikoi South,23/07/2025,Agbogbloshie,Maize yellow,12.00,Retail
Greater Accra,Okaikoi South,23/07/2025,Agbogbloshie,Millet,18.19,Retail
Greater Accra,Okaikoi South,23/07/2025,Agbogbloshie,Rice local perfumed,17.33,Retail
Greater Accra,Okaikoi South,23/07/2025,Agbogbloshie,Rice local non perfumed,14.00,Retail
Greater Accra,Okaikoi South,23/07/2025,Agbogbloshie,Rice imported perfumed,20.00,Retail
Greater Accra,Okaikoi South,23/07/2025,Agbogbloshie,Rice imported non perfumed,14.00,Retail
Greater Accra,Okaikoi South,23/07/2025,Agbogbloshie,Gari,13.04,Retail
Greater Accra,Okaikoi South,23/07/2025,Agbogbloshie,Orange,9.44,Retail
Greater Accra,Okaikoi South,23/07/2025,Agbogbloshie,Pineapple,9.52,Retail
Greater Accra,Okaikoi South,23/07/2025,Agbogbloshie,Tomato local,31.27,Retail
Greater Accra,Okaikoi South,23/07/2025,Agbogbloshie,Garden egg,51.33,Retail
Greater Accra,Okaikoi South,23/07/2025,Agbogbloshie,Okro fresh,49.44,Retail
Greater Accra,Okaikoi South,23/07/2025,Agbogbloshie,Ginger,41.11,Retail
Greater Accra,Okaikoi South,23/07/2025,Agbogbloshie,Fresh pepper,22.22,Retail
Greater Accra,Okaikoi South,23/07/2025,Agbogbloshie,Egg commercial,63.33,Retail
Greater Accra,Okaikoi South,23/07/2025,Agbogbloshie,Nkontomire,50.00,Retail
Greater Accra,Okaikoi South,23/07/2025,Agbogbloshie,Ademe ayoyo jute mallow,50.00,Retail
Greater Accra,Okaikoi South,23/07/2025,Agbogbloshie,Cabbage,55.56,Retail
Greater Accra,Okaikoi South,23/07/2025,Agbogbloshie,Lettuce,50.00,Retail
Greater Accra,Okaikoi South,23/07/2025,Agbogbloshie,Carrot,45.83,Retail
Greater Accra,Okaikoi South,23/07/2025,Agbogbloshie,Sorghum,10.71,Retail
Greater Accra,Okaikoi South,23/07/2025,Agbogbloshie,Yam puna,13.55,Retail
Greater Accra,Okaikoi South,23/07/2025,Agbogbloshie,Tomato navrongo,56.25,Retail
Greater Accra,Okaikoi South,23/07/2025,Agbogbloshie,Alefu amaranthus,50.00,Retail
Greater Accra,Okaikoi South,03/07/2025,Tuesday,White maize,18.96,Retail
Greater Accra,Okaikoi South,03/07/2025,Tuesday,Maize yellow,11.54,Retail
Greater Accra,Okaikoi South,03/07/2025,Tuesday,Millet,19.20,Retail
Greater Accra,Okaikoi South,03/07/2025,Tuesday,Rice local perfumed,20.00,Retail
Greater Accra,Okaikoi South,03/07/2025,Tuesday,Rice local non perfumed,16.00,Retail
Greater Accra,Okaikoi South,03/07/2025,Tuesday,Rice imported perfumed,20.00,Retail
Greater Accra,Okaikoi South,03/07/2025,Tuesday,Rice imported non perfumed,16.00,Retail
Greater Accra,Okaikoi South,03/07/2025,Tuesday,Yam white,12.90,Retail
Greater Accra,Okaikoi South,03/07/2025,Tuesday,Cassava,8.51,Retail
Greater Accra,Okaikoi South,03/07/2025,Tuesday,Gari,13.04,Retail
Greater Accra,Okaikoi South,03/07/2025,Tuesday,Plantain apentu,28.57,Retail
Greater Accra,Okaikoi South,03/07/2025,Tuesday,Orange,12.50,Retail
Greater Accra,Okaikoi South,03/07/2025,Tuesday,Watermelon,8.57,Retail
Greater Accra,Okaikoi South,03/07/2025,Tuesday,Pineapple,10.71,Retail
Greater Accra,Okaikoi South,03/07/2025,Tuesday,Garden egg,21.56,Retail
Greater Accra,Okaikoi South,03/07/2025,Tuesday,Okro fresh,4.55,Retail
Greater Accra,Okaikoi South,03/07/2025,Tuesday,Onion,46.88,Retail
Greater Accra,Okaikoi South,03/07/2025,Tuesday,Ginger,56.86,Retail
Greater Accra,Okaikoi South,03/07/2025,Tuesday,Fresh pepper,50.00,Retail
Greater Accra,Okaikoi South,03/07/2025,Tuesday,Fresh pepper bonnet,25.00,Retail
Greater Accra,Okaikoi South,03/07/2025,Tuesday,Melon seeds agushi powder,13.33,Retail
Greater Accra,Okaikoi South,03/07/2025,Tuesday,Palm oil,19.00,Retail
Greater Accra,Okaikoi South,03/07/2025,Tuesday,Egg commercial,60.00,Retail
Greater Accra,Okaikoi South,03/07/2025,Tuesday,Nkontomire,20.00,Retail
Greater Accra,Okaikoi South,03/07/2025,Tuesday,Ademe ayoyo jute mallow,11.11,Retail
Greater Accra,Okaikoi South,03/07/2025,Tuesday,Cabbage,15.00,Retail
Greater Accra,Okaikoi South,03/07/2025,Tuesday,Lettuce,50.00,Retail
Greater Accra,Okaikoi South,03/07/2025,Tuesday,Carrot,19.45,Retail
Greater Accra,Okaikoi South,03/07/2025,Tuesday,Plantain riped,33.33,Retail
Greater Accra,Okaikoi South,03/07/2025,Tuesday,Sorghum,7.47,Retail
Greater Accra,Okaikoi South,03/07/2025,Tuesday,Yam puna,12.00,Retail
Greater Accra,Okaikoi South,03/07/2025,Tuesday,Tomato navrongo,51.72,Retail
Greater Accra,Okaikoi South,03/07/2025,Tuesday,Alefu amaranthus,22.55,Retail
Central,Mfantsiman Municipal,23/07/2025,Mankessim,White maize,8.73,Retail
Central,Mfantsiman Municipal,23/07/2025,Mankessim,Maize yellow,10.25,Retail
Central,Mfantsiman Municipal,23/07/2025,Mankessim,Millet,20.78,Retail
Central,Mfantsiman Municipal,23/07/2025,Mankessim,Rice local perfumed,21.44,Retail
Central,Mfantsiman Municipal,23/07/2025,Mankessim,Rice local non perfumed,16.54,Retail
Central,Mfantsiman Municipal,23/07/2025,Mankessim,Rice imported perfumed,22.06,Retail
Central,Mfantsiman Municipal,23/07/2025,Mankessim,Rice imported non perfumed,12.58,Retail
Central,Mfantsiman Municipal,23/07/2025,Mankessim,Yam white,16.06,Retail
Central,Mfantsiman Municipal,23/07/2025,Mankessim,Cocoyam,30.48,Retail
Central,Mfantsiman Municipal,23/07/2025,Mankessim,Cassava,12.73,Retail
Central,Mfantsiman Municipal,23/07/2025,Mankessim,Gari,15.12,Retail
Central,Mfantsiman Municipal,23/07/2025,Mankessim,Dried cassava powder kokonte,12.69,Retail
Central,Mfantsiman Municipal,23/07/2025,Mankessim,Plantain apentu,25.59,Retail
Central,Mfantsiman Municipal,23/07/2025,Mankessim,Plantain apem,57.54,Retail
Central,Mfantsiman Municipal,23/07/2025,Mankessim,Banana exotic,21.26,Retail
Central,Mfantsiman Municipal,23/07/2025,Mankessim,Banana local,21.48,Retail
Central,Mfantsiman Municipal,23/07/2025,Mankessim,Orange,8.97,Retail
Central,Mfantsiman Municipal,23/07/2025,Mankessim,Watermelon,4.70,Retail
Central,Mfantsiman Municipal,23/07/2025,Mankessim,Pineapple,11.74,Retail
Central,Mfantsiman Municipal,23/07/2025,Mankessim,Mango exotic,13.36,Retail
Central,Mfantsiman Municipal,23/07/2025,Mankessim,Tomato local,24.71,Retail
Central,Mfantsiman Municipal,23/07/2025,Mankessim,Garden egg,20.00,Retail
Central,Mfantsiman Municipal,23/07/2025,Mankessim,Okro fresh,21.83,Retail
Central,Mfantsiman Municipal,23/07/2025,Mankessim,Onion,21.51,Retail
Central,Mfantsiman Municipal,23/07/2025,Mankessim,Ginger,204.76,Retail
Central,Mfantsiman Municipal,23/07/2025,Mankessim,Dried pepper,107.79,Retail
Central,Mfantsiman Municipal,23/07/2025,Mankessim,Fresh pepper,59.87,Retail
Central,Mfantsiman Municipal,23/07/2025,Mankessim,Fresh pepper bonnet,31.75,Retail
Central,Mfantsiman Municipal,23/07/2025,Mankessim,Palm fruit,9.09,Retail
Central,Mfantsiman Municipal,23/07/2025,Mankessim,Tiger nut,60.83,Retail
Central,Mfantsiman Municipal,23/07/2025,Mankessim,Groundnut red,22.57,Retail
Central,Mfantsiman Municipal,23/07/2025,Mankessim,Cowpea white,18.63,Retail
Central,Mfantsiman Municipal,23/07/2025,Mankessim,Soya bean,18.90,Retail
Central,Mfantsiman Municipal,23/07/2025,Mankessim,Melon seeds agushi,58.70,Retail
Central,Mfantsiman Municipal,23/07/2025,Mankessim,Melon seeds agushi powder,46.06,Retail
Central,Mfantsiman Municipal,23/07/2025,Mankessim,Melon seeds neri,22.92,Retail
Central,Mfantsiman Municipal,23/07/2025,Mankessim,Melon seeds neri powder,19.80,Retail
Central,Mfantsiman Municipal,23/07/2025,Mankessim,Palm oil,20.00,Retail
Central,Mfantsiman Municipal,23/07/2025,Mankessim,Coconut oil,50.00,Retail
Central,Mfantsiman Municipal,23/07/2025,Mankessim,Beef,50.00,Retail
Central,Mfantsiman Municipal,23/07/2025,Mankessim,Smoked herring,61.95,Retail
Central,Mfantsiman Municipal,23/07/2025,Mankessim,Salted dried tilapia koobi,121.56,Retail
Central,Mfantsiman Municipal,23/07/2025,Mankessim,Anchovy,160.11,Retail
Central,Mfantsiman Municipal,23/07/2025,Mankessim,Kako,98.58,Retail
Central,Mfantsiman Municipal,23/07/2025,Mankessim,Egg commercial,67.50,Retail
Central,Mfantsiman Municipal,23/07/2025,Mankessim,Chicken,43.00,Retail
Central,Mfantsiman Municipal,23/07/2025,Mankessim,Nkontomire,19.79,Retail
Central,Mfantsiman Municipal,23/07/2025,Mankessim,Ademe ayoyo jute mallow,14.18,Retail
Central,Mfantsiman Municipal,23/07/2025,Mankessim,Cabbage,18.69,Retail
Central,Mfantsiman Municipal,23/07/2025,Mankessim,Lettuce,37.01,Retail
Central,Mfantsiman Municipal,23/07/2025,Mankessim,Carrot,41.67,Retail
Central,Mfantsiman Municipal,23/07/2025,Mankessim,Pawpaw,10.50,Retail
Central,Mfantsiman Municipal,23/07/2025,Mankessim,Avocado pear,19.62,Retail
Central,Mfantsiman Municipal,23/07/2025,Mankessim,Bambara bean,28.85,Retail
Central,Mfantsiman Municipal,23/07/2025,Mankessim,Mutton sheep meat,60.00,Retail
Central,Mfantsiman Municipal,23/07/2025,Mankessim,Chevon goat meat,60.00,Retail
Central,Mfantsiman Municipal,23/07/2025,Mankessim,Snail,58.80,Retail
Central,Mfantsiman Municipal,23/07/2025,Mankessim,Sweet potato general white pinkish,22.74,Retail
Central,Mfantsiman Municipal,23/07/2025,Mankessim,Cassava dough,7.91,Retail
Central,Mfantsiman Municipal,23/07/2025,Mankessim,Fresh red fish,40.00,Retail
Central,Mfantsiman Municipal,23/07/2025,Mankessim,Fresh salmon mackerel fish,38.33,Retail
Central,Mfantsiman Municipal,23/07/2025,Mankessim,Fresh kpanla fish,35.00,Retail
Central,Mfantsiman Municipal,23/07/2025,Mankessim,Plantain riped,42.82,Retail
Greater Accra,Tema East,22/07/2025,Tema Community One,White maize,12.00,Retail
Greater Accra,Tema East,22/07/2025,Tema Community One,Maize yellow,13.72,Retail
Greater Accra,Tema East,22/07/2025,Tema Community One,Millet,22.50,Retail
Greater Accra,Tema East,22/07/2025,Tema Community One,Rice local perfumed,24.00,Retail
Greater Accra,Tema East,22/07/2025,Tema Community One,Rice imported perfumed,24.67,Retail
Greater Accra,Tema East,22/07/2025,Tema Community One,Yam white,37.04,Retail
Greater Accra,Tema East,22/07/2025,Tema Community One,Cocoyam,34.19,Retail
Greater Accra,Tema East,22/07/2025,Tema Community One,Gari,30.00,Retail
Greater Accra,Tema East,22/07/2025,Tema Community One,Dried cassava powder kokonte,30.00,Retail
Greater Accra,Tema East,22/07/2025,Tema Community One,Plantain apentu,65.48,Retail
Greater Accra,Tema East,22/07/2025,Tema Community One,Plantain apem,136.91,Retail
Greater Accra,Tema East,22/07/2025,Tema Community One,Banana exotic,26.67,Retail
Greater Accra,Tema East,22/07/2025,Tema Community One,Banana local,35.55,Retail
Greater Accra,Tema East,22/07/2025,Tema Community One,Orange,20.56,Retail
Greater Accra,Tema East,22/07/2025,Tema Community One,Watermelon,14.97,Retail
Greater Accra,Tema East,22/07/2025,Tema Community One,Pineapple,20.00,Retail
Greater Accra,Tema East,22/07/2025,Tema Community One,Mango exotic,20.83,Retail
Greater Accra,Tema East,22/07/2025,Tema Community One,Tomato local,24.44,Retail
Greater Accra,Tema East,22/07/2025,Tema Community One,Garden egg,41.67,Retail
Greater Accra,Tema East,22/07/2025,Tema Community One,Okro fresh,38.89,Retail
Greater Accra,Tema East,22/07/2025,Tema Community One,Onion,54.29,Retail
Greater Accra,Tema East,22/07/2025,Tema Community One,Ginger,83.33,Retail
Greater Accra,Tema East,22/07/2025,Tema Community One,Dried pepper,88.89,Retail
Greater Accra,Tema East,22/07/2025,Tema Community One,Fresh pepper,44.44,Retail
Greater Accra,Tema East,22/07/2025,Tema Community One,Fresh pepper bonnet,47.78,Retail
Greater Accra,Tema East,22/07/2025,Tema Community One,Palm fruit,16.00,Retail
Greater Accra,Tema East,22/07/2025,Tema Community One,Groundnut red,37.33,Retail
Greater Accra,Tema East,22/07/2025,Tema Community One,Cowpea white,25.00,Retail
Greater Accra,Tema East,22/07/2025,Tema Community One,Soya bean,20.00,Retail
Greater Accra,Tema East,22/07/2025,Tema Community One,Melon seeds agushi,210.00,Retail
Greater Accra,Tema East,22/07/2025,Tema Community One,Melon seeds agushi powder,366.67,Retail
Greater Accra,Tema East,22/07/2025,Tema Community One,Palm oil,31.11,Retail
Greater Accra,Tema East,22/07/2025,Tema Community One,Beef,50.00,Retail
Greater Accra,Tema East,22/07/2025,Tema Community One,Smoked herring,100.00,Retail
Greater Accra,Tema East,22/07/2025,Tema Community One,Egg commercial,78.33,Retail
Greater Accra,Tema East,22/07/2025,Tema Community One,Chicken,55.00,Retail
Greater Accra,Tema East,22/07/2025,Tema Community One,Nkontomire,30.55,Retail
Greater Accra,Tema East,22/07/2025,Tema Community One,Ademe ayoyo jute mallow,25.00,Retail
Greater Accra,Tema East,22/07/2025,Tema Community One,Cabbage,36.11,Retail
Greater Accra,Tema East,22/07/2025,Tema Community One,Lettuce,50.00,Retail
Greater Accra,Tema East,22/07/2025,Tema Community One,Carrot,53.33,Retail
Greater Accra,Tema East,22/07/2025,Tema Community One,Pawpaw,23.33,Retail
Greater Accra,Tema East,22/07/2025,Tema Community One,Avocado pear,33.33,Retail
Greater Accra,Tema East,22/07/2025,Tema Community One,Bambara bean,24.17,Retail
Greater Accra,Tema East,22/07/2025,Tema Community One,Chevon goat meat,50.00,Retail
Greater Accra,Tema East,22/07/2025,Tema Community One,Sweet potato general white pinkish,33.49,Retail
Greater Accra,Tema East,22/07/2025,Tema Community One,Fresh red fish,69.33,Retail
Greater Accra,Tema East,22/07/2025,Tema Community One,Fresh salmon mackerel fish,41.33,Retail
Greater Accra,Tema East,22/07/2025,Tema Community One,Fresh kpanla fish,39.33,Retail
Greater Accra,Tema East,22/07/2025,Tema Community One,Plantain riped,58.33,Retail
Greater Accra,Tema East,22/07/2025,Tema Community One,Sorghum,22.50,Retail
Greater Accra,Tema East,22/07/2025,Tema Community One,Yam puna,49.67,Retail
Greater Accra,Tema East,22/07/2025,Tema Community One,Tomato navrongo,28.89,Retail
Greater Accra,Tema East,22/07/2025,Tema Community One,Alefu amaranthus,25.00,Retail
Western North,Bibiani Anhwiaso Bekwai Municipal,24/07/2025,Bibiani,White maize,12.22,Retail
Western North,Bibiani Anhwiaso Bekwai Municipal,24/07/2025,Bibiani,Maize yellow,13.18,Retail
Western North,Bibiani Anhwiaso Bekwai Municipal,24/07/2025,Bibiani,Millet,16.88,Retail
Western North,Bibiani Anhwiaso Bekwai Municipal,24/07/2025,Bibiani,Rice local perfumed,21.17,Retail
Western North,Bibiani Anhwiaso Bekwai Municipal,24/07/2025,Bibiani,Rice local non perfumed,18.50,Retail
Western North,Bibiani Anhwiaso Bekwai Municipal,24/07/2025,Bibiani,Rice imported perfumed,17.65,Retail
Western North,Bibiani Anhwiaso Bekwai Municipal,24/07/2025,Bibiani,Rice imported non perfumed,15.25,Retail
Western North,Bibiani Anhwiaso Bekwai Municipal,24/07/2025,Bibiani,Yam white,14.11,Retail
Western North,Bibiani Anhwiaso Bekwai Municipal,24/07/2025,Bibiani,Cocoyam,25.74,Retail
Western North,Bibiani Anhwiaso Bekwai Municipal,24/07/2025,Bibiani,Cassava,3.70,Retail
Western North,Bibiani Anhwiaso Bekwai Municipal,24/07/2025,Bibiani,Gari,25.28,Retail
Western North,Bibiani Anhwiaso Bekwai Municipal,24/07/2025,Bibiani,Dried cassava powder kokonte,18.89,Retail
Western North,Bibiani Anhwiaso Bekwai Municipal,24/07/2025,Bibiani,Plantain apentu,18.26,Retail
Western North,Bibiani Anhwiaso Bekwai Municipal,24/07/2025,Bibiani,Plantain apem,18.47,Retail
Western North,Bibiani Anhwiaso Bekwai Municipal,24/07/2025,Bibiani,Watermelon,9.69,Retail
Western North,Bibiani Anhwiaso Bekwai Municipal,24/07/2025,Bibiani,Pineapple,10.06,Retail
Western North,Bibiani Anhwiaso Bekwai Municipal,24/07/2025,Bibiani,Tomato local,17.76,Retail
Western North,Bibiani Anhwiaso Bekwai Municipal,24/07/2025,Bibiani,Garden egg,17.33,Retail
Western North,Bibiani Anhwiaso Bekwai Municipal,24/07/2025,Bibiani,Okro fresh,12.67,Retail
Western North,Bibiani Anhwiaso Bekwai Municipal,24/07/2025,Bibiani,Onion,30.64,Retail
Western North,Bibiani Anhwiaso Bekwai Municipal,24/07/2025,Bibiani,Ginger,44.40,Retail
Western North,Bibiani Anhwiaso Bekwai Municipal,24/07/2025,Bibiani,Dried pepper,26.94,Retail
Western North,Bibiani Anhwiaso Bekwai Municipal,24/07/2025,Bibiani,Fresh pepper bonnet,30.36,Retail
Western North,Bibiani Anhwiaso Bekwai Municipal,24/07/2025,Bibiani,Palm fruit,9.53,Retail
Western North,Bibiani Anhwiaso Bekwai Municipal,24/07/2025,Bibiani,Groundnut red,14.53,Retail
Western North,Bibiani Anhwiaso Bekwai Municipal,24/07/2025,Bibiani,Soya bean,15.00,Retail
Western North,Bibiani Anhwiaso Bekwai Municipal,24/07/2025,Bibiani,Melon seeds neri,30.00,Retail
Western North,Bibiani Anhwiaso Bekwai Municipal,24/07/2025,Bibiani,Melon seeds neri powder,30.83,Retail
Western North,Bibiani Anhwiaso Bekwai Municipal,24/07/2025,Bibiani,Palm oil,34.67,Retail
Western North,Bibiani Anhwiaso Bekwai Municipal,24/07/2025,Bibiani,Egg commercial,62.00,Retail
Western North,Bibiani Anhwiaso Bekwai Municipal,24/07/2025,Bibiani,Nkontomire,13.89,Retail
Western North,Bibiani Anhwiaso Bekwai Municipal,24/07/2025,Bibiani,Cabbage,17.26,Retail
Western North,Bibiani Anhwiaso Bekwai Municipal,24/07/2025,Bibiani,Carrot,20.74,Retail
Western North,Bibiani Anhwiaso Bekwai Municipal,24/07/2025,Bibiani,Pawpaw,10.83,Retail
Western North,Bibiani Anhwiaso Bekwai Municipal,24/07/2025,Bibiani,Mutton sheep meat,100.00,Retail
Western North,Bibiani Anhwiaso Bekwai Municipal,24/07/2025,Bibiani,Chevon goat meat,120.00,Retail
Western North,Bibiani Anhwiaso Bekwai Municipal,24/07/2025,Bibiani,Yam puna,13.78,Retail
Western North,Bibiani Anhwiaso Bekwai Municipal,24/07/2025,Bibiani,Coconut fresh,11.22,Retail
Western North,Bibiani Anhwiaso Bekwai Municipal,24/07/2025,Bibiani,Okro dried,143.06,Retail
Western North,Bibiani Anhwiaso Bekwai Municipal,24/07/2025,Bibiani,Unshelled groundnut,6.92,Retail
Upper West,Wa Municipal,26/07/2025,Wa,White maize,7.97,Retail
Upper West,Wa Municipal,26/07/2025,Wa,Maize yellow,7.87,Retail
Upper West,Wa Municipal,26/07/2025,Wa,Millet,11.44,Retail
Upper West,Wa Municipal,26/07/2025,Wa,Rice local perfumed,12.07,Retail
Upper West,Wa Municipal,26/07/2025,Wa,Rice local non perfumed,10.34,Retail
Upper West,Wa Municipal,26/07/2025,Wa,Rice imported perfumed,16.09,Retail
Upper West,Wa Municipal,26/07/2025,Wa,Rice imported non perfumed,13.79,Retail
Upper West,Wa Municipal,26/07/2025,Wa,Yam white,19.20,Retail
Upper West,Wa Municipal,26/07/2025,Wa,Gari,12.50,Retail
Upper West,Wa Municipal,26/07/2025,Wa,Dried cassava powder kokonte,25.64,Retail
Upper West,Wa Municipal,26/07/2025,Wa,Tomato local,31.75,Retail
Upper West,Wa Municipal,26/07/2025,Wa,Garden egg,13.54,Retail
Upper West,Wa Municipal,26/07/2025,Wa,Okro fresh,15.28,Retail
Upper West,Wa Municipal,26/07/2025,Wa,Onion,51.09,Retail
Upper West,Wa Municipal,26/07/2025,Wa,Ginger,32.64,Retail
Upper West,Wa Municipal,26/07/2025,Wa,Dried pepper,103.03,Retail
Upper West,Wa Municipal,26/07/2025,Wa,Fresh pepper,47.86,Retail
Upper West,Wa Municipal,26/07/2025,Wa,Tiger nut,50.00,Retail
Upper West,Wa Municipal,26/07/2025,Wa,Groundnut red,16.50,Retail
Upper West,Wa Municipal,26/07/2025,Wa,Cowpea white,15.56,Retail
Upper West,Wa Municipal,26/07/2025,Wa,Soya bean,8.00,Retail
Upper West,Wa Municipal,26/07/2025,Wa,Melon seeds agushi,22.22,Retail
Upper West,Wa Municipal,26/07/2025,Wa,Melon seeds agushi powder,25.78,Retail
Upper West,Wa Municipal,26/07/2025,Wa,Melon seeds neri,40.00,Retail
Upper West,Wa Municipal,26/07/2025,Wa,Melon seeds neri powder,28.13,Retail
Upper West,Wa Municipal,26/07/2025,Wa,Palm oil,50.00,Retail
Upper West,Wa Municipal,26/07/2025,Wa,Beef,80.00,Retail
Upper West,Wa Municipal,26/07/2025,Wa,Smoked herring,63.06,Retail
Upper West,Wa Municipal,26/07/2025,Wa,Salted dried tilapia koobi,90.56,Retail
Upper West,Wa Municipal,26/07/2025,Wa,Anchovy,182.54,Retail
Upper West,Wa Municipal,26/07/2025,Wa,Egg commercial,75.00,Retail
Upper West,Wa Municipal,26/07/2025,Wa,Chicken,60.83,Retail
Upper West,Wa Municipal,26/07/2025,Wa,Nkontomire,18.89,Retail
Upper West,Wa Municipal,26/07/2025,Wa,Ademe ayoyo jute mallow,16.11,Retail
Upper West,Wa Municipal,26/07/2025,Wa,Cabbage,22.22,Retail
Upper West,Wa Municipal,26/07/2025,Wa,Lettuce,25.48,Retail
Upper West,Wa Municipal,26/07/2025,Wa,Carrot,21.30,Retail
Upper West,Wa Municipal,26/07/2025,Wa,Bambara bean,20.31,Retail
Upper West,Wa Municipal,26/07/2025,Wa,Sorghum,9.87,Retail
Upper West,Wa Municipal,26/07/2025,Wa,Yam puna,32.59,Retail
Upper West,Wa Municipal,26/07/2025,Wa,Tomato navrongo,41.92,Retail
Upper West,Wa Municipal,26/07/2025,Wa,Alefu amaranthus,19.59,Retail
Upper West,Wa Municipal,26/07/2025,Wa,Okro dried,64.29,Retail
Upper West,Wa Municipal,26/07/2025,Wa,Dried cassava chips kokonte,14.28,Retail
Upper West,Wa Municipal,26/07/2025,Wa,Groundnut Oil,38.68,Retail
Upper East,Bolgatangatanga Municipal,27/07/2025,Bolgatanga ,White maize,5.29,Retail
Upper East,Bolgatangatanga Municipal,27/07/2025,Bolgatanga ,Maize yellow,5.29,Retail
Upper East,Bolgatangatanga Municipal,27/07/2025,Bolgatanga ,Millet,10.34,Retail
Upper East,Bolgatangatanga Municipal,27/07/2025,Bolgatanga ,Rice local perfumed,12.08,Retail
Upper East,Bolgatangatanga Municipal,27/07/2025,Bolgatanga ,Rice local non perfumed,9.89,Retail
Upper East,Bolgatangatanga Municipal,27/07/2025,Bolgatanga ,Rice imported perfumed,15.68,Retail
Upper East,Bolgatangatanga Municipal,27/07/2025,Bolgatanga ,Rice imported non perfumed,12.38,Retail
Upper East,Bolgatangatanga Municipal,27/07/2025,Bolgatanga ,Yam white,5.18,Retail
Upper East,Bolgatangatanga Municipal,27/07/2025,Bolgatanga ,Gari,10.89,Retail
Upper East,Bolgatangatanga Municipal,27/07/2025,Bolgatanga ,Dried cassava powder kokonte,9.26,Retail
Upper East,Bolgatangatanga Municipal,27/07/2025,Bolgatanga ,Plantain apentu,6.64,Retail
Upper East,Bolgatangatanga Municipal,27/07/2025,Bolgatanga ,Plantain apem,8.52,Retail
Upper East,Bolgatangatanga Municipal,27/07/2025,Bolgatanga ,Banana exotic,6.13,Retail
Upper East,Bolgatangatanga Municipal,27/07/2025,Bolgatanga ,Banana local,6.39,Retail
Upper East,Bolgatangatanga Municipal,27/07/2025,Bolgatanga ,Watermelon,1.82,Retail
Upper East,Bolgatangatanga Municipal,27/07/2025,Bolgatanga ,Okro fresh,5.00,Retail
Upper East,Bolgatangatanga Municipal,27/07/2025,Bolgatanga ,Palm fruit,16.45,Retail
Upper East,Bolgatangatanga Municipal,27/07/2025,Bolgatanga ,Groundnut red,17.29,Retail
Upper East,Bolgatangatanga Municipal,27/07/2025,Bolgatanga ,Cowpea white,11.82,Retail
Upper East,Bolgatangatanga Municipal,27/07/2025,Bolgatanga ,Soya bean,8.62,Retail
Upper East,Bolgatangatanga Municipal,27/07/2025,Bolgatanga ,Beef,76.67,Retail
Upper East,Bolgatangatanga Municipal,27/07/2025,Bolgatanga ,Anchovy,58.82,Retail
Upper East,Bolgatangatanga Municipal,27/07/2025,Bolgatanga ,Egg commercial,65.00,Retail
Upper East,Bolgatangatanga Municipal,27/07/2025,Bolgatanga ,Chicken,27.00,Retail
Upper East,Bolgatangatanga Municipal,27/07/2025,Bolgatanga ,Ademe ayoyo jute mallow,5.00,Retail
Upper East,Bolgatangatanga Municipal,27/07/2025,Bolgatanga ,Bambara bean,12.49,Retail
Upper East,Bolgatangatanga Municipal,27/07/2025,Bolgatanga ,Chevon goat meat,90.00,Retail
Upper East,Bolgatangatanga Municipal,27/07/2025,Bolgatanga ,Sorghum,8.62,Retail
Upper East,Bolgatangatanga Municipal,27/07/2025,Bolgatanga ,Yam puna,5.19,Retail
Upper East,Bolgatangatanga Municipal,27/07/2025,Bolgatanga ,Tomato navrongo,6.53,Retail
Upper East,Bolgatangatanga Municipal,27/07/2025,Bolgatanga ,Alefu amaranthus,4.00,Retail
Upper East,Bolgatangatanga Municipal,27/07/2025,Bolgatanga ,Groundnut Oil,22.89,Retail
Bono,Sunyani Municipal,23/07/2025,Nana Bosomah,White maize,6.77,Retail
Bono,Sunyani Municipal,23/07/2025,Nana Bosomah,Maize yellow,6.77,Retail
Bono,Sunyani Municipal,23/07/2025,Nana Bosomah,Millet,12.00,Retail
Bono,Sunyani Municipal,23/07/2025,Nana Bosomah,Rice local perfumed,14.81,Retail
Bono,Sunyani Municipal,23/07/2025,Nana Bosomah,Rice local non perfumed,14.07,Retail
Bono,Sunyani Municipal,23/07/2025,Nana Bosomah,Rice imported perfumed,28.00,Retail
Bono,Sunyani Municipal,23/07/2025,Nana Bosomah,Rice imported non perfumed,13.33,Retail
Bono,Sunyani Municipal,23/07/2025,Nana Bosomah,Yam white,10.65,Retail
Bono,Sunyani Municipal,23/07/2025,Nana Bosomah,Cocoyam,20.14,Retail
Bono,Sunyani Municipal,23/07/2025,Nana Bosomah,Cassava,2.81,Retail
Bono,Sunyani Municipal,23/07/2025,Nana Bosomah,Gari,12.50,Retail
Bono,Sunyani Municipal,23/07/2025,Nana Bosomah,Dried cassava powder kokonte,20.00,Retail
Bono,Sunyani Municipal,23/07/2025,Nana Bosomah,Plantain apentu,38.67,Retail
Bono,Sunyani Municipal,23/07/2025,Nana Bosomah,Plantain apem,40.00,Retail
Bono,Sunyani Municipal,23/07/2025,Nana Bosomah,Banana exotic,40.00,Retail
Bono,Sunyani Municipal,23/07/2025,Nana Bosomah,Banana local,50.00,Retail
Bono,Sunyani Municipal,23/07/2025,Nana Bosomah,Sorghum,11.20,Retail
Bono,Sunyani Municipal,23/07/2025,Nana Bosomah,Yam puna,12.00,Retail
Bono,Sunyani Municipal,23/07/2025,Nana Bosomah,Dried cassava chips kokonte,6.97,Retail
Bono,Sunyani Municipal,26/07/2025,Nana Bosomah,Orange,9.44,Retail
Bono,Sunyani Municipal,26/07/2025,Nana Bosomah,Watermelon,3.92,Retail
Bono,Sunyani Municipal,26/07/2025,Nana Bosomah,Pineapple,6.34,Retail
Bono,Sunyani Municipal,26/07/2025,Nana Bosomah,Mango exotic,6.19,Retail
Bono,Sunyani Municipal,26/07/2025,Nana Bosomah,Tomato local,8.70,Retail
Bono,Sunyani Municipal,26/07/2025,Nana Bosomah,Garden egg,5.57,Retail
Bono,Sunyani Municipal,26/07/2025,Nana Bosomah,Okro fresh,5.00,Retail
Bono,Sunyani Municipal,26/07/2025,Nana Bosomah,Tomato navrongo,10.42,Retail
Bono,Sunyani Municipal,26/07/2025,Nana Bosomah,Coconut fresh,2.66,Retail
Ahafo,Asunafo North Municipal,25/07/2025,Goaso,White maize,8.39,Retail
Ahafo,Asunafo North Municipal,25/07/2025,Goaso,Maize yellow,8.83,Retail
Ahafo,Asunafo North Municipal,25/07/2025,Goaso,Millet,16.33,Retail
Ahafo,Asunafo North Municipal,25/07/2025,Goaso,Cocoyam,14.02,Retail
Ahafo,Asunafo North Municipal,25/07/2025,Goaso,Cassava,5.09,Retail
Ahafo,Asunafo North Municipal,25/07/2025,Goaso,Gari,11.67,Retail
Ahafo,Asunafo North Municipal,25/07/2025,Goaso,Plantain apentu,11.38,Retail
Ahafo,Asunafo North Municipal,25/07/2025,Goaso,Plantain apem,10.96,Retail
Ahafo,Asunafo North Municipal,25/07/2025,Goaso,Tomato local,6.32,Retail
Ahafo,Asunafo North Municipal,25/07/2025,Goaso,Garden egg,12.22,Retail
Ahafo,Asunafo North Municipal,25/07/2025,Goaso,Okro fresh,11.20,Retail
Ahafo,Asunafo North Municipal,25/07/2025,Goaso,Ginger,22.22,Retail
Ahafo,Asunafo North Municipal,25/07/2025,Goaso,Fresh pepper bonnet,19.45,Retail
Ahafo,Asunafo North Municipal,25/07/2025,Goaso,Palm fruit,5.05,Retail
Ahafo,Asunafo North Municipal,25/07/2025,Goaso,Groundnut red,23.33,Retail
Ahafo,Asunafo North Municipal,25/07/2025,Goaso,Cowpea white,16.00,Retail
Ahafo,Asunafo North Municipal,25/07/2025,Goaso,Melon seeds agushi powder,27.78,Retail
Ahafo,Asunafo North Municipal,25/07/2025,Goaso,Melon seeds neri powder,55.56,Retail
Ahafo,Asunafo North Municipal,25/07/2025,Goaso,Palm oil,20.00,Retail
Ahafo,Asunafo North Municipal,25/07/2025,Goaso,Egg commercial,60.00,Retail
Ahafo,Asunafo North Municipal,25/07/2025,Goaso,Nkontomire,8.21,Retail
Ahafo,Asunafo North Municipal,25/07/2025,Goaso,Cabbage,7.76,Retail
Ahafo,Asunafo North Municipal,25/07/2025,Goaso,Carrot,20.56,Retail
Ahafo,Asunafo North Municipal,25/07/2025,Goaso,Cassava dough,8.89,Retail
Ahafo,Asunafo North Municipal,25/07/2025,Goaso,Sorghum,13.00,Retail
Ahafo,Asunafo North Municipal,25/07/2025,Goaso,Yam puna,8.16,Retail
Ahafo,Asunafo North Municipal,25/07/2025,Goaso,Alefu amaranthus,8.61,Retail
Ahafo,Asunafo North Municipal,25/07/2025,Goaso,Coconut fresh,3.41,Retail
Bono East,Kintampo North Municipal,27/07/2025,Kintampo,White maize,7.60,Retail
Bono East,Kintampo North Municipal,27/07/2025,Kintampo,Maize yellow,7.55,Retail
Bono East,Kintampo North Municipal,27/07/2025,Kintampo,Millet,11.92,Retail
Bono East,Kintampo North Municipal,27/07/2025,Kintampo,Rice local perfumed,15.03,Retail
Bono East,Kintampo North Municipal,27/07/2025,Kintampo,Rice local non perfumed,10.18,Retail
Bono East,Kintampo North Municipal,27/07/2025,Kintampo,Yam white,15.88,Retail
Bono East,Kintampo North Municipal,27/07/2025,Kintampo,Cassava,2.41,Retail
Bono East,Kintampo North Municipal,27/07/2025,Kintampo,Gari,10.58,Retail
Bono East,Kintampo North Municipal,27/07/2025,Kintampo,Tomato local,11.96,Retail
Bono East,Kintampo North Municipal,27/07/2025,Kintampo,Garden egg,10.55,Retail
Bono East,Kintampo North Municipal,27/07/2025,Kintampo,Okro fresh,12.04,Retail
Bono East,Kintampo North Municipal,27/07/2025,Kintampo,Onion,15.02,Retail
Bono East,Kintampo North Municipal,27/07/2025,Kintampo,Fresh pepper bonnet,16.49,Retail
Bono East,Kintampo North Municipal,27/07/2025,Kintampo,Groundnut red,16.28,Retail
Bono East,Kintampo North Municipal,27/07/2025,Kintampo,Cowpea white,13.55,Retail
Bono East,Kintampo North Municipal,27/07/2025,Kintampo,Soya bean,12.41,Retail
Bono East,Kintampo North Municipal,27/07/2025,Kintampo,Sorghum,9.75,Retail
Bono East,Kintampo North Municipal,27/07/2025,Kintampo,Dried cassava chips kokonte,7.20,Retail
Bono East,Techiman Municipal,18/07/2025,Techiman,White maize,7.32,Retail
Bono East,Techiman Municipal,18/07/2025,Techiman,Maize yellow,7.96,Retail
Bono East,Techiman Municipal,18/07/2025,Techiman,Millet,11.85,Retail
Bono East,Techiman Municipal,18/07/2025,Techiman,Rice local perfumed,11.35,Retail
Bono East,Techiman Municipal,18/07/2025,Techiman,Rice local non perfumed,10.83,Retail
Bono East,Techiman Municipal,18/07/2025,Techiman,Rice imported perfumed,20.67,Retail
Bono East,Techiman Municipal,18/07/2025,Techiman,Rice imported non perfumed,14.16,Retail
Bono East,Techiman Municipal,18/07/2025,Techiman,Yam white,17.67,Retail
Bono East,Techiman Municipal,18/07/2025,Techiman,Cocoyam,32.78,Retail
Bono East,Techiman Municipal,18/07/2025,Techiman,Cassava,2.86,Retail
Bono East,Techiman Municipal,18/07/2025,Techiman,Gari,12.30,Retail
Bono East,Techiman Municipal,18/07/2025,Techiman,Dried cassava powder kokonte,10.53,Retail
Bono East,Techiman Municipal,18/07/2025,Techiman,Plantain apentu,22.25,Retail
Bono East,Techiman Municipal,18/07/2025,Techiman,Plantain apem,21.06,Retail
Bono East,Techiman Municipal,18/07/2025,Techiman,Banana exotic,14.29,Retail
Bono East,Techiman Municipal,18/07/2025,Techiman,Banana local,14.49,Retail
Bono East,Techiman Municipal,18/07/2025,Techiman,Orange,7.54,Retail
Bono East,Techiman Municipal,18/07/2025,Techiman,Watermelon,4.72,Retail
Bono East,Techiman Municipal,18/07/2025,Techiman,Pineapple,11.37,Retail
Bono East,Techiman Municipal,18/07/2025,Techiman,Mango exotic,5.96,Retail
Bono East,Techiman Municipal,18/07/2025,Techiman,Tomato local,12.00,Retail
Bono East,Techiman Municipal,18/07/2025,Techiman,Garden egg,11.67,Retail
Bono East,Techiman Municipal,18/07/2025,Techiman,Okro fresh,10.28,Retail
Bono East,Techiman Municipal,18/07/2025,Techiman,Onion,15.08,Retail
Bono East,Techiman Municipal,18/07/2025,Techiman,Ginger,27.78,Retail
Bono East,Techiman Municipal,18/07/2025,Techiman,Dried pepper,129.17,Retail
Bono East,Techiman Municipal,18/07/2025,Techiman,Fresh pepper bonnet,12.04,Retail
Bono East,Techiman Municipal,18/07/2025,Techiman,Palm fruit,9.39,Retail
Bono East,Techiman Municipal,18/07/2025,Techiman,Tiger nut,23.33,Retail
Bono East,Techiman Municipal,18/07/2025,Techiman,Groundnut red,21.83,Retail
Bono East,Techiman Municipal,18/07/2025,Techiman,Cowpea white,18.79,Retail
Bono East,Techiman Municipal,18/07/2025,Techiman,Soya bean,9.27,Retail
Bono East,Techiman Municipal,18/07/2025,Techiman,Melon seeds agushi,45.83,Retail
Bono East,Techiman Municipal,18/07/2025,Techiman,Melon seeds agushi powder,46.00,Retail
Bono East,Techiman Municipal,18/07/2025,Techiman,Melon seeds neri,16.33,Retail
Bono East,Techiman Municipal,18/07/2025,Techiman,Palm oil,24.28,Retail
Bono East,Techiman Municipal,18/07/2025,Techiman,Beef,88.00,Retail
Bono East,Techiman Municipal,18/07/2025,Techiman,Smoked herring,116.67,Retail
Bono East,Techiman Municipal,18/07/2025,Techiman,Salted dried tilapia koobi,100.00,Retail
Bono East,Techiman Municipal,18/07/2025,Techiman,Anchovy,64.85,Retail
Bono East,Techiman Municipal,18/07/2025,Techiman,Egg commercial,62.67,Retail
Bono East,Techiman Municipal,18/07/2025,Techiman,Chicken,50.28,Retail
Bono East,Techiman Municipal,18/07/2025,Techiman,Nkontomire,13.69,Retail
Bono East,Techiman Municipal,18/07/2025,Techiman,Ademe ayoyo jute mallow,8.89,Retail
Bono East,Techiman Municipal,18/07/2025,Techiman,Cabbage,11.96,Retail
Bono East,Techiman Municipal,18/07/2025,Techiman,Lettuce,15.88,Retail
Bono East,Techiman Municipal,18/07/2025,Techiman,Carrot,19.76,Retail
Bono East,Techiman Municipal,18/07/2025,Techiman,Bambara bean,23.78,Retail
Bono East,Techiman Municipal,18/07/2025,Techiman,Mutton sheep meat,110.00,Retail
Bono East,Techiman Municipal,18/07/2025,Techiman,Chevon goat meat,110.00,Retail
Bono East,Techiman Municipal,18/07/2025,Techiman,Cassava dough,7.24,Retail
Bono East,Techiman Municipal,18/07/2025,Techiman,Fresh red fish,61.67,Retail
Bono East,Techiman Municipal,18/07/2025,Techiman,Fresh salmon mackerel fish,68.33,Retail
Bono East,Techiman Municipal,18/07/2025,Techiman,Fresh kpanla fish,46.33,Retail
Bono East,Techiman Municipal,18/07/2025,Techiman,Sorghum,9.15,Retail
Bono East,Techiman Municipal,18/07/2025,Techiman,Yam puna,13.30,Retail
Bono East,Techiman Municipal,18/07/2025,Techiman,Coconut fresh,5.72,Retail
Bono East,Techiman Municipal,18/07/2025,Techiman,Unshelled groundnut,11.17,Retail
Bono East,Techiman Municipal,18/07/2025,Techiman,Dried cassava chips kokonte,7.69,Retail
Bono East,Techiman Municipal,25/07/2025,Techiman ,White maize,7.41,Retail
Bono East,Techiman Municipal,25/07/2025,Techiman ,Maize yellow,8.05,Retail
Bono East,Techiman Municipal,25/07/2025,Techiman ,Millet,12.39,Retail
Bono East,Techiman Municipal,25/07/2025,Techiman ,Rice local perfumed,12.11,Retail
Bono East,Techiman Municipal,25/07/2025,Techiman ,Rice local non perfumed,11.19,Retail
Bono East,Techiman Municipal,25/07/2025,Techiman ,Rice imported perfumed,20.00,Retail
Bono East,Techiman Municipal,25/07/2025,Techiman ,Rice imported non perfumed,15.10,Retail
Bono East,Techiman Municipal,25/07/2025,Techiman ,Yam white,16.33,Retail
Bono East,Techiman Municipal,25/07/2025,Techiman ,Cocoyam,27.38,Retail
Bono East,Techiman Municipal,25/07/2025,Techiman ,Cassava,2.67,Retail
Bono East,Techiman Municipal,25/07/2025,Techiman ,Gari,12.50,Retail
Bono East,Techiman Municipal,25/07/2025,Techiman ,Plantain apentu,17.10,Retail
Bono East,Techiman Municipal,25/07/2025,Techiman ,Plantain apem,18.19,Retail
Bono East,Techiman Municipal,25/07/2025,Techiman ,Banana exotic,13.10,Retail
Bono East,Techiman Municipal,25/07/2025,Techiman ,Banana local,13.69,Retail
Bono East,Techiman Municipal,25/07/2025,Techiman ,Orange,5.56,Retail
Bono East,Techiman Municipal,25/07/2025,Techiman ,Watermelon,5.65,Retail
Bono East,Techiman Municipal,25/07/2025,Techiman ,Pineapple,10.13,Retail
Bono East,Techiman Municipal,25/07/2025,Techiman ,Mango exotic,6.55,Retail
Bono East,Techiman Municipal,25/07/2025,Techiman ,Tomato local,12.30,Retail
Bono East,Techiman Municipal,25/07/2025,Techiman ,Garden egg,16.67,Retail
Bono East,Techiman Municipal,25/07/2025,Techiman ,Okro fresh,10.00,Retail
Bono East,Techiman Municipal,25/07/2025,Techiman ,Onion,15.81,Retail
Bono East,Techiman Municipal,25/07/2025,Techiman ,Ginger,43.33,Retail
Bono East,Techiman Municipal,25/07/2025,Techiman ,Dried pepper,121.67,Retail
Bono East,Techiman Municipal,25/07/2025,Techiman ,Fresh pepper bonnet,12.50,Retail
Bono East,Techiman Municipal,25/07/2025,Techiman ,Palm fruit,7.78,Retail
Bono East,Techiman Municipal,25/07/2025,Techiman ,Tiger nut,30.00,Retail
Bono East,Techiman Municipal,25/07/2025,Techiman ,Groundnut red,21.16,Retail
Bono East,Techiman Municipal,25/07/2025,Techiman ,Cowpea white,18.52,Retail
Bono East,Techiman Municipal,25/07/2025,Techiman ,Soya bean,9.38,Retail
Bono East,Techiman Municipal,25/07/2025,Techiman ,Melon seeds agushi,50.00,Retail
Bono East,Techiman Municipal,25/07/2025,Techiman ,Melon seeds neri,20.00,Retail
Bono East,Techiman Municipal,25/07/2025,Techiman ,Palm oil,27.62,Retail
Bono East,Techiman Municipal,25/07/2025,Techiman ,Beef,95.33,Retail
Bono East,Techiman Municipal,25/07/2025,Techiman ,Anchovy,69.63,Retail
Bono East,Techiman Municipal,25/07/2025,Techiman ,Egg commercial,65.33,Retail
Bono East,Techiman Municipal,25/07/2025,Techiman ,Chicken,50.00,Retail
Bono East,Techiman Municipal,25/07/2025,Techiman ,Nkontomire,12.26,Retail
Bono East,Techiman Municipal,25/07/2025,Techiman ,Ademe ayoyo jute mallow,10.00,Retail
Bono East,Techiman Municipal,25/07/2025,Techiman ,Cabbage,9.28,Retail
Bono East,Techiman Municipal,25/07/2025,Techiman ,Carrot,25.00,Retail
Bono East,Techiman Municipal,25/07/2025,Techiman ,Bambara bean,24.07,Retail
Bono East,Techiman Municipal,25/07/2025,Techiman ,Mutton sheep meat,110.00,Retail
Bono East,Techiman Municipal,25/07/2025,Techiman ,Chevon goat meat,110.00,Retail
Bono East,Techiman Municipal,25/07/2025,Techiman ,Cassava dough,7.14,Retail
Bono East,Techiman Municipal,25/07/2025,Techiman ,Fresh red fish,60.00,Retail
Bono East,Techiman Municipal,25/07/2025,Techiman ,Fresh salmon mackerel fish,66.21,Retail
Bono East,Techiman Municipal,25/07/2025,Techiman ,Fresh kpanla fish,44.00,Retail
Bono East,Techiman Municipal,25/07/2025,Techiman ,Sorghum,9.26,Retail
Bono East,Techiman Municipal,25/07/2025,Techiman ,Yam puna,13.12,Retail
Bono East,Techiman Municipal,25/07/2025,Techiman ,Alefu amaranthus,8.89,Retail
Bono East,Techiman Municipal,25/07/2025,Techiman ,Coconut fresh,5.99,Retail
Bono East,Techiman Municipal,25/07/2025,Techiman ,Unshelled groundnut,13.37,Retail
Bono East,Techiman Municipal,25/07/2025,Techiman ,Dried cassava chips kokonte,6.53,Retail
Ashanti,Obuasi Municipal,30/07/2025,Obuasi Central,Plantain apentu,12.05,Retail
Ashanti,Obuasi Municipal,31/07/2025,Obuasi Central,Soya bean,16.91,Retail
Ashanti,Obuasi Municipal,31/07/2025,Obuasi Central,Bambara bean,26.48,Retail
Ashanti,Obuasi Municipal,31/07/2025,Obuasi Central,Millet,15.19,Retail
Ashanti,Obuasi Municipal,28/07/2025,Obuasi Central,Pineapple,13.10,Retail
Ashanti,Obuasi Municipal,28/07/2025,Obuasi Central,Mango exotic,14.35,Retail
Ashanti,Obuasi Municipal,28/07/2025,Obuasi Central,Nkontomire,19.92,Retail
Ashanti,Obuasi Municipal,28/07/2025,Obuasi Central,Egg commercial,63.33,Retail
Ashanti,Obuasi Municipal,28/07/2025,Obuasi Central,Cassava,3.34,Retail
Ashanti,Obuasi Municipal,28/07/2025,Obuasi Central,White maize,10.97,Retail
Ashanti,Obuasi Municipal,28/07/2025,Obuasi Central,Maize yellow,11.69,Retail
Ashanti,Obuasi Municipal,28/07/2025,Obuasi Central,Rice local non perfumed,16.67,Retail
Ashanti,Obuasi Municipal,28/07/2025,Obuasi Central,Cabbage,15.89,Retail
Ashanti,Obuasi Municipal,28/07/2025,Obuasi Central,Onion,17.65,Retail
Ashanti,Obuasi Municipal,28/07/2025,Obuasi Central,Tomato navrongo,26.37,Retail
Ashanti,Obuasi Municipal,28/07/2025,Obuasi Central,Garden egg,22.84,Retail
Ashanti,Obuasi Municipal,28/07/2025,Obuasi Central,Fresh pepper bonnet,25.00,Retail
Ashanti,Obuasi Municipal,30/07/2025,Obuasi Central,Okro fresh,20.06,Retail
Ashanti,Obuasi Municipal,30/07/2025,Obuasi Central,Groundnut red,24.67,Retail
Ashanti,Obuasi Municipal,30/07/2025,Obuasi Central,Cowpea white,18.08,Retail
Ashanti,Obuasi Municipal,30/07/2025,Obuasi Central,Salted dried tilapia koobi,101.67,Retail
Ashanti,Obuasi Municipal,30/07/2025,Obuasi Central,Carrot,20.66,Retail
Ashanti,Obuasi Municipal,30/07/2025,Obuasi Central,Lettuce,27.50,Retail
Central,Mfantsiman Municipal,30/07/2025,Mankessim,White maize,7.28,Retail
Central,Mfantsiman Municipal,30/07/2025,Mankessim,Maize yellow,7.94,Retail
Central,Mfantsiman Municipal,30/07/2025,Mankessim,Millet,20.78,Retail
Central,Mfantsiman Municipal,30/07/2025,Mankessim,Rice local perfumed,18.89,Retail
Central,Mfantsiman Municipal,30/07/2025,Mankessim,Rice local non perfumed,14.41,Retail
Central,Mfantsiman Municipal,30/07/2025,Mankessim,Rice imported perfumed,19.94,Retail
Central,Mfantsiman Municipal,30/07/2025,Mankessim,Rice imported non perfumed,11.34,Retail
Central,Mfantsiman Municipal,30/07/2025,Mankessim,Yam white,18.88,Retail
Central,Mfantsiman Municipal,30/07/2025,Mankessim,Cocoyam,19.90,Retail
Central,Mfantsiman Municipal,30/07/2025,Mankessim,Cassava,5.98,Retail
Central,Mfantsiman Municipal,30/07/2025,Mankessim,Gari,14.24,Retail
Central,Mfantsiman Municipal,30/07/2025,Mankessim,Dried cassava powder kokonte,12.86,Retail
Central,Mfantsiman Municipal,30/07/2025,Mankessim,Plantain apentu,19.66,Retail
Central,Mfantsiman Municipal,30/07/2025,Mankessim,Plantain apem,21.51,Retail
Central,Mfantsiman Municipal,30/07/2025,Mankessim,Banana exotic,13.12,Retail
Central,Mfantsiman Municipal,30/07/2025,Mankessim,Banana local,14.55,Retail
Central,Mfantsiman Municipal,30/07/2025,Mankessim,Orange,9.12,Retail
Central,Mfantsiman Municipal,30/07/2025,Mankessim,Watermelon,4.75,Retail
Central,Mfantsiman Municipal,30/07/2025,Mankessim,Pineapple,9.81,Retail
Central,Mfantsiman Municipal,30/07/2025,Mankessim,Mango exotic,11.45,Retail
Central,Mfantsiman Municipal,30/07/2025,Mankessim,Tomato local,13.06,Retail
Central,Mfantsiman Municipal,30/07/2025,Mankessim,Garden egg,22.92,Retail
Central,Mfantsiman Municipal,30/07/2025,Mankessim,Okro fresh,12.87,Retail
Central,Mfantsiman Municipal,30/07/2025,Mankessim,Onion,12.96,Retail
Central,Mfantsiman Municipal,30/07/2025,Mankessim,Ginger,263.53,Retail
Central,Mfantsiman Municipal,30/07/2025,Mankessim,Dried pepper,131.97,Retail
Central,Mfantsiman Municipal,30/07/2025,Mankessim,Fresh pepper,108.80,Retail
Central,Mfantsiman Municipal,30/07/2025,Mankessim,Fresh pepper bonnet,43.69,Retail
Central,Mfantsiman Municipal,30/07/2025,Mankessim,Palm fruit,9.43,Retail
Central,Mfantsiman Municipal,30/07/2025,Mankessim,Tiger nut,64.86,Retail
Central,Mfantsiman Municipal,30/07/2025,Mankessim,Groundnut red,28.31,Retail
Central,Mfantsiman Municipal,30/07/2025,Mankessim,Cowpea white,18.53,Retail
Central,Mfantsiman Municipal,30/07/2025,Mankessim,Soya bean,19.02,Retail
Central,Mfantsiman Municipal,30/07/2025,Mankessim,Melon seeds agushi,62.14,Retail
Central,Mfantsiman Municipal,30/07/2025,Mankessim,Melon seeds agushi powder,63.09,Retail
Central,Mfantsiman Municipal,30/07/2025,Mankessim,Melon seeds neri,23.49,Retail
Central,Mfantsiman Municipal,30/07/2025,Mankessim,Melon seeds neri powder,18.78,Retail
Central,Mfantsiman Municipal,30/07/2025,Mankessim,Palm oil,20.00,Retail
Central,Mfantsiman Municipal,30/07/2025,Mankessim,Coconut oil,50.00,Retail
Central,Mfantsiman Municipal,30/07/2025,Mankessim,Beef,60.00,Retail
Central,Mfantsiman Municipal,30/07/2025,Mankessim,Smoked herring,56.19,Retail
Central,Mfantsiman Municipal,30/07/2025,Mankessim,Salted dried tilapia koobi,123.18,Retail
Central,Mfantsiman Municipal,30/07/2025,Mankessim,Anchovy,107.94,Retail
Central,Mfantsiman Municipal,30/07/2025,Mankessim,Kako,114.48,Retail
Central,Mfantsiman Municipal,30/07/2025,Mankessim,Egg commercial,65.00,Retail
Central,Mfantsiman Municipal,30/07/2025,Mankessim,Chicken,42.67,Retail
Central,Mfantsiman Municipal,30/07/2025,Mankessim,Nkontomire,19.04,Retail
Central,Mfantsiman Municipal,30/07/2025,Mankessim,Ademe ayoyo jute mallow,15.40,Retail
Central,Mfantsiman Municipal,30/07/2025,Mankessim,Cabbage,14.14,Retail
Central,Mfantsiman Municipal,30/07/2025,Mankessim,Lettuce,42.57,Retail
Central,Mfantsiman Municipal,30/07/2025,Mankessim,Carrot,43.65,Retail
Central,Mfantsiman Municipal,30/07/2025,Mankessim,Pawpaw,10.86,Retail
Central,Mfantsiman Municipal,30/07/2025,Mankessim,Avocado pear,21.10,Retail
Central,Mfantsiman Municipal,30/07/2025,Mankessim,Bambara bean,32.85,Retail
Central,Mfantsiman Municipal,30/07/2025,Mankessim,Mutton sheep meat,42.50,Retail
Central,Mfantsiman Municipal,30/07/2025,Mankessim,Chevon goat meat,60.00,Retail
Central,Mfantsiman Municipal,30/07/2025,Mankessim,Snail,87.51,Retail
Central,Mfantsiman Municipal,30/07/2025,Mankessim,Sweet potato general white pinkish,20.66,Retail
Central,Mfantsiman Municipal,30/07/2025,Mankessim,Cassava dough,8.11,Retail
Central,Mfantsiman Municipal,30/07/2025,Mankessim,Fresh red fish,50.00,Retail
Central,Mfantsiman Municipal,30/07/2025,Mankessim,Fresh salmon mackerel fish,38.33,Retail
Central,Mfantsiman Municipal,30/07/2025,Mankessim,Fresh kpanla fish,35.00,Retail
Central,Mfantsiman Municipal,30/07/2025,Mankessim,Plantain riped,23.69,Retail
Central,Mfantsiman Municipal,30/07/2025,Mankessim,Yam puna,21.29,Retail
Ahafo,Asunafo North Municipal,31/07/2025,Goaso,White maize,7.35,Retail
Ahafo,Asunafo North Municipal,31/07/2025,Goaso,Maize yellow,7.35,Retail
Ahafo,Asunafo North Municipal,31/07/2025,Goaso,Millet,15.17,Retail
Ahafo,Asunafo North Municipal,31/07/2025,Goaso,Rice local perfumed,15.33,Retail
Ahafo,Asunafo North Municipal,31/07/2025,Goaso,Cocoyam,11.13,Retail
Ahafo,Asunafo North Municipal,31/07/2025,Goaso,Cassava,4.42,Retail
Ahafo,Asunafo North Municipal,31/07/2025,Goaso,Gari,11.67,Retail
Ahafo,Asunafo North Municipal,31/07/2025,Goaso,Plantain apentu,10.55,Retail
Ahafo,Asunafo North Municipal,31/07/2025,Goaso,Watermelon,7.00,Retail
Ahafo,Asunafo North Municipal,31/07/2025,Goaso,Tomato local,6.28,Retail
Ahafo,Asunafo North Municipal,31/07/2025,Goaso,Garden egg,9.44,Retail
Ahafo,Asunafo North Municipal,31/07/2025,Goaso,Okro fresh,10.65,Retail
Ahafo,Asunafo North Municipal,31/07/2025,Goaso,Ginger,20.00,Retail
Ahafo,Asunafo North Municipal,31/07/2025,Goaso,Fresh pepper bonnet,18.06,Retail
Ahafo,Asunafo North Municipal,31/07/2025,Goaso,Groundnut red,19.33,Retail
Ahafo,Asunafo North Municipal,31/07/2025,Goaso,Cowpea white,15.67,Retail
Ahafo,Asunafo North Municipal,31/07/2025,Goaso,Palm oil,20.00,Retail
Ahafo,Asunafo North Municipal,31/07/2025,Goaso,Egg commercial,60.00,Retail
Ahafo,Asunafo North Municipal,31/07/2025,Goaso,Nkontomire,9.44,Retail
Ahafo,Asunafo North Municipal,31/07/2025,Goaso,Ademe ayoyo jute mallow,9.05,Retail
Ahafo,Asunafo North Municipal,31/07/2025,Goaso,Cabbage,9.24,Retail
Ahafo,Asunafo North Municipal,31/07/2025,Goaso,Sorghum,13.00,Retail
Ahafo,Asunafo North Municipal,31/07/2025,Goaso,Yam puna,8.16,Retail
Ahafo,Asunafo North Municipal,31/07/2025,Goaso,Tomato navrongo,7.90,Retail
Ahafo,Asunafo North Municipal,31/07/2025,Goaso,Alefu amaranthus,8.33,Retail
Ahafo,Asunafo North Municipal,31/07/2025,Goaso,Coconut fresh,3.81,Retail
Ahafo,Asunafo North Municipal,31/07/2025,Goaso,Unshelled groundnut,15.28,Retail
Greater Accra,Okaikoi South,23/07/2025,Makola,White maize,12.50,Retail
Greater Accra,Okaikoi South,23/07/2025,Makola,Maize yellow,14.00,Retail
Greater Accra,Okaikoi South,23/07/2025,Makola,Millet,19.20,Retail
Greater Accra,Okaikoi South,23/07/2025,Makola,Rice local perfumed,20.00,Retail
Greater Accra,Okaikoi South,23/07/2025,Makola,Rice local non perfumed,18.00,Retail
Greater Accra,Okaikoi South,23/07/2025,Makola,Rice imported perfumed,20.00,Retail
Greater Accra,Okaikoi South,23/07/2025,Makola,Rice imported non perfumed,16.00,Retail
Greater Accra,Okaikoi South,23/07/2025,Makola,Gari,13.04,Retail
Greater Accra,Okaikoi South,23/07/2025,Makola,Plantain apentu,37.78,Retail
Greater Accra,Okaikoi South,23/07/2025,Makola,Plantain apem,37.78,Retail
Greater Accra,Okaikoi South,23/07/2025,Makola,Orange,27.78,Retail
Greater Accra,Okaikoi South,23/07/2025,Makola,Pineapple,21.67,Retail
Greater Accra,Okaikoi South,23/07/2025,Makola,Tomato local,20.40,Retail
Greater Accra,Okaikoi South,23/07/2025,Makola,Okro fresh,15.56,Retail
Greater Accra,Okaikoi South,23/07/2025,Makola,Onion,14.48,Retail
Greater Accra,Okaikoi South,23/07/2025,Makola,Fresh pepper,25.00,Retail
Greater Accra,Okaikoi South,23/07/2025,Makola,Fresh pepper bonnet,25.00,Retail
Greater Accra,Okaikoi South,23/07/2025,Makola,Melon seeds agushi powder,100.00,Retail
Greater Accra,Okaikoi South,23/07/2025,Makola,Egg commercial,68.75,Retail
Greater Accra,Okaikoi South,23/07/2025,Makola,Nkontomire,50.00,Retail
Greater Accra,Okaikoi South,23/07/2025,Makola,Ademe ayoyo jute mallow,50.00,Retail
Greater Accra,Okaikoi South,23/07/2025,Makola,Cabbage,14.00,Retail
Greater Accra,Okaikoi South,23/07/2025,Makola,Lettuce,50.00,Retail
Greater Accra,Okaikoi South,23/07/2025,Makola,Carrot,50.00,Retail
Greater Accra,Okaikoi South,23/07/2025,Makola,Plantain riped,35.55,Retail
Greater Accra,Okaikoi South,23/07/2025,Makola,Sorghum,12.86,Retail
Greater Accra,Okaikoi South,23/07/2025,Makola,Yam puna,12.17,Retail
Greater Accra,Okaikoi South,23/07/2025,Makola,Tomato navrongo,27.79,Retail
Greater Accra,Okaikoi South,23/07/2025,Makola,Alefu amaranthus,50.00,Retail
Greater Accra,Okaikoi South,23/07/2025,Tuesday,White maize,12.50,Retail
Greater Accra,Okaikoi South,23/07/2025,Tuesday,Maize yellow,14.00,Retail
Greater Accra,Okaikoi South,23/07/2025,Tuesday,Millet,19.20,Retail
Greater Accra,Okaikoi South,23/07/2025,Tuesday,Rice local perfumed,19.33,Retail
Greater Accra,Okaikoi South,23/07/2025,Tuesday,Rice local non perfumed,18.00,Retail
Greater Accra,Okaikoi South,23/07/2025,Tuesday,Rice imported perfumed,20.00,Retail
Greater Accra,Okaikoi South,23/07/2025,Tuesday,Rice imported non perfumed,14.00,Retail
Greater Accra,Okaikoi South,23/07/2025,Tuesday,Gari,13.04,Retail
Greater Accra,Okaikoi South,23/07/2025,Tuesday,Tomato local,42.86,Retail
Greater Accra,Okaikoi South,23/07/2025,Tuesday,Garden egg,44.14,Retail
Greater Accra,Okaikoi South,23/07/2025,Tuesday,Okro fresh,49.43,Retail
Greater Accra,Okaikoi South,23/07/2025,Tuesday,Onion,26.98,Retail
Greater Accra,Okaikoi South,23/07/2025,Tuesday,Ginger,59.73,Retail
Greater Accra,Okaikoi South,23/07/2025,Tuesday,Fresh pepper,25.00,Retail
Greater Accra,Okaikoi South,23/07/2025,Tuesday,Fresh pepper bonnet,25.00,Retail
Greater Accra,Okaikoi South,23/07/2025,Tuesday,Egg commercial,68.33,Retail
Greater Accra,Okaikoi South,23/07/2025,Tuesday,Nkontomire,50.00,Retail
Greater Accra,Okaikoi South,23/07/2025,Tuesday,Ademe ayoyo jute mallow,50.00,Retail
Greater Accra,Okaikoi South,23/07/2025,Tuesday,Lettuce,50.00,Retail
Greater Accra,Okaikoi South,23/07/2025,Tuesday,Carrot,50.00,Retail
Greater Accra,Okaikoi South,23/07/2025,Tuesday,Sorghum,13.04,Retail
Greater Accra,Okaikoi South,23/07/2025,Tuesday,Tomato navrongo,57.70,Retail
Greater Accra,Okaikoi South,23/07/2025,Tuesday,Alefu amaranthus,50.00,Retail
Greater Accra,Okaikoi South,01/08/2025,Agbogbloshie,White maize,11.07,Retail
Greater Accra,Okaikoi South,01/08/2025,Agbogbloshie,Maize yellow,12.67,Retail
Greater Accra,Okaikoi South,01/08/2025,Agbogbloshie,Millet,18.00,Retail
Greater Accra,Okaikoi South,01/08/2025,Agbogbloshie,Rice local perfumed,18.00,Retail
Greater Accra,Okaikoi South,01/08/2025,Agbogbloshie,Rice local non perfumed,15.33,Retail
Greater Accra,Okaikoi South,01/08/2025,Agbogbloshie,Rice imported perfumed,18.50,Retail
Greater Accra,Okaikoi South,01/08/2025,Agbogbloshie,Rice imported non perfumed,14.00,Retail
Greater Accra,Okaikoi South,01/08/2025,Agbogbloshie,Gari,13.04,Retail
Greater Accra,Okaikoi South,01/08/2025,Agbogbloshie,Plantain apentu,48.89,Retail
Greater Accra,Okaikoi South,01/08/2025,Agbogbloshie,Watermelon,10.35,Retail
Greater Accra,Okaikoi South,01/08/2025,Agbogbloshie,Pineapple,9.38,Retail
Greater Accra,Okaikoi South,01/08/2025,Agbogbloshie,Tomato local,14.57,Retail
Greater Accra,Okaikoi South,01/08/2025,Agbogbloshie,Garden egg,13.89,Retail
Greater Accra,Okaikoi South,01/08/2025,Agbogbloshie,Okro fresh,10.00,Retail
Greater Accra,Okaikoi South,01/08/2025,Agbogbloshie,Onion,14.16,Retail
Greater Accra,Okaikoi South,01/08/2025,Agbogbloshie,Fresh pepper,16.67,Retail
Greater Accra,Okaikoi South,01/08/2025,Agbogbloshie,Egg commercial,63.33,Retail
Greater Accra,Okaikoi South,01/08/2025,Agbogbloshie,Nkontomire,50.00,Retail
Greater Accra,Okaikoi South,01/08/2025,Agbogbloshie,Ademe ayoyo jute mallow,50.00,Retail
Greater Accra,Okaikoi South,01/08/2025,Agbogbloshie,Lettuce,50.00,Retail
Greater Accra,Okaikoi South,01/08/2025,Agbogbloshie,Carrot,50.00,Retail
Greater Accra,Okaikoi South,01/08/2025,Agbogbloshie,Sorghum,10.87,Retail
Greater Accra,Okaikoi South,01/08/2025,Agbogbloshie,Tomato navrongo,18.33,Retail
Greater Accra,Okaikoi South,01/08/2025,Agbogbloshie,Alefu amaranthus,50.00,Retail
Western North,Bibiani Anhwiaso Bekwai Municipal,29/07/2025,Bibiani ,White maize,8.12,Retail
Western North,Bibiani Anhwiaso Bekwai Municipal,29/07/2025,Bibiani ,Maize yellow,8.89,Retail
Western North,Bibiani Anhwiaso Bekwai Municipal,29/07/2025,Bibiani ,Millet,26.94,Retail
Western North,Bibiani Anhwiaso Bekwai Municipal,29/07/2025,Bibiani ,Rice local perfumed,21.83,Retail
Western North,Bibiani Anhwiaso Bekwai Municipal,29/07/2025,Bibiani ,Rice local non perfumed,18.00,Retail
Western North,Bibiani Anhwiaso Bekwai Municipal,29/07/2025,Bibiani ,Rice imported perfumed,24.00,Retail
Western North,Bibiani Anhwiaso Bekwai Municipal,29/07/2025,Bibiani ,Rice imported non perfumed,19.11,Retail
Western North,Bibiani Anhwiaso Bekwai Municipal,29/07/2025,Bibiani ,Yam white,10.59,Retail
Western North,Bibiani Anhwiaso Bekwai Municipal,29/07/2025,Bibiani ,Cocoyam,23.28,Retail
Western North,Bibiani Anhwiaso Bekwai Municipal,29/07/2025,Bibiani ,Cassava,6.74,Retail
Western North,Bibiani Anhwiaso Bekwai Municipal,29/07/2025,Bibiani ,Gari,23.33,Retail
Western North,Bibiani Anhwiaso Bekwai Municipal,29/07/2025,Bibiani ,Dried cassava powder kokonte,11.50,Retail
Western North,Bibiani Anhwiaso Bekwai Municipal,29/07/2025,Bibiani ,Plantain apentu,27.78,Retail
Western North,Bibiani Anhwiaso Bekwai Municipal,29/07/2025,Bibiani ,Plantain apem,28.97,Retail
Western North,Bibiani Anhwiaso Bekwai Municipal,29/07/2025,Bibiani ,Banana local,13.65,Retail
Western North,Bibiani Anhwiaso Bekwai Municipal,29/07/2025,Bibiani ,Tomato local,15.22,Retail
Western North,Bibiani Anhwiaso Bekwai Municipal,29/07/2025,Bibiani ,Garden egg,18.65,Retail
Western North,Bibiani Anhwiaso Bekwai Municipal,29/07/2025,Bibiani ,Okro fresh,9.27,Retail
Western North,Bibiani Anhwiaso Bekwai Municipal,29/07/2025,Bibiani ,Onion,36.58,Retail
Western North,Bibiani Anhwiaso Bekwai Municipal,29/07/2025,Bibiani ,Ginger,79.17,Retail
Western North,Bibiani Anhwiaso Bekwai Municipal,29/07/2025,Bibiani ,Dried pepper,23.67,Retail
Western North,Bibiani Anhwiaso Bekwai Municipal,29/07/2025,Bibiani ,Fresh pepper,23.27,Retail
Western North,Bibiani Anhwiaso Bekwai Municipal,29/07/2025,Bibiani ,Fresh pepper bonnet,25.74,Retail
Western North,Bibiani Anhwiaso Bekwai Municipal,29/07/2025,Bibiani ,Palm fruit,9.86,Retail
Western North,Bibiani Anhwiaso Bekwai Municipal,29/07/2025,Bibiani ,Groundnut red,15.87,Retail
Western North,Bibiani Anhwiaso Bekwai Municipal,29/07/2025,Bibiani ,Cowpea white,12.90,Retail
Western North,Bibiani Anhwiaso Bekwai Municipal,29/07/2025,Bibiani ,Soya bean,25.50,Retail
Western North,Bibiani Anhwiaso Bekwai Municipal,29/07/2025,Bibiani ,Melon seeds agushi,50.00,Retail
Western North,Bibiani Anhwiaso Bekwai Municipal,29/07/2025,Bibiani ,Melon seeds agushi powder,56.67,Retail
Western North,Bibiani Anhwiaso Bekwai Municipal,29/07/2025,Bibiani ,Melon seeds neri,40.56,Retail
Western North,Bibiani Anhwiaso Bekwai Municipal,29/07/2025,Bibiani ,Melon seeds neri powder,38.89,Retail
Western North,Bibiani Anhwiaso Bekwai Municipal,29/07/2025,Bibiani ,Palm oil,23.50,Retail
Western North,Bibiani Anhwiaso Bekwai Municipal,29/07/2025,Bibiani ,Egg commercial,65.00,Retail
Western North,Bibiani Anhwiaso Bekwai Municipal,29/07/2025,Bibiani ,Nkontomire,30.56,Retail
Western North,Bibiani Anhwiaso Bekwai Municipal,29/07/2025,Bibiani ,Cabbage,17.87,Retail
Western North,Bibiani Anhwiaso Bekwai Municipal,29/07/2025,Bibiani ,Carrot,14.91,Retail
Western North,Bibiani Anhwiaso Bekwai Municipal,29/07/2025,Bibiani ,Mutton sheep meat,100.00,Retail
Western North,Bibiani Anhwiaso Bekwai Municipal,29/07/2025,Bibiani ,Chevon goat meat,120.00,Retail
Western North,Bibiani Anhwiaso Bekwai Municipal,29/07/2025,Bibiani ,Yam puna,12.12,Retail
Western North,Bibiani Anhwiaso Bekwai Municipal,29/07/2025,Bibiani ,Tomato navrongo,34.78,Retail
Western North,Bibiani Anhwiaso Bekwai Municipal,29/07/2025,Bibiani ,Coconut fresh,10.00,Retail
Western North,Bibiani Anhwiaso Bekwai Municipal,29/07/2025,Bibiani ,Unshelled groundnut,16.43,Retail
Upper East,Bolgatangatanga Municipal,02/08/2025,Bolgatanga,White maize,5.29,Retail
Upper East,Bolgatangatanga Municipal,02/08/2025,Bolgatanga,Maize yellow,5.29,Retail
Upper East,Bolgatangatanga Municipal,02/08/2025,Bolgatanga,Millet,10.34,Retail
Upper East,Bolgatangatanga Municipal,02/08/2025,Bolgatanga,Rice local perfumed,11.75,Retail
Upper East,Bolgatangatanga Municipal,02/08/2025,Bolgatanga,Rice local non perfumed,9.29,Retail
Upper East,Bolgatangatanga Municipal,02/08/2025,Bolgatanga,Rice imported perfumed,14.88,Retail
Upper East,Bolgatangatanga Municipal,02/08/2025,Bolgatanga,Rice imported non perfumed,12.26,Retail
Upper East,Bolgatangatanga Municipal,02/08/2025,Bolgatanga,Yam white,5.04,Retail
Upper East,Bolgatangatanga Municipal,02/08/2025,Bolgatanga,Gari,10.89,Retail
Upper East,Bolgatangatanga Municipal,02/08/2025,Bolgatanga,Plantain apentu,7.64,Retail
Upper East,Bolgatangatanga Municipal,02/08/2025,Bolgatanga,Plantain apem,12.63,Retail
Upper East,Bolgatangatanga Municipal,02/08/2025,Bolgatanga,Watermelon,1.44,Retail
Upper East,Bolgatangatanga Municipal,02/08/2025,Bolgatanga,Okro fresh,5.56,Retail
Upper East,Bolgatangatanga Municipal,02/08/2025,Bolgatanga,Palm fruit,17.80,Retail
Upper East,Bolgatangatanga Municipal,02/08/2025,Bolgatanga,Groundnut red,17.29,Retail
Upper East,Bolgatangatanga Municipal,02/08/2025,Bolgatanga,Cowpea white,11.40,Retail
Upper East,Bolgatangatanga Municipal,02/08/2025,Bolgatanga,Soya bean,8.55,Retail
Upper East,Bolgatangatanga Municipal,02/08/2025,Bolgatanga,Beef,80.00,Retail
Upper East,Bolgatangatanga Municipal,02/08/2025,Bolgatanga,Anchovy,58.03,Retail
Upper East,Bolgatangatanga Municipal,02/08/2025,Bolgatanga,Egg commercial,65.00,Retail
Upper East,Bolgatangatanga Municipal,02/08/2025,Bolgatanga,Chicken,110.00,Retail
Upper East,Bolgatangatanga Municipal,02/08/2025,Bolgatanga,Nkontomire,5.00,Retail
Upper East,Bolgatangatanga Municipal,02/08/2025,Bolgatanga,Ademe ayoyo jute mallow,4.00,Retail
Upper East,Bolgatangatanga Municipal,02/08/2025,Bolgatanga,Bambara bean,18.74,Retail
Upper East,Bolgatangatanga Municipal,02/08/2025,Bolgatanga,Chevon goat meat,93.33,Retail
Upper East,Bolgatangatanga Municipal,02/08/2025,Bolgatanga,Sorghum,7.24,Retail
Upper East,Bolgatangatanga Municipal,02/08/2025,Bolgatanga,Yam puna,4.33,Retail
Upper East,Bolgatangatanga Municipal,02/08/2025,Bolgatanga,Tomato navrongo,6.13,Retail
Upper East,Bolgatangatanga Municipal,02/08/2025,Bolgatanga,Alefu amaranthus,4.00,Retail
Upper East,Bolgatangatanga Municipal,02/08/2025,Bolgatanga,Groundnut Oil,22.67,Retail
Bono,Sunyani Municipal,30/07/2025,Nana Bosomah,White maize,7.55,Retail
Bono,Sunyani Municipal,30/07/2025,Nana Bosomah,Maize yellow,7.55,Retail
Bono,Sunyani Municipal,30/07/2025,Nana Bosomah,Millet,12.00,Retail
Bono,Sunyani Municipal,30/07/2025,Nana Bosomah,Rice local perfumed,14.81,Retail
Bono,Sunyani Municipal,30/07/2025,Nana Bosomah,Rice local non perfumed,14.07,Retail
Bono,Sunyani Municipal,30/07/2025,Nana Bosomah,Rice imported perfumed,28.00,Retail
Bono,Sunyani Municipal,30/07/2025,Nana Bosomah,Rice imported non perfumed,13.33,Retail
Bono,Sunyani Municipal,30/07/2025,Nana Bosomah,Cocoyam,19.10,Retail
Bono,Sunyani Municipal,30/07/2025,Nana Bosomah,Cassava,3.64,Retail
Bono,Sunyani Municipal,30/07/2025,Nana Bosomah,Gari,12.22,Retail
Bono,Sunyani Municipal,30/07/2025,Nana Bosomah,Dried cassava powder kokonte,20.00,Retail
Bono,Sunyani Municipal,30/07/2025,Nana Bosomah,Plantain apentu,40.00,Retail
Bono,Sunyani Municipal,30/07/2025,Nana Bosomah,Plantain apem,50.00,Retail
Bono,Sunyani Municipal,30/07/2025,Nana Bosomah,Banana exotic,50.00,Retail
Bono,Sunyani Municipal,30/07/2025,Nana Bosomah,Banana local,33.34,Retail
Bono,Sunyani Municipal,30/07/2025,Nana Bosomah,Orange,11.25,Retail
Bono,Sunyani Municipal,30/07/2025,Nana Bosomah,Watermelon,4.14,Retail
Bono,Sunyani Municipal,30/07/2025,Nana Bosomah,Pineapple,6.60,Retail
Bono,Sunyani Municipal,30/07/2025,Nana Bosomah,Mango exotic,15.98,Retail
Bono,Sunyani Municipal,30/07/2025,Nana Bosomah,Tomato local,10.42,Retail
Bono,Sunyani Municipal,30/07/2025,Nana Bosomah,Garden egg,10.14,Retail
Bono,Sunyani Municipal,30/07/2025,Nana Bosomah,Okro fresh,6.72,Retail
Bono,Sunyani Municipal,30/07/2025,Nana Bosomah,Onion,15.63,Retail
Bono,Sunyani Municipal,30/07/2025,Nana Bosomah,Ginger,38.79,Retail
Bono,Sunyani Municipal,30/07/2025,Nana Bosomah,Dried pepper,133.33,Retail
Bono,Sunyani Municipal,30/07/2025,Nana Bosomah,Fresh pepper bonnet,25.00,Retail
Bono,Sunyani Municipal,30/07/2025,Nana Bosomah,Sorghum,11.36,Retail
Bono,Sunyani Municipal,30/07/2025,Nana Bosomah,Tomato navrongo,15.31,Retail
Bono,Sunyani Municipal,30/07/2025,Nana Bosomah,Coconut fresh,2.33,Retail
Bono,Sunyani Municipal,30/07/2025,Nana Bosomah,Okro dried,66.67,Retail
Bono,Sunyani Municipal,30/07/2025,Nana Bosomah,Dried cassava chips kokonte,6.95,Retail
Bono,Sunyani Municipal,04/08/2025,Nana Bosomah,Palm fruit,3.76,Retail
Bono,Sunyani Municipal,04/08/2025,Nana Bosomah,Groundnut red,20.00,Retail
Bono,Sunyani Municipal,04/08/2025,Nana Bosomah,Cowpea white,16.67,Retail
Bono,Sunyani Municipal,04/08/2025,Nana Bosomah,Soya bean,12.50,Retail
Bono,Sunyani Municipal,04/08/2025,Nana Bosomah,Melon seeds agushi,50.00,Retail
Bono,Sunyani Municipal,04/08/2025,Nana Bosomah,Melon seeds agushi powder,59.05,Retail
Bono,Sunyani Municipal,04/08/2025,Nana Bosomah,Melon seeds neri,26.67,Retail
Bono,Sunyani Municipal,04/08/2025,Nana Bosomah,Melon seeds neri powder,29.41,Retail
Bono,Sunyani Municipal,04/08/2025,Nana Bosomah,Palm oil,26.67,Retail
Bono,Sunyani Municipal,04/08/2025,Nana Bosomah,Beef,100.00,Retail
Bono,Sunyani Municipal,04/08/2025,Nana Bosomah,Bambara bean,25.00,Retail
Bono,Sunyani Municipal,04/08/2025,Nana Bosomah,Mutton sheep meat,160.00,Retail
Bono,Sunyani Municipal,04/08/2025,Nana Bosomah,Chevon goat meat,133.33,Retail
Bono,Sunyani Municipal,04/08/2025,Nana Bosomah,Unshelled groundnut,10.00,Retail
Upper West,Wa Municipal,01/08/2025,Wa,White maize,7.41,Retail
Upper West,Wa Municipal,01/08/2025,Wa,Maize yellow,7.41,Retail
Upper West,Wa Municipal,01/08/2025,Wa,Millet,10.62,Retail
Upper West,Wa Municipal,01/08/2025,Wa,Rice local perfumed,11.11,Retail
Upper West,Wa Municipal,01/08/2025,Wa,Rice local non perfumed,9.26,Retail
Upper West,Wa Municipal,01/08/2025,Wa,Rice imported perfumed,18.52,Retail
Upper West,Wa Municipal,01/08/2025,Wa,Rice imported non perfumed,14.81,Retail
Upper West,Wa Municipal,01/08/2025,Wa,Yam white,24.14,Retail
Upper West,Wa Municipal,01/08/2025,Wa,Gari,10.84,Retail
Upper West,Wa Municipal,01/08/2025,Wa,Tomato local,23.33,Retail
Upper West,Wa Municipal,01/08/2025,Wa,Garden egg,12.50,Retail
Upper West,Wa Municipal,01/08/2025,Wa,Okro fresh,12.50,Retail
Upper West,Wa Municipal,01/08/2025,Wa,Onion,125.00,Retail
Upper West,Wa Municipal,01/08/2025,Wa,Ginger,37.50,Retail
Upper West,Wa Municipal,01/08/2025,Wa,Dried pepper,69.23,Retail
Upper West,Wa Municipal,01/08/2025,Wa,Fresh pepper,33.33,Retail
Upper West,Wa Municipal,01/08/2025,Wa,Palm fruit,15.00,Retail
Upper West,Wa Municipal,01/08/2025,Wa,Tiger nut,40.00,Retail
Upper West,Wa Municipal,01/08/2025,Wa,Groundnut red,17.31,Retail
Upper West,Wa Municipal,01/08/2025,Wa,Cowpea white,17.33,Retail
Upper West,Wa Municipal,01/08/2025,Wa,Soya bean,11.40,Retail
Upper West,Wa Municipal,01/08/2025,Wa,Melon seeds agushi,25.00,Retail
Upper West,Wa Municipal,01/08/2025,Wa,Melon seeds agushi powder,9.38,Retail
Upper West,Wa Municipal,01/08/2025,Wa,Melon seeds neri,10.00,Retail
Upper West,Wa Municipal,01/08/2025,Wa,Melon seeds neri powder,13.33,Retail
Upper West,Wa Municipal,01/08/2025,Wa,Beef,80.00,Retail
Upper West,Wa Municipal,01/08/2025,Wa,Smoked herring,150.00,Retail
Upper West,Wa Municipal,01/08/2025,Wa,Egg commercial,75.00,Retail
Upper West,Wa Municipal,01/08/2025,Wa,Chicken,20.23,Retail
Upper West,Wa Municipal,01/08/2025,Wa,Nkontomire,33.33,Retail
Upper West,Wa Municipal,01/08/2025,Wa,Ademe ayoyo jute mallow,20.00,Retail
Upper West,Wa Municipal,01/08/2025,Wa,Cabbage,54.17,Retail
Upper West,Wa Municipal,01/08/2025,Wa,Lettuce,33.33,Retail
Upper West,Wa Municipal,01/08/2025,Wa,Carrot,6.14,Retail
Upper West,Wa Municipal,01/08/2025,Wa,Bambara bean,25.00,Retail
Upper West,Wa Municipal,01/08/2025,Wa,Sorghum,8.09,Retail
Upper West,Wa Municipal,01/08/2025,Wa,Yam puna,28.57,Retail
Upper West,Wa Municipal,01/08/2025,Wa,Tomato navrongo,37.04,Retail
Upper West,Wa Municipal,01/08/2025,Wa,Alefu amaranthus,12.50,Retail
Upper West,Wa Municipal,01/08/2025,Wa,Okro dried,61.54,Retail
Upper West,Wa Municipal,01/08/2025,Wa,Unshelled groundnut,6.00,Retail
Upper West,Wa Municipal,01/08/2025,Wa,Groundnut Oil,38.30,Retail
Volta,Ho Municipal,24/07/2025,Ho Central,White maize,9.10,Retail
Volta,Ho Municipal,24/07/2025,Ho Central,Maize yellow,8.93,Retail
Volta,Ho Municipal,24/07/2025,Ho Central,Millet,14.19,Retail
Volta,Ho Municipal,24/07/2025,Ho Central,Rice local perfumed,17.86,Retail
Volta,Ho Municipal,24/07/2025,Ho Central,Rice imported perfumed,23.46,Retail
Volta,Ho Municipal,24/07/2025,Ho Central,Yam white,9.69,Retail
Volta,Ho Municipal,24/07/2025,Ho Central,Cocoyam,18.79,Retail
Volta,Ho Municipal,24/07/2025,Ho Central,Cassava,4.97,Retail
Volta,Ho Municipal,24/07/2025,Ho Central,Gari,13.24,Retail
Volta,Ho Municipal,24/07/2025,Ho Central,Plantain apentu,18.79,Retail
Volta,Ho Municipal,24/07/2025,Ho Central,Plantain apem,18.18,Retail
Volta,Ho Municipal,24/07/2025,Ho Central,Banana local,18.34,Retail
Volta,Ho Municipal,24/07/2025,Ho Central,Orange,6.96,Retail
Volta,Ho Municipal,24/07/2025,Ho Central,Watermelon,5.60,Retail
Volta,Ho Municipal,24/07/2025,Ho Central,Pineapple,10.77,Retail
Volta,Ho Municipal,24/07/2025,Ho Central,Tomato local,12.68,Retail
Volta,Ho Municipal,24/07/2025,Ho Central,Garden egg,12.50,Retail
Volta,Ho Municipal,24/07/2025,Ho Central,Okro fresh,10.00,Retail
Volta,Ho Municipal,24/07/2025,Ho Central,Onion,23.95,Retail
Volta,Ho Municipal,24/07/2025,Ho Central,Ginger,77.23,Retail
Volta,Ho Municipal,24/07/2025,Ho Central,Dried pepper,100.00,Retail
Volta,Ho Municipal,24/07/2025,Ho Central,Fresh pepper bonnet,40.00,Retail
Volta,Ho Municipal,24/07/2025,Ho Central,Palm fruit,7.07,Retail
Volta,Ho Municipal,24/07/2025,Ho Central,Groundnut red,24.33,Retail
Volta,Ho Municipal,24/07/2025,Ho Central,Cowpea white,21.96,Retail
Volta,Ho Municipal,24/07/2025,Ho Central,Soya bean,14.39,Retail
Volta,Ho Municipal,24/07/2025,Ho Central,Palm oil,27.78,Retail
Volta,Ho Municipal,24/07/2025,Ho Central,Beef,72.73,Retail
Volta,Ho Municipal,24/07/2025,Ho Central,Egg commercial,60.00,Retail
Volta,Ho Municipal,24/07/2025,Ho Central,Chicken,36.36,Retail
Volta,Ho Municipal,24/07/2025,Ho Central,Nkontomire,11.67,Retail
Volta,Ho Municipal,24/07/2025,Ho Central,Ademe ayoyo jute mallow,16.67,Retail
Volta,Ho Municipal,24/07/2025,Ho Central,Cabbage,13.23,Retail
Volta,Ho Municipal,24/07/2025,Ho Central,Lettuce,12.50,Retail
Volta,Ho Municipal,24/07/2025,Ho Central,Carrot,27.78,Retail
Volta,Ho Municipal,24/07/2025,Ho Central,Bambara bean,25.00,Retail
Volta,Ho Municipal,24/07/2025,Ho Central,Sweet potato general white pinkish,17.17,Retail
Volta,Ho Municipal,24/07/2025,Ho Central,Cassava dough,5.09,Retail
Volta,Ho Municipal,24/07/2025,Ho Central,Fresh kpanla fish,36.36,Retail
Volta,Ho Municipal,24/07/2025,Ho Central,Plantain riped,18.79,Retail
Volta,Ho Municipal,24/07/2025,Ho Central,Sorghum,14.58,Retail
Volta,Ho Municipal,24/07/2025,Ho Central,Coconut fresh,4.70,Retail
Bono East,Kintampo North Municipal,05/08/2025,Kintampo,White maize,7.35,Retail
Bono East,Kintampo North Municipal,05/08/2025,Kintampo,Maize yellow,7.12,Retail
Bono East,Kintampo North Municipal,05/08/2025,Kintampo,Millet,12.19,Retail
Bono East,Kintampo North Municipal,05/08/2025,Kintampo,Rice local perfumed,15.12,Retail
Bono East,Kintampo North Municipal,05/08/2025,Kintampo,Rice imported perfumed,11.28,Retail
Bono East,Kintampo North Municipal,05/08/2025,Kintampo,Yam white,8.61,Retail
Bono East,Kintampo North Municipal,05/08/2025,Kintampo,Cassava,5.44,Retail
Bono East,Kintampo North Municipal,05/08/2025,Kintampo,Gari,8.73,Retail
Bono East,Kintampo North Municipal,05/08/2025,Kintampo,Plantain apentu,25.39,Retail
Bono East,Kintampo North Municipal,05/08/2025,Kintampo,Plantain apem,28.38,Retail
Bono East,Kintampo North Municipal,05/08/2025,Kintampo,Tomato local,18.06,Retail
Bono East,Kintampo North Municipal,05/08/2025,Kintampo,Garden egg,21.97,Retail
Bono East,Kintampo North Municipal,05/08/2025,Kintampo,Okro fresh,21.85,Retail
Bono East,Kintampo North Municipal,05/08/2025,Kintampo,Onion,17.30,Retail
Bono East,Kintampo North Municipal,05/08/2025,Kintampo,Dried pepper,102.78,Retail
Bono East,Kintampo North Municipal,05/08/2025,Kintampo,Fresh pepper,46.67,Retail
Bono East,Kintampo North Municipal,05/08/2025,Kintampo,Groundnut red,14.62,Retail
Bono East,Kintampo North Municipal,05/08/2025,Kintampo,Cowpea white,13.65,Retail
Bono East,Kintampo North Municipal,05/08/2025,Kintampo,Melon seeds agushi,49.21,Retail
Bono East,Kintampo North Municipal,05/08/2025,Kintampo,Melon seeds neri,13.89,Retail
Bono East,Kintampo North Municipal,05/08/2025,Kintampo,Sorghum,9.09,Retail
Bono East,Kintampo North Municipal,05/08/2025,Kintampo,Yam puna,14.45,Retail
Bono East,Kintampo North Municipal,05/08/2025,Kintampo,Okro dried,55.56,Retail
Bono East,Kintampo North Municipal,05/08/2025,Kintampo,Dried cassava chips kokonte,9.08,Retail
Greater Accra,Okaikoi South,04/08/2025,Tuesday,White maize,12.00,Retail
Greater Accra,Okaikoi South,04/08/2025,Tuesday,Maize yellow,14.00,Retail
Greater Accra,Okaikoi South,04/08/2025,Tuesday,Millet,17.36,Retail
Greater Accra,Okaikoi South,04/08/2025,Tuesday,Rice local perfumed,18.00,Retail
Greater Accra,Okaikoi South,04/08/2025,Tuesday,Rice local non perfumed,14.00,Retail
Greater Accra,Okaikoi South,04/08/2025,Tuesday,Rice imported perfumed,20.00,Retail
Greater Accra,Okaikoi South,04/08/2025,Tuesday,Rice imported non perfumed,16.00,Retail
Greater Accra,Okaikoi South,04/08/2025,Tuesday,Gari,12.50,Retail
Greater Accra,Okaikoi South,04/08/2025,Tuesday,Plantain apentu,33.33,Retail
Greater Accra,Okaikoi South,04/08/2025,Tuesday,Plantain apem,28.89,Retail
Greater Accra,Okaikoi South,04/08/2025,Tuesday,Orange,8.33,Retail
Greater Accra,Okaikoi South,04/08/2025,Tuesday,Watermelon,9.54,Retail
Greater Accra,Okaikoi South,04/08/2025,Tuesday,Pineapple,14.06,Retail
Greater Accra,Okaikoi South,04/08/2025,Tuesday,Tomato local,11.43,Retail
Greater Accra,Okaikoi South,04/08/2025,Tuesday,Garden egg,23.33,Retail
Greater Accra,Okaikoi South,04/08/2025,Tuesday,Okro fresh,16.67,Retail
Greater Accra,Okaikoi South,04/08/2025,Tuesday,Onion,15.96,Retail
Greater Accra,Okaikoi South,04/08/2025,Tuesday,Ginger,47.62,Retail
Greater Accra,Okaikoi South,04/08/2025,Tuesday,Fresh pepper,25.00,Retail
Greater Accra,Okaikoi South,04/08/2025,Tuesday,Fresh pepper bonnet,19.45,Retail
Greater Accra,Okaikoi South,04/08/2025,Tuesday,Egg commercial,65.00,Retail
Greater Accra,Okaikoi South,04/08/2025,Tuesday,Nkontomire,41.11,Retail
Greater Accra,Okaikoi South,04/08/2025,Tuesday,Ademe ayoyo jute mallow,50.00,Retail
Greater Accra,Okaikoi South,04/08/2025,Tuesday,Cabbage,26.11,Retail
Greater Accra,Okaikoi South,04/08/2025,Tuesday,Lettuce,50.00,Retail
Greater Accra,Okaikoi South,04/08/2025,Tuesday,Carrot,29.63,Retail
Greater Accra,Okaikoi South,04/08/2025,Tuesday,Sorghum,12.50,Retail
Greater Accra,Okaikoi South,04/08/2025,Tuesday,Tomato navrongo,13.64,Retail
Greater Accra,Okaikoi South,04/08/2025,Tuesday,Alefu amaranthus,44.44,Retail
Greater Accra,Tema East,27/07/2025,Tema Community One,White maize,12.00,Retail
Greater Accra,Tema East,27/07/2025,Tema Community One,Maize yellow,13.52,Retail
Greater Accra,Tema East,27/07/2025,Tema Community One,Millet,22.50,Retail
Greater Accra,Tema East,27/07/2025,Tema Community One,Rice local perfumed,24.67,Retail
Greater Accra,Tema East,27/07/2025,Tema Community One,Rice imported perfumed,22.67,Retail
Greater Accra,Tema East,27/07/2025,Tema Community One,Yam white,43.36,Retail
Greater Accra,Tema East,27/07/2025,Tema Community One,Cocoyam,31.62,Retail
Greater Accra,Tema East,27/07/2025,Tema Community One,Gari,30.00,Retail
Greater Accra,Tema East,27/07/2025,Tema Community One,Dried cassava powder kokonte,30.00,Retail
Greater Accra,Tema East,27/07/2025,Tema Community One,Plantain apentu,58.93,Retail
Greater Accra,Tema East,27/07/2025,Tema Community One,Plantain apem,108.33,Retail
Greater Accra,Tema East,27/07/2025,Tema Community One,Banana exotic,33.33,Retail
Greater Accra,Tema East,27/07/2025,Tema Community One,Banana local,38.89,Retail
Greater Accra,Tema East,27/07/2025,Tema Community One,Orange,17.78,Retail
Greater Accra,Tema East,27/07/2025,Tema Community One,Watermelon,15.11,Retail
Greater Accra,Tema East,27/07/2025,Tema Community One,Pineapple,25.00,Retail
Greater Accra,Tema East,27/07/2025,Tema Community One,Mango exotic,26.19,Retail
Greater Accra,Tema East,27/07/2025,Tema Community One,Tomato local,18.89,Retail
Greater Accra,Tema East,27/07/2025,Tema Community One,Garden egg,61.11,Retail
Greater Accra,Tema East,27/07/2025,Tema Community One,Okro fresh,50.00,Retail
Greater Accra,Tema East,27/07/2025,Tema Community One,Onion,32.38,Retail
Greater Accra,Tema East,27/07/2025,Tema Community One,Ginger,115.55,Retail
Greater Accra,Tema East,27/07/2025,Tema Community One,Dried pepper,88.89,Retail
Greater Accra,Tema East,27/07/2025,Tema Community One,Fresh pepper,45.83,Retail
Greater Accra,Tema East,27/07/2025,Tema Community One,Fresh pepper bonnet,44.44,Retail
Greater Accra,Tema East,27/07/2025,Tema Community One,Palm fruit,16.22,Retail
Greater Accra,Tema East,27/07/2025,Tema Community One,Groundnut red,38.67,Retail
Greater Accra,Tema East,27/07/2025,Tema Community One,Cowpea white,25.00,Retail
Greater Accra,Tema East,27/07/2025,Tema Community One,Soya bean,21.33,Retail
Greater Accra,Tema East,27/07/2025,Tema Community One,Melon seeds agushi,103.33,Retail
Greater Accra,Tema East,27/07/2025,Tema Community One,Melon seeds agushi powder,111.11,Retail
Greater Accra,Tema East,27/07/2025,Tema Community One,Palm oil,28.89,Retail
Greater Accra,Tema East,27/07/2025,Tema Community One,Beef,50.00,Retail
Greater Accra,Tema East,27/07/2025,Tema Community One,Smoked herring,239.22,Retail
Greater Accra,Tema East,27/07/2025,Tema Community One,Egg commercial,78.33,Retail
Greater Accra,Tema East,27/07/2025,Tema Community One,Chicken,54.67,Retail
Greater Accra,Tema East,27/07/2025,Tema Community One,Nkontomire,38.89,Retail
Greater Accra,Tema East,27/07/2025,Tema Community One,Ademe ayoyo jute mallow,33.33,Retail
Greater Accra,Tema East,27/07/2025,Tema Community One,Cabbage,43.89,Retail
Greater Accra,Tema East,27/07/2025,Tema Community One,Lettuce,50.00,Retail
Greater Accra,Tema East,27/07/2025,Tema Community One,Carrot,62.50,Retail
Greater Accra,Tema East,27/07/2025,Tema Community One,Pawpaw,20.00,Retail
Greater Accra,Tema East,27/07/2025,Tema Community One,Avocado pear,38.89,Retail
Greater Accra,Tema East,27/07/2025,Tema Community One,Bambara bean,26.66,Retail
Greater Accra,Tema East,27/07/2025,Tema Community One,Chevon goat meat,50.00,Retail
Greater Accra,Tema East,27/07/2025,Tema Community One,Sweet potato general white pinkish,39.53,Retail
Greater Accra,Tema East,27/07/2025,Tema Community One,Fresh red fish,69.67,Retail
Greater Accra,Tema East,27/07/2025,Tema Community One,Fresh salmon mackerel fish,40.33,Retail
Greater Accra,Tema East,27/07/2025,Tema Community One,Fresh kpanla fish,38.33,Retail
Greater Accra,Tema East,27/07/2025,Tema Community One,Plantain riped,45.83,Retail
Greater Accra,Tema East,27/07/2025,Tema Community One,Sorghum,21.00,Retail
Greater Accra,Tema East,27/07/2025,Tema Community One,Yam puna,68.65,Retail
Greater Accra,Tema East,27/07/2025,Tema Community One,Tomato navrongo,33.33,Retail
Greater Accra,Tema East,27/07/2025,Tema Community One,Alefu amaranthus,33.33,Retail
Central,Mfantsiman Municipal,06/08/2025,Mankessim,White maize,6.52,Retail
Central,Mfantsiman Municipal,06/08/2025,Mankessim,Maize yellow,7.12,Retail
Central,Mfantsiman Municipal,06/08/2025,Mankessim,Millet,20.78,Retail
Central,Mfantsiman Municipal,06/08/2025,Mankessim,Rice local perfumed,19.75,Retail
Central,Mfantsiman Municipal,06/08/2025,Mankessim,Rice local non perfumed,15.33,Retail
Central,Mfantsiman Municipal,06/08/2025,Mankessim,Rice imported perfumed,21.32,Retail
Central,Mfantsiman Municipal,06/08/2025,Mankessim,Rice imported non perfumed,12.07,Retail
Central,Mfantsiman Municipal,06/08/2025,Mankessim,Yam white,19.67,Retail
Central,Mfantsiman Municipal,06/08/2025,Mankessim,Cocoyam,38.26,Retail
Central,Mfantsiman Municipal,06/08/2025,Mankessim,Cassava,6.28,Retail
Central,Mfantsiman Municipal,06/08/2025,Mankessim,Gari,14.73,Retail
Central,Mfantsiman Municipal,06/08/2025,Mankessim,Dried cassava powder kokonte,11.68,Retail
Central,Mfantsiman Municipal,06/08/2025,Mankessim,Plantain apentu,26.09,Retail
Central,Mfantsiman Municipal,06/08/2025,Mankessim,Plantain apem,20.18,Retail
Central,Mfantsiman Municipal,06/08/2025,Mankessim,Banana exotic,18.45,Retail
Central,Mfantsiman Municipal,06/08/2025,Mankessim,Banana local,19.32,Retail
Central,Mfantsiman Municipal,06/08/2025,Mankessim,Orange,17.41,Retail
Central,Mfantsiman Municipal,06/08/2025,Mankessim,Watermelon,5.53,Retail
Central,Mfantsiman Municipal,06/08/2025,Mankessim,Pineapple,11.03,Retail
Central,Mfantsiman Municipal,06/08/2025,Mankessim,Mango exotic,11.18,Retail
Central,Mfantsiman Municipal,06/08/2025,Mankessim,Tomato local,16.13,Retail
Central,Mfantsiman Municipal,06/08/2025,Mankessim,Garden egg,25.25,Retail
Central,Mfantsiman Municipal,06/08/2025,Mankessim,Okro fresh,18.64,Retail
Central,Mfantsiman Municipal,06/08/2025,Mankessim,Onion,13.65,Retail
Central,Mfantsiman Municipal,06/08/2025,Mankessim,Ginger,207.06,Retail
Central,Mfantsiman Municipal,06/08/2025,Mankessim,Dried pepper,109.61,Retail
Central,Mfantsiman Municipal,06/08/2025,Mankessim,Fresh pepper,67.25,Retail
Central,Mfantsiman Municipal,06/08/2025,Mankessim,Fresh pepper bonnet,42.03,Retail
Central,Mfantsiman Municipal,06/08/2025,Mankessim,Palm fruit,8.98,Retail
Central,Mfantsiman Municipal,06/08/2025,Mankessim,Tiger nut,64.14,Retail
Central,Mfantsiman Municipal,06/08/2025,Mankessim,Groundnut red,27.53,Retail
Central,Mfantsiman Municipal,06/08/2025,Mankessim,Cowpea white,19.00,Retail
Central,Mfantsiman Municipal,06/08/2025,Mankessim,Soya bean,22.02,Retail
Central,Mfantsiman Municipal,06/08/2025,Mankessim,Melon seeds agushi,60.54,Retail
Central,Mfantsiman Municipal,06/08/2025,Mankessim,Melon seeds agushi powder,61.51,Retail
Central,Mfantsiman Municipal,06/08/2025,Mankessim,Melon seeds neri,24.89,Retail
Central,Mfantsiman Municipal,06/08/2025,Mankessim,Melon seeds neri powder,19.91,Retail
Central,Mfantsiman Municipal,06/08/2025,Mankessim,Palm oil,22.22,Retail
Central,Mfantsiman Municipal,06/08/2025,Mankessim,Coconut oil,41.11,Retail
Central,Mfantsiman Municipal,06/08/2025,Mankessim,Beef,60.00,Retail
Central,Mfantsiman Municipal,06/08/2025,Mankessim,Smoked herring,83.50,Retail
Central,Mfantsiman Municipal,06/08/2025,Mankessim,Salted dried tilapia koobi,108.33,Retail
Central,Mfantsiman Municipal,06/08/2025,Mankessim,Anchovy,108.46,Retail
Central,Mfantsiman Municipal,06/08/2025,Mankessim,Kako,96.10,Retail
Central,Mfantsiman Municipal,06/08/2025,Mankessim,Egg commercial,62.50,Retail
Central,Mfantsiman Municipal,06/08/2025,Mankessim,Chicken,43.00,Retail
Central,Mfantsiman Municipal,06/08/2025,Mankessim,Nkontomire,10.50,Retail
Central,Mfantsiman Municipal,06/08/2025,Mankessim,Ademe ayoyo jute mallow,13.70,Retail
Central,Mfantsiman Municipal,06/08/2025,Mankessim,Cabbage,15.68,Retail
Central,Mfantsiman Municipal,06/08/2025,Mankessim,Lettuce,42.96,Retail
Central,Mfantsiman Municipal,06/08/2025,Mankessim,Carrot,43.61,Retail
Central,Mfantsiman Municipal,06/08/2025,Mankessim,Pawpaw,15.83,Retail
Central,Mfantsiman Municipal,06/08/2025,Mankessim,Avocado pear,16.90,Retail
Central,Mfantsiman Municipal,06/08/2025,Mankessim,Bambara bean,33.09,Retail
Central,Mfantsiman Municipal,06/08/2025,Mankessim,Mutton sheep meat,60.00,Retail
Central,Mfantsiman Municipal,06/08/2025,Mankessim,Chevon goat meat,60.00,Retail
Central,Mfantsiman Municipal,06/08/2025,Mankessim,Snail,226.16,Retail
Central,Mfantsiman Municipal,06/08/2025,Mankessim,Sweet potato general white pinkish,40.40,Retail
Central,Mfantsiman Municipal,06/08/2025,Mankessim,Cassava dough,8.21,Retail
Central,Mfantsiman Municipal,06/08/2025,Mankessim,Fresh red fish,50.00,Retail
Central,Mfantsiman Municipal,06/08/2025,Mankessim,Fresh salmon mackerel fish,40.00,Retail
Central,Mfantsiman Municipal,06/08/2025,Mankessim,Fresh kpanla fish,35.00,Retail
Central,Mfantsiman Municipal,06/08/2025,Mankessim,Plantain riped,56.69,Retail
Central,Mfantsiman Municipal,06/08/2025,Mankessim,Yam puna,19.82,Retail
Eastern,New Juaben South Municipal,07/08/2025,Agatha,Gari,12.50,Retail
Eastern,New Juaben South Municipal,07/08/2025,Agatha,Plantain apentu,26.79,Retail
Eastern,New Juaben South Municipal,07/08/2025,Agatha,Tomato local,9.48,Retail
Eastern,New Juaben South Municipal,07/08/2025,Agatha,Onion,12.50,Retail
Eastern,New Juaben South Municipal,07/08/2025,Agatha,Egg commercial,55.00,Retail
Eastern,New Juaben South Municipal,07/08/2025,Agatha,Nkontomire,8.33,Retail
Eastern,New Juaben South Municipal,07/08/2025,Agatha,Cabbage,9.09,Retail
Eastern,New Juaben South Municipal,07/08/2025,Agatha,Carrot,16.67,Retail
Eastern,New Juaben South Municipal,07/08/2025,Agatha,Yam puna,16.88,Retail
Eastern,New Juaben South Municipal,07/08/2025,Agatha,Tomato navrongo,20.00,Retail
Western North,Bibiani Anhwiaso Bekwai Municipal,07/08/2025,Bibiani,White maize,9.09,Retail
Western North,Bibiani Anhwiaso Bekwai Municipal,07/08/2025,Bibiani,Maize yellow,10.06,Retail
Western North,Bibiani Anhwiaso Bekwai Municipal,07/08/2025,Bibiani,Rice local perfumed,19.72,Retail
Western North,Bibiani Anhwiaso Bekwai Municipal,07/08/2025,Bibiani,Rice local non perfumed,17.67,Retail
Western North,Bibiani Anhwiaso Bekwai Municipal,07/08/2025,Bibiani,Rice imported perfumed,22.78,Retail
Western North,Bibiani Anhwiaso Bekwai Municipal,07/08/2025,Bibiani,Rice imported non perfumed,18.22,Retail
Western North,Bibiani Anhwiaso Bekwai Municipal,07/08/2025,Bibiani,Yam white,13.54,Retail
Western North,Bibiani Anhwiaso Bekwai Municipal,07/08/2025,Bibiani,Cocoyam,22.41,Retail
Western North,Bibiani Anhwiaso Bekwai Municipal,07/08/2025,Bibiani,Cassava,5.63,Retail
Western North,Bibiani Anhwiaso Bekwai Municipal,07/08/2025,Bibiani,Gari,16.39,Retail
Western North,Bibiani Anhwiaso Bekwai Municipal,07/08/2025,Bibiani,Dried cassava powder kokonte,18.89,Retail
Western North,Bibiani Anhwiaso Bekwai Municipal,07/08/2025,Bibiani,Plantain apentu,19.63,Retail
Western North,Bibiani Anhwiaso Bekwai Municipal,07/08/2025,Bibiani,Plantain apem,26.19,Retail
Western North,Bibiani Anhwiaso Bekwai Municipal,07/08/2025,Bibiani,Tomato local,19.05,Retail
Western North,Bibiani Anhwiaso Bekwai Municipal,07/08/2025,Bibiani,Garden egg,23.49,Retail
Western North,Bibiani Anhwiaso Bekwai Municipal,07/08/2025,Bibiani,Okro fresh,29.61,Retail
Western North,Bibiani Anhwiaso Bekwai Municipal,07/08/2025,Bibiani,Onion,30.82,Retail
Western North,Bibiani Anhwiaso Bekwai Municipal,07/08/2025,Bibiani,Ginger,62.86,Retail
Western North,Bibiani Anhwiaso Bekwai Municipal,07/08/2025,Bibiani,Dried pepper,28.89,Retail
Western North,Bibiani Anhwiaso Bekwai Municipal,07/08/2025,Bibiani,Fresh pepper bonnet,39.63,Retail
Western North,Bibiani Anhwiaso Bekwai Municipal,07/08/2025,Bibiani,Palm fruit,8.40,Retail
Western North,Bibiani Anhwiaso Bekwai Municipal,07/08/2025,Bibiani,Groundnut red,15.56,Retail
Western North,Bibiani Anhwiaso Bekwai Municipal,07/08/2025,Bibiani,Cowpea white,25.83,Retail
Western North,Bibiani Anhwiaso Bekwai Municipal,07/08/2025,Bibiani,Soya bean,25.00,Retail
Western North,Bibiani Anhwiaso Bekwai Municipal,07/08/2025,Bibiani,Melon seeds agushi,86.11,Retail
Western North,Bibiani Anhwiaso Bekwai Municipal,07/08/2025,Bibiani,Melon seeds agushi powder,112.78,Retail
Western North,Bibiani Anhwiaso Bekwai Municipal,07/08/2025,Bibiani,Melon seeds neri,77.50,Retail
Western North,Bibiani Anhwiaso Bekwai Municipal,07/08/2025,Bibiani,Melon seeds neri powder,95.00,Retail
Western North,Bibiani Anhwiaso Bekwai Municipal,07/08/2025,Bibiani,Egg commercial,65.00,Retail
Western North,Bibiani Anhwiaso Bekwai Municipal,07/08/2025,Bibiani,Nkontomire,18.33,Retail
Western North,Bibiani Anhwiaso Bekwai Municipal,07/08/2025,Bibiani,Cabbage,20.32,Retail
Western North,Bibiani Anhwiaso Bekwai Municipal,07/08/2025,Bibiani,Carrot,21.67,Retail
Western North,Bibiani Anhwiaso Bekwai Municipal,07/08/2025,Bibiani,Mutton sheep meat,120.00,Retail
Western North,Bibiani Anhwiaso Bekwai Municipal,07/08/2025,Bibiani,Chevon goat meat,120.00,Retail
Western North,Bibiani Anhwiaso Bekwai Municipal,07/08/2025,Bibiani,Yam puna,13.09,Retail
Western North,Bibiani Anhwiaso Bekwai Municipal,07/08/2025,Bibiani,Tomato navrongo,26.27,Retail
Western North,Bibiani Anhwiaso Bekwai Municipal,07/08/2025,Bibiani,Coconut fresh,10.00,Retail
Western North,Bibiani Anhwiaso Bekwai Municipal,07/08/2025,Bibiani,Unshelled groundnut,13.50,Retail
North East,East Mamprusi Municipal,07/08/2025,Gbintiri ,White maize,5.38,Retail
North East,East Mamprusi Municipal,07/08/2025,Gbintiri ,Maize yellow,5.20,Retail
North East,East Mamprusi Municipal,07/08/2025,Gbintiri ,Millet,8.18,Retail
North East,East Mamprusi Municipal,07/08/2025,Gbintiri ,Gari,14.19,Retail
North East,East Mamprusi Municipal,07/08/2025,Gbintiri ,Dried pepper,26.48,Retail
North East,East Mamprusi Municipal,07/08/2025,Gbintiri ,Cowpea white,15.55,Retail
North East,East Mamprusi Municipal,07/08/2025,Gbintiri ,Soya bean,7.76,Retail
North East,East Mamprusi Municipal,07/08/2025,Gbintiri ,Bambara bean,16.63,Retail
North East,East Mamprusi Municipal,07/08/2025,Gbintiri ,Sorghum,7.76,Retail
North East,East Mamprusi Municipal,07/08/2025,Gbintiri ,Okro dried,44.24,Retail
Ahafo,Asunafo North Municipal,08/08/2025,Goaso,White maize,7.21,Retail
Ahafo,Asunafo North Municipal,08/08/2025,Goaso,Maize yellow,7.21,Retail
Ahafo,Asunafo North Municipal,08/08/2025,Goaso,Millet,14.00,Retail
Ahafo,Asunafo North Municipal,08/08/2025,Goaso,Rice local perfumed,16.33,Retail
Ahafo,Asunafo North Municipal,08/08/2025,Goaso,Cocoyam,12.96,Retail
Ahafo,Asunafo North Municipal,08/08/2025,Goaso,Gari,12.50,Retail
Ahafo,Asunafo North Municipal,08/08/2025,Goaso,Plantain apentu,11.33,Retail
Ahafo,Asunafo North Municipal,08/08/2025,Goaso,Plantain apem,11.20,Retail
Ahafo,Asunafo North Municipal,08/08/2025,Goaso,Banana local,6.56,Retail
Ahafo,Asunafo North Municipal,08/08/2025,Goaso,Watermelon,5.99,Retail
Ahafo,Asunafo North Municipal,08/08/2025,Goaso,Tomato local,6.22,Retail
Ahafo,Asunafo North Municipal,08/08/2025,Goaso,Garden egg,13.89,Retail
Ahafo,Asunafo North Municipal,08/08/2025,Goaso,Okro fresh,14.45,Retail
Ahafo,Asunafo North Municipal,08/08/2025,Goaso,Ginger,20.56,Retail
Ahafo,Asunafo North Municipal,08/08/2025,Goaso,Fresh pepper bonnet,22.22,Retail
Ahafo,Asunafo North Municipal,08/08/2025,Goaso,Palm fruit,4.28,Retail
Ahafo,Asunafo North Municipal,08/08/2025,Goaso,Groundnut red,25.00,Retail
Ahafo,Asunafo North Municipal,08/08/2025,Goaso,Cowpea white,16.00,Retail
Ahafo,Asunafo North Municipal,08/08/2025,Goaso,Melon seeds agushi,44.44,Retail
Ahafo,Asunafo North Municipal,08/08/2025,Goaso,Melon seeds agushi powder,58.34,Retail
Ahafo,Asunafo North Municipal,08/08/2025,Goaso,Melon seeds neri,50.00,Retail
Ahafo,Asunafo North Municipal,08/08/2025,Goaso,Palm oil,20.00,Retail
Ahafo,Asunafo North Municipal,08/08/2025,Goaso,Egg commercial,60.00,Retail
Ahafo,Asunafo North Municipal,08/08/2025,Goaso,Nkontomire,8.61,Retail
Ahafo,Asunafo North Municipal,08/08/2025,Goaso,Ademe ayoyo jute mallow,9.17,Retail
Ahafo,Asunafo North Municipal,08/08/2025,Goaso,Sorghum,12.00,Retail
Ahafo,Asunafo North Municipal,08/08/2025,Goaso,Yam puna,7.01,Retail
Ahafo,Asunafo North Municipal,08/08/2025,Goaso,Alefu amaranthus,8.33,Retail
Ahafo,Asunafo North Municipal,08/08/2025,Goaso,Coconut fresh,2.81,Retail
Ahafo,Asunafo North Municipal,08/08/2025,Goaso,Unshelled groundnut,16.67,Retail
Upper East,Bolgatangatanga Municipal,10/08/2025,Bolgatanga,White maize,5.29,Retail
Upper East,Bolgatangatanga Municipal,10/08/2025,Bolgatanga,Maize yellow,5.29,Retail
Upper East,Bolgatangatanga Municipal,10/08/2025,Bolgatanga,Millet,10.34,Retail
Upper East,Bolgatangatanga Municipal,10/08/2025,Bolgatanga,Rice local perfumed,11.43,Retail
Upper East,Bolgatangatanga Municipal,10/08/2025,Bolgatanga,Rice local non perfumed,9.57,Retail
Upper East,Bolgatangatanga Municipal,10/08/2025,Bolgatanga,Rice imported perfumed,15.48,Retail
Upper East,Bolgatangatanga Municipal,10/08/2025,Bolgatanga,Rice imported non perfumed,12.38,Retail
Upper East,Bolgatangatanga Municipal,10/08/2025,Bolgatanga,Yam white,5.79,Retail
Upper East,Bolgatangatanga Municipal,10/08/2025,Bolgatanga,Gari,11.22,Retail
Upper East,Bolgatangatanga Municipal,10/08/2025,Bolgatanga,Dried cassava powder kokonte,9.54,Retail
Upper East,Bolgatangatanga Municipal,10/08/2025,Bolgatanga,Plantain apentu,10.28,Retail
Upper East,Bolgatangatanga Municipal,10/08/2025,Bolgatanga,Plantain apem,10.00,Retail
Upper East,Bolgatangatanga Municipal,10/08/2025,Bolgatanga,Watermelon,1.94,Retail
Upper East,Bolgatangatanga Municipal,10/08/2025,Bolgatanga,Garden egg,6.67,Retail
Upper East,Bolgatangatanga Municipal,10/08/2025,Bolgatanga,Okro fresh,10.00,Retail
Upper East,Bolgatangatanga Municipal,10/08/2025,Bolgatanga,Palm fruit,18.52,Retail
Upper East,Bolgatangatanga Municipal,10/08/2025,Bolgatanga,Groundnut red,16.10,Retail
Upper East,Bolgatangatanga Municipal,10/08/2025,Bolgatanga,Cowpea white,11.14,Retail
Upper East,Bolgatangatanga Municipal,10/08/2025,Bolgatanga,Beef,80.00,Retail
Upper East,Bolgatangatanga Municipal,10/08/2025,Bolgatanga,Anchovy,57.88,Retail
Upper East,Bolgatangatanga Municipal,10/08/2025,Bolgatanga,Egg commercial,61.67,Retail
Upper East,Bolgatangatanga Municipal,10/08/2025,Bolgatanga,Chicken,75.00,Retail
Upper East,Bolgatangatanga Municipal,10/08/2025,Bolgatanga,Nkontomire,5.00,Retail
Upper East,Bolgatangatanga Municipal,10/08/2025,Bolgatanga,Ademe ayoyo jute mallow,5.00,Retail
Upper East,Bolgatangatanga Municipal,10/08/2025,Bolgatanga,Bambara bean,18.74,Retail
Upper East,Bolgatangatanga Municipal,10/08/2025,Bolgatanga,Chevon goat meat,100.00,Retail
Upper East,Bolgatangatanga Municipal,10/08/2025,Bolgatanga,Fresh salmon mackerel fish,34.67,Retail
Upper East,Bolgatangatanga Municipal,10/08/2025,Bolgatanga,Sorghum,6.44,Retail
Upper East,Bolgatangatanga Municipal,10/08/2025,Bolgatanga,Yam puna,4.66,Retail
Upper East,Bolgatangatanga Municipal,10/08/2025,Bolgatanga,Tomato navrongo,5.90,Retail
Upper East,Bolgatangatanga Municipal,10/08/2025,Bolgatanga,Alefu amaranthus,5.00,Retail
Upper East,Bolgatangatanga Municipal,10/08/2025,Bolgatanga,Groundnut Oil,22.44,Retail
Bono East,Techiman Municipal,06/08/2025,Techiman,White maize,7.53,Retail
Bono East,Techiman Municipal,06/08/2025,Techiman,Maize yellow,7.32,Retail
Bono East,Techiman Municipal,06/08/2025,Techiman,Millet,12.17,Retail
Bono East,Techiman Municipal,06/08/2025,Techiman,Rice local perfumed,11.89,Retail
Bono East,Techiman Municipal,06/08/2025,Techiman,Rice local non perfumed,10.96,Retail
Bono East,Techiman Municipal,06/08/2025,Techiman,Rice imported perfumed,21.33,Retail
Bono East,Techiman Municipal,06/08/2025,Techiman,Rice imported non perfumed,15.90,Retail
Bono East,Techiman Municipal,06/08/2025,Techiman,Cocoyam,26.19,Retail
Bono East,Techiman Municipal,06/08/2025,Techiman,Cassava,2.19,Retail
Bono East,Techiman Municipal,06/08/2025,Techiman,Gari,12.10,Retail
Bono East,Techiman Municipal,06/08/2025,Techiman,Dried cassava powder kokonte,11.00,Retail
Bono East,Techiman Municipal,06/08/2025,Techiman,Plantain apentu,12.73,Retail
Bono East,Techiman Municipal,06/08/2025,Techiman,Plantain apem,25.92,Retail
Bono East,Techiman Municipal,06/08/2025,Techiman,Banana exotic,13.37,Retail
Bono East,Techiman Municipal,06/08/2025,Techiman,Banana local,14.02,Retail
Bono East,Techiman Municipal,06/08/2025,Techiman,Orange,7.54,Retail
Bono East,Techiman Municipal,06/08/2025,Techiman,Watermelon,6.31,Retail
Bono East,Techiman Municipal,06/08/2025,Techiman,Pineapple,11.29,Retail
Bono East,Techiman Municipal,06/08/2025,Techiman,Mango exotic,8.55,Retail
Bono East,Techiman Municipal,06/08/2025,Techiman,Tomato local,10.88,Retail
Bono East,Techiman Municipal,06/08/2025,Techiman,Garden egg,17.78,Retail
Bono East,Techiman Municipal,06/08/2025,Techiman,Okro fresh,11.67,Retail
Bono East,Techiman Municipal,06/08/2025,Techiman,Onion,16.89,Retail
Bono East,Techiman Municipal,06/08/2025,Techiman,Ginger,36.35,Retail
Bono East,Techiman Municipal,06/08/2025,Techiman,Dried pepper,120.00,Retail
Bono East,Techiman Municipal,06/08/2025,Techiman,Fresh pepper bonnet,12.04,Retail
Bono East,Techiman Municipal,06/08/2025,Techiman,Tiger nut,25.00,Retail
Bono East,Techiman Municipal,06/08/2025,Techiman,Groundnut red,21.16,Retail
Bono East,Techiman Municipal,06/08/2025,Techiman,Cowpea white,18.08,Retail
Bono East,Techiman Municipal,06/08/2025,Techiman,Soya bean,9.62,Retail
Bono East,Techiman Municipal,06/08/2025,Techiman,Melon seeds agushi,46.25,Retail
Bono East,Techiman Municipal,06/08/2025,Techiman,Melon seeds agushi powder,46.67,Retail
Bono East,Techiman Municipal,06/08/2025,Techiman,Melon seeds neri,19.50,Retail
Bono East,Techiman Municipal,06/08/2025,Techiman,Melon seeds neri powder,34.67,Retail
Bono East,Techiman Municipal,06/08/2025,Techiman,Smoked herring,125.00,Retail
Bono East,Techiman Municipal,06/08/2025,Techiman,Salted dried tilapia koobi,125.00,Retail
Bono East,Techiman Municipal,06/08/2025,Techiman,Anchovy,76.16,Retail
Bono East,Techiman Municipal,06/08/2025,Techiman,Egg commercial,64.00,Retail
Bono East,Techiman Municipal,06/08/2025,Techiman,Chicken,43.33,Retail
Bono East,Techiman Municipal,06/08/2025,Techiman,Nkontomire,8.24,Retail
Bono East,Techiman Municipal,06/08/2025,Techiman,Ademe ayoyo jute mallow,8.89,Retail
Bono East,Techiman Municipal,06/08/2025,Techiman,Cabbage,10.00,Retail
Bono East,Techiman Municipal,06/08/2025,Techiman,Lettuce,16.11,Retail
Bono East,Techiman Municipal,06/08/2025,Techiman,Carrot,14.17,Retail
Bono East,Techiman Municipal,06/08/2025,Techiman,Bambara bean,23.78,Retail
Bono East,Techiman Municipal,06/08/2025,Techiman,Mutton sheep meat,130.00,Retail
Bono East,Techiman Municipal,06/08/2025,Techiman,Chevon goat meat,130.00,Retail
Bono East,Techiman Municipal,06/08/2025,Techiman,Fresh red fish,60.00,Retail
Bono East,Techiman Municipal,06/08/2025,Techiman,Fresh salmon mackerel fish,66.00,Retail
Bono East,Techiman Municipal,06/08/2025,Techiman,Fresh kpanla fish,41.00,Retail
Bono East,Techiman Municipal,06/08/2025,Techiman,Sorghum,9.26,Retail
Bono East,Techiman Municipal,06/08/2025,Techiman,Yam puna,13.23,Retail
Bono East,Techiman Municipal,06/08/2025,Techiman,Alefu amaranthus,8.89,Retail
Bono East,Techiman Municipal,06/08/2025,Techiman,Coconut fresh,5.76,Retail
Bono East,Techiman Municipal,06/08/2025,Techiman,Okro dried,24.52,Retail
Bono East,Techiman Municipal,06/08/2025,Techiman,Unshelled groundnut,13.10,Retail
Bono East,Techiman Municipal,06/08/2025,Techiman,Dried cassava chips kokonte,8.03,Retail
Bono East,Kintampo North Municipal,13/08/2025,Kintampo,White maize,7.77,Retail
Bono East,Kintampo North Municipal,13/08/2025,Kintampo,Maize yellow,7.57,Retail
Bono East,Kintampo North Municipal,13/08/2025,Kintampo,Millet,12.82,Retail
Bono East,Kintampo North Municipal,13/08/2025,Kintampo,Rice local perfumed,10.40,Retail
Bono East,Kintampo North Municipal,13/08/2025,Kintampo,Rice imported perfumed,14.86,Retail
Bono East,Kintampo North Municipal,13/08/2025,Kintampo,Yam white,10.63,Retail
Bono East,Kintampo North Municipal,13/08/2025,Kintampo,Cassava,7.64,Retail
Bono East,Kintampo North Municipal,13/08/2025,Kintampo,Gari,9.15,Retail
Bono East,Kintampo North Municipal,13/08/2025,Kintampo,Plantain apentu,21.24,Retail
Bono East,Kintampo North Municipal,13/08/2025,Kintampo,Plantain apem,27.61,Retail
Bono East,Kintampo North Municipal,13/08/2025,Kintampo,Tomato local,22.97,Retail
Bono East,Kintampo North Municipal,13/08/2025,Kintampo,Garden egg,13.43,Retail
Bono East,Kintampo North Municipal,13/08/2025,Kintampo,Okro fresh,23.80,Retail
Bono East,Kintampo North Municipal,13/08/2025,Kintampo,Onion,14.19,Retail
Bono East,Kintampo North Municipal,13/08/2025,Kintampo,Dried pepper,100.00,Retail
Bono East,Kintampo North Municipal,13/08/2025,Kintampo,Fresh pepper,43.18,Retail
Bono East,Kintampo North Municipal,13/08/2025,Kintampo,Groundnut red,15.05,Retail
Bono East,Kintampo North Municipal,13/08/2025,Kintampo,Cowpea white,14.60,Retail
Bono East,Kintampo North Municipal,13/08/2025,Kintampo,Melon seeds neri,13.35,Retail
Bono East,Kintampo North Municipal,13/08/2025,Kintampo,Sorghum,9.81,Retail
Bono East,Kintampo North Municipal,13/08/2025,Kintampo,Yam puna,22.62,Retail
Bono East,Kintampo North Municipal,13/08/2025,Kintampo,Okro dried,41.67,Retail
Bono East,Kintampo North Municipal,13/08/2025,Kintampo,Dried cassava chips kokonte,7.06,Retail
Bono East,Techiman Municipal,30/07/2025,Techiman,White maize,7.53,Retail
Bono East,Techiman Municipal,30/07/2025,Techiman,Maize yellow,7.81,Retail
Bono East,Techiman Municipal,30/07/2025,Techiman,Millet,12.01,Retail
Bono East,Techiman Municipal,30/07/2025,Techiman,Rice local perfumed,11.89,Retail
Bono East,Techiman Municipal,30/07/2025,Techiman,Rice local non perfumed,11.10,Retail
Bono East,Techiman Municipal,30/07/2025,Techiman,Rice imported perfumed,21.67,Retail
Bono East,Techiman Municipal,30/07/2025,Techiman,Rice imported non perfumed,16.64,Retail
Bono East,Techiman Municipal,30/07/2025,Techiman,Cocoyam,27.38,Retail
Bono East,Techiman Municipal,30/07/2025,Techiman,Cassava,2.79,Retail
Bono East,Techiman Municipal,30/07/2025,Techiman,Gari,12.30,Retail
Bono East,Techiman Municipal,30/07/2025,Techiman,Dried cassava powder kokonte,10.88,Retail
Bono East,Techiman Municipal,30/07/2025,Techiman,Plantain apentu,17.78,Retail
Bono East,Techiman Municipal,30/07/2025,Techiman,Plantain apem,21.48,Retail
Bono East,Techiman Municipal,30/07/2025,Techiman,Banana exotic,15.08,Retail
Bono East,Techiman Municipal,30/07/2025,Techiman,Banana local,12.63,Retail
Bono East,Techiman Municipal,30/07/2025,Techiman,Orange,7.24,Retail
Bono East,Techiman Municipal,30/07/2025,Techiman,Watermelon,4.17,Retail
Bono East,Techiman Municipal,30/07/2025,Techiman,Pineapple,10.06,Retail
Bono East,Techiman Municipal,30/07/2025,Techiman,Tomato local,11.03,Retail
Bono East,Techiman Municipal,30/07/2025,Techiman,Garden egg,20.13,Retail
Bono East,Techiman Municipal,30/07/2025,Techiman,Okro fresh,11.67,Retail
Bono East,Techiman Municipal,30/07/2025,Techiman,Onion,17.17,Retail
Bono East,Techiman Municipal,30/07/2025,Techiman,Ginger,27.38,Retail
Bono East,Techiman Municipal,30/07/2025,Techiman,Dried pepper,125.00,Retail
Bono East,Techiman Municipal,30/07/2025,Techiman,Fresh pepper bonnet,11.67,Retail
Bono East,Techiman Municipal,30/07/2025,Techiman,Palm fruit,8.50,Retail
Bono East,Techiman Municipal,30/07/2025,Techiman,Tiger nut,25.00,Retail
Bono East,Techiman Municipal,30/07/2025,Techiman,Groundnut red,21.33,Retail
Bono East,Techiman Municipal,30/07/2025,Techiman,Cowpea white,18.30,Retail
Bono East,Techiman Municipal,30/07/2025,Techiman,Soya bean,9.38,Retail
Bono East,Techiman Municipal,30/07/2025,Techiman,Melon seeds agushi,46.67,Retail
Bono East,Techiman Municipal,30/07/2025,Techiman,Melon seeds agushi powder,46.67,Retail
Bono East,Techiman Municipal,30/07/2025,Techiman,Melon seeds neri,20.00,Retail
Bono East,Techiman Municipal,30/07/2025,Techiman,Palm oil,27.62,Retail
Bono East,Techiman Municipal,30/07/2025,Techiman,Beef,88.00,Retail
Bono East,Techiman Municipal,30/07/2025,Techiman,Smoked herring,125.00,Retail
Bono East,Techiman Municipal,30/07/2025,Techiman,Salted dried tilapia koobi,125.00,Retail
Bono East,Techiman Municipal,30/07/2025,Techiman,Anchovy,74.31,Retail
Bono East,Techiman Municipal,30/07/2025,Techiman,Egg commercial,64.00,Retail
Bono East,Techiman Municipal,30/07/2025,Techiman,Chicken,50.00,Retail
Bono East,Techiman Municipal,30/07/2025,Techiman,Nkontomire,12.63,Retail
Bono East,Techiman Municipal,30/07/2025,Techiman,Ademe ayoyo jute mallow,8.33,Retail
Bono East,Techiman Municipal,30/07/2025,Techiman,Cabbage,9.63,Retail
Bono East,Techiman Municipal,30/07/2025,Techiman,Lettuce,20.00,Retail
Bono East,Techiman Municipal,30/07/2025,Techiman,Carrot,15.60,Retail
Bono East,Techiman Municipal,30/07/2025,Techiman,Bambara bean,23.78,Retail
Bono East,Techiman Municipal,30/07/2025,Techiman,Mutton sheep meat,110.00,Retail
Bono East,Techiman Municipal,30/07/2025,Techiman,Chevon goat meat,110.00,Retail
Bono East,Techiman Municipal,30/07/2025,Techiman,Cassava dough,7.64,Retail
Bono East,Techiman Municipal,30/07/2025,Techiman,Fresh red fish,60.00,Retail
Bono East,Techiman Municipal,30/07/2025,Techiman,Fresh salmon mackerel fish,59.70,Retail
Bono East,Techiman Municipal,30/07/2025,Techiman,Fresh kpanla fish,45.67,Retail
Bono East,Techiman Municipal,30/07/2025,Techiman,Sorghum,9.15,Retail
Bono East,Techiman Municipal,30/07/2025,Techiman,Yam puna,13.58,Retail
Bono East,Techiman Municipal,30/07/2025,Techiman,Alefu amaranthus,7.93,Retail
Bono East,Techiman Municipal,30/07/2025,Techiman,Coconut fresh,5.67,Retail
Bono East,Techiman Municipal,30/07/2025,Techiman,Unshelled groundnut,11.57,Retail
Bono East,Techiman Municipal,30/07/2025,Techiman,Dried cassava chips kokonte,9.25,Retail
Eastern,New Juaben South Municipal,14/08/2025,Koforidua Central,Maize yellow,6.67,Retail
Eastern,New Juaben South Municipal,14/08/2025,Koforidua Central,Rice imported perfumed,15.33,Retail
Eastern,New Juaben South Municipal,14/08/2025,Koforidua Central,Plantain apentu,18.68,Retail
Eastern,New Juaben South Municipal,14/08/2025,Koforidua Central,Orange,7.32,Retail
Eastern,New Juaben South Municipal,14/08/2025,Koforidua Central,Watermelon,6.67,Retail
Eastern,New Juaben South Municipal,14/08/2025,Koforidua Central,Tomato local,11.33,Retail
Eastern,New Juaben South Municipal,14/08/2025,Koforidua Central,Onion,14.76,Retail
Eastern,New Juaben South Municipal,14/08/2025,Koforidua Central,Fresh pepper bonnet,23.53,Retail
Eastern,New Juaben South Municipal,14/08/2025,Koforidua Central,Egg commercial,58.33,Retail
Eastern,New Juaben South Municipal,14/08/2025,Koforidua Central,Nkontomire,10.59,Retail
Eastern,New Juaben South Municipal,14/08/2025,Koforidua Central,Cabbage,9.70,Retail
Eastern,New Juaben South Municipal,14/08/2025,Koforidua Central,Carrot,17.68,Retail
Eastern,New Juaben South Municipal,14/08/2025,Koforidua Central,Yam puna,13.23,Retail
Ashanti,Obuasi Municipal,07/08/2025,Obuasi Central,Salted dried tilapia koobi,110.00,Retail
Ashanti,Obuasi Municipal,07/08/2025,Obuasi Central,Okro fresh,17.46,Retail
Ashanti,Obuasi Municipal,07/08/2025,Obuasi Central,Cabbage,17.58,Retail
Ashanti,Obuasi Municipal,07/08/2025,Obuasi Central,Carrot,17.37,Retail
Ashanti,Obuasi Municipal,07/08/2025,Obuasi Central,Onion,18.59,Retail
Ashanti,Obuasi Municipal,07/08/2025,Obuasi Central,Cowpea white,17.65,Retail
Ashanti,Obuasi Municipal,07/08/2025,Obuasi Central,Groundnut red,23.10,Retail
Ashanti,Obuasi Municipal,07/08/2025,Obuasi Central,Egg commercial,60.00,Retail
Ashanti,Obuasi Municipal,07/08/2025,Obuasi Central,Pork,44.00,Retail
Ashanti,Obuasi Municipal,07/08/2025,Obuasi Central,Lettuce,25.85,Retail
Ashanti,Obuasi Municipal,07/08/2025,Obuasi Central,Tomato local,22.76,Retail
Ashanti,Obuasi Municipal,07/08/2025,Obuasi Central,Fresh pepper bonnet,24.07,Retail
Ashanti,Obuasi Municipal,07/08/2025,Obuasi Central,Garden egg,18.77,Retail
Ashanti,Obuasi Municipal,07/08/2025,Obuasi Central,Rice local perfumed,16.86,Retail
Ashanti,Obuasi Municipal,07/08/2025,Obuasi Central,Maize yellow,11.69,Retail
Ashanti,Obuasi Municipal,07/08/2025,Obuasi Central,White maize,10.14,Retail
Ashanti,Obuasi Municipal,07/08/2025,Obuasi Central,Pineapple,14.29,Retail
Ashanti,Obuasi Municipal,07/08/2025,Obuasi Central,Mango exotic,17.26,Retail
Ashanti,Obuasi Municipal,07/08/2025,Obuasi Central,Nkontomire,16.99,Retail
Ashanti,Obuasi Municipal,07/08/2025,Obuasi Central,Plantain apem,14.89,Retail
Ashanti,Obuasi Municipal,07/08/2025,Obuasi Central,Cassava,5.24,Retail
Ashanti,Obuasi Municipal,07/08/2025,Obuasi Central,Millet,15.19,Retail
Ashanti,Obuasi Municipal,10/08/2025,Obuasi Central,Soya bean,16.45,Retail
Ashanti,Obuasi Municipal,10/08/2025,Obuasi Central,Bambara bean,26.48,Retail
Ashanti,Obuasi Municipal,10/08/2025,Obuasi Central,Plantain apentu,16.67,Retail
Bono,Sunyani Municipal,13/08/2025,Nana Bosomah,White maize,5.56,Retail
Bono,Sunyani Municipal,13/08/2025,Nana Bosomah,Maize yellow,5.56,Retail
Bono,Sunyani Municipal,13/08/2025,Nana Bosomah,Millet,12.00,Retail
Bono,Sunyani Municipal,13/08/2025,Nana Bosomah,Rice local perfumed,14.81,Retail
Bono,Sunyani Municipal,13/08/2025,Nana Bosomah,Rice local non perfumed,14.07,Retail
Bono,Sunyani Municipal,13/08/2025,Nana Bosomah,Rice imported perfumed,23.67,Retail
Bono,Sunyani Municipal,13/08/2025,Nana Bosomah,Rice imported non perfumed,19.33,Retail
Bono,Sunyani Municipal,13/08/2025,Nana Bosomah,Yam white,9.70,Retail
Bono,Sunyani Municipal,13/08/2025,Nana Bosomah,Cocoyam,19.87,Retail
Bono,Sunyani Municipal,13/08/2025,Nana Bosomah,Cassava,3.61,Retail
Bono,Sunyani Municipal,13/08/2025,Nana Bosomah,Gari,11.93,Retail
Bono,Sunyani Municipal,13/08/2025,Nana Bosomah,Dried cassava powder kokonte,20.00,Retail
Bono,Sunyani Municipal,13/08/2025,Nana Bosomah,Plantain apentu,35.55,Retail
Bono,Sunyani Municipal,13/08/2025,Nana Bosomah,Plantain apem,35.55,Retail
Bono,Sunyani Municipal,13/08/2025,Nana Bosomah,Banana exotic,75.00,Retail
Bono,Sunyani Municipal,13/08/2025,Nana Bosomah,Banana local,75.00,Retail
Bono,Sunyani Municipal,13/08/2025,Nana Bosomah,Orange,11.00,Retail
Bono,Sunyani Municipal,13/08/2025,Nana Bosomah,Watermelon,4.28,Retail
Bono,Sunyani Municipal,13/08/2025,Nana Bosomah,Pineapple,7.23,Retail
Bono,Sunyani Municipal,13/08/2025,Nana Bosomah,Mango exotic,3.47,Retail
Bono,Sunyani Municipal,13/08/2025,Nana Bosomah,Tomato local,13.27,Retail
Bono,Sunyani Municipal,13/08/2025,Nana Bosomah,Garden egg,12.94,Retail
Bono,Sunyani Municipal,13/08/2025,Nana Bosomah,Okro fresh,12.01,Retail
Bono,Sunyani Municipal,13/08/2025,Nana Bosomah,Sorghum,12.00,Retail
Bono,Sunyani Municipal,13/08/2025,Nana Bosomah,Yam puna,9.70,Retail
Bono,Sunyani Municipal,13/08/2025,Nana Bosomah,Coconut fresh,2.15,Retail
Bono,Sunyani Municipal,13/08/2025,Nana Bosomah,Okro dried,66.67,Retail
Bono,Sunyani Municipal,13/08/2025,Nana Bosomah,Dried cassava chips kokonte,6.95,Retail
Bono,Sunyani Municipal,13/08/2025,Nana Bosomah,Onion,15.52,Retail
Bono,Sunyani Municipal,13/08/2025,Nana Bosomah,Ginger,51.02,Retail
Bono,Sunyani Municipal,13/08/2025,Nana Bosomah,Dried pepper,83.33,Retail
Bono,Sunyani Municipal,13/08/2025,Nana Bosomah,Fresh pepper bonnet,50.00,Retail
Bono,Sunyani Municipal,13/08/2025,Nana Bosomah,Palm fruit,4.70,Retail
Bono,Sunyani Municipal,13/08/2025,Nana Bosomah,Tiger nut,25.00,Retail
Bono,Sunyani Municipal,13/08/2025,Nana Bosomah,Groundnut red,20.00,Retail
Bono,Sunyani Municipal,13/08/2025,Nana Bosomah,Cowpea white,16.67,Retail
Bono,Sunyani Municipal,13/08/2025,Nana Bosomah,Soya bean,12.50,Retail
Bono,Sunyani Municipal,13/08/2025,Nana Bosomah,Melon seeds agushi,55.56,Retail
Bono,Sunyani Municipal,13/08/2025,Nana Bosomah,Melon seeds agushi powder,57.23,Retail
Bono,Sunyani Municipal,13/08/2025,Nana Bosomah,Melon seeds neri,26.67,Retail
Bono,Sunyani Municipal,13/08/2025,Nana Bosomah,Melon seeds neri powder,29.41,Retail
Bono,Sunyani Municipal,13/08/2025,Nana Bosomah,Palm oil,26.67,Retail
Bono,Sunyani Municipal,13/08/2025,Nana Bosomah,Beef,100.00,Retail
Bono,Sunyani Municipal,13/08/2025,Nana Bosomah,Smoked herring,100.00,Retail
Bono,Sunyani Municipal,13/08/2025,Nana Bosomah,Salted dried tilapia koobi,333.33,Retail
Bono,Sunyani Municipal,13/08/2025,Nana Bosomah,Anchovy,200.00,Retail
Bono,Sunyani Municipal,13/08/2025,Nana Bosomah,Kako,30.00,Retail
Bono,Sunyani Municipal,13/08/2025,Nana Bosomah,Egg commercial,50.00,Retail
Bono,Sunyani Municipal,13/08/2025,Nana Bosomah,Chicken,52.00,Retail
Bono,Sunyani Municipal,13/08/2025,Nana Bosomah,Nkontomire,20.00,Retail
Bono,Sunyani Municipal,13/08/2025,Nana Bosomah,Ademe ayoyo jute mallow,20.00,Retail
Bono,Sunyani Municipal,13/08/2025,Nana Bosomah,Cabbage,9.55,Retail
Bono,Sunyani Municipal,13/08/2025,Nana Bosomah,Lettuce,50.00,Retail
Bono,Sunyani Municipal,13/08/2025,Nana Bosomah,Carrot,200.00,Retail
Bono,Sunyani Municipal,13/08/2025,Nana Bosomah,Bambara bean,28.85,Retail
Bono,Sunyani Municipal,13/08/2025,Nana Bosomah,Mutton sheep meat,160.00,Retail
Bono,Sunyani Municipal,13/08/2025,Nana Bosomah,Chevon goat meat,160.00,Retail
Bono,Sunyani Municipal,13/08/2025,Nana Bosomah,Snail,19.49,Retail
Bono,Sunyani Municipal,13/08/2025,Nana Bosomah,Sweet potato general white pinkish,55.56,Retail
Bono,Sunyani Municipal,13/08/2025,Nana Bosomah,Cassava dough,10.00,Retail
Bono,Sunyani Municipal,13/08/2025,Nana Bosomah,Fresh red fish,55.00,Retail
Bono,Sunyani Municipal,13/08/2025,Nana Bosomah,Fresh salmon mackerel fish,42.00,Retail
Bono,Sunyani Municipal,13/08/2025,Nana Bosomah,Fresh kpanla fish,40.00,Retail
Bono,Sunyani Municipal,13/08/2025,Nana Bosomah,Plantain riped,94.44,Retail
Bono,Sunyani Municipal,13/08/2025,Nana Bosomah,Alefu amaranthus,20.00,Retail
Bono,Sunyani Municipal,13/08/2025,Nana Bosomah,Unshelled groundnut,9.70,Retail
Bono,Sunyani Municipal,13/08/2025,Nana Bosomah,Fresh cow milk,33.33,Retail
Central,Mfantsiman Municipal,13/08/2025,Mankessim,White maize,6.65,Retail
Central,Mfantsiman Municipal,13/08/2025,Mankessim,Maize yellow,7.96,Retail
Central,Mfantsiman Municipal,13/08/2025,Mankessim,Millet,21.46,Retail
Central,Mfantsiman Municipal,13/08/2025,Mankessim,Rice local perfumed,22.42,Retail
Central,Mfantsiman Municipal,13/08/2025,Mankessim,Rice local non perfumed,15.20,Retail
Central,Mfantsiman Municipal,13/08/2025,Mankessim,Rice imported perfumed,22.57,Retail
Central,Mfantsiman Municipal,13/08/2025,Mankessim,Rice imported non perfumed,13.54,Retail
Central,Mfantsiman Municipal,13/08/2025,Mankessim,Yam white,13.13,Retail
Central,Mfantsiman Municipal,13/08/2025,Mankessim,Cassava,8.28,Retail
Central,Mfantsiman Municipal,13/08/2025,Mankessim,Gari,14.33,Retail
Central,Mfantsiman Municipal,13/08/2025,Mankessim,Dried cassava powder kokonte,11.98,Retail
Central,Mfantsiman Municipal,13/08/2025,Mankessim,Plantain apentu,26.22,Retail
Central,Mfantsiman Municipal,13/08/2025,Mankessim,Plantain apem,36.11,Retail
Central,Mfantsiman Municipal,13/08/2025,Mankessim,Banana exotic,24.55,Retail
Central,Mfantsiman Municipal,13/08/2025,Mankessim,Banana local,18.91,Retail
Central,Mfantsiman Municipal,13/08/2025,Mankessim,Orange,9.35,Retail
Central,Mfantsiman Municipal,13/08/2025,Mankessim,Watermelon,3.62,Retail
Central,Mfantsiman Municipal,13/08/2025,Mankessim,Pineapple,11.87,Retail
Central,Mfantsiman Municipal,13/08/2025,Mankessim,Mango exotic,10.56,Retail
Central,Mfantsiman Municipal,13/08/2025,Mankessim,Tomato local,18.63,Retail
Central,Mfantsiman Municipal,13/08/2025,Mankessim,Garden egg,19.29,Retail
Central,Mfantsiman Municipal,13/08/2025,Mankessim,Okro fresh,22.94,Retail
Central,Mfantsiman Municipal,13/08/2025,Mankessim,Onion,14.33,Retail
Central,Mfantsiman Municipal,13/08/2025,Mankessim,Ginger,170.50,Retail
Central,Mfantsiman Municipal,13/08/2025,Mankessim,Dried pepper,108.98,Retail
Central,Mfantsiman Municipal,13/08/2025,Mankessim,Fresh pepper,112.92,Retail
Central,Mfantsiman Municipal,13/08/2025,Mankessim,Fresh pepper bonnet,35.83,Retail
Central,Mfantsiman Municipal,13/08/2025,Mankessim,Palm fruit,9.33,Retail
Central,Mfantsiman Municipal,13/08/2025,Mankessim,Tiger nut,66.73,Retail
Central,Mfantsiman Municipal,13/08/2025,Mankessim,Groundnut red,28.04,Retail
Central,Mfantsiman Municipal,13/08/2025,Mankessim,Cowpea white,27.78,Retail
Central,Mfantsiman Municipal,13/08/2025,Mankessim,Soya bean,19.53,Retail
Central,Mfantsiman Municipal,13/08/2025,Mankessim,Melon seeds agushi,59.17,Retail
Central,Mfantsiman Municipal,13/08/2025,Mankessim,Melon seeds agushi powder,58.97,Retail
Central,Mfantsiman Municipal,13/08/2025,Mankessim,Melon seeds neri,24.82,Retail
Central,Mfantsiman Municipal,13/08/2025,Mankessim,Melon seeds neri powder,18.94,Retail
Central,Mfantsiman Municipal,13/08/2025,Mankessim,Palm oil,22.50,Retail
Central,Mfantsiman Municipal,13/08/2025,Mankessim,Coconut oil,50.00,Retail
Central,Mfantsiman Municipal,13/08/2025,Mankessim,Beef,60.00,Retail
Central,Mfantsiman Municipal,13/08/2025,Mankessim,Smoked herring,55.75,Retail
Central,Mfantsiman Municipal,13/08/2025,Mankessim,Salted dried tilapia koobi,114.68,Retail
Central,Mfantsiman Municipal,13/08/2025,Mankessim,Anchovy,109.71,Retail
Central,Mfantsiman Municipal,13/08/2025,Mankessim,Kako,98.91,Retail
Central,Mfantsiman Municipal,13/08/2025,Mankessim,Egg commercial,67.50,Retail
Central,Mfantsiman Municipal,13/08/2025,Mankessim,Chicken,42.00,Retail
Central,Mfantsiman Municipal,13/08/2025,Mankessim,Nkontomire,12.03,Retail
Central,Mfantsiman Municipal,13/08/2025,Mankessim,Ademe ayoyo jute mallow,14.85,Retail
Central,Mfantsiman Municipal,13/08/2025,Mankessim,Cabbage,15.71,Retail
Central,Mfantsiman Municipal,13/08/2025,Mankessim,Lettuce,29.78,Retail
Central,Mfantsiman Municipal,13/08/2025,Mankessim,Carrot,32.50,Retail
Central,Mfantsiman Municipal,13/08/2025,Mankessim,Pawpaw,7.92,Retail
Central,Mfantsiman Municipal,13/08/2025,Mankessim,Avocado pear,27.88,Retail
Central,Mfantsiman Municipal,13/08/2025,Mankessim,Bambara bean,29.60,Retail
Central,Mfantsiman Municipal,13/08/2025,Mankessim,Mutton sheep meat,60.00,Retail
Central,Mfantsiman Municipal,13/08/2025,Mankessim,Chevon goat meat,60.00,Retail
Central,Mfantsiman Municipal,13/08/2025,Mankessim,Snail,104.09,Retail
Central,Mfantsiman Municipal,13/08/2025,Mankessim,Sweet potato general white pinkish,19.29,Retail
Central,Mfantsiman Municipal,13/08/2025,Mankessim,Cassava dough,7.75,Retail
Central,Mfantsiman Municipal,13/08/2025,Mankessim,Fresh red fish,50.00,Retail
Central,Mfantsiman Municipal,13/08/2025,Mankessim,Fresh salmon mackerel fish,40.00,Retail
Central,Mfantsiman Municipal,13/08/2025,Mankessim,Fresh kpanla fish,35.00,Retail
Central,Mfantsiman Municipal,13/08/2025,Mankessim,Plantain riped,29.29,Retail
Central,Mfantsiman Municipal,13/08/2025,Mankessim,Yam puna,12.62,Retail
Central,Mfantsiman Municipal,13/08/2025,Mankessim,Tomato navrongo,19.65,Retail
Oti,Nkwanta South Municipal,05/08/2025,Nkwanta,White maize,7.75,Retail
Oti,Nkwanta South Municipal,05/08/2025,Nkwanta,Maize yellow,8.56,Retail
Oti,Nkwanta South Municipal,05/08/2025,Nkwanta,Millet,12.17,Retail
Oti,Nkwanta South Municipal,05/08/2025,Nkwanta,Rice local perfumed,13.33,Retail
Oti,Nkwanta South Municipal,05/08/2025,Nkwanta,Rice local non perfumed,10.71,Retail
Oti,Nkwanta South Municipal,05/08/2025,Nkwanta,Rice imported perfumed,24.00,Retail
Oti,Nkwanta South Municipal,05/08/2025,Nkwanta,Rice imported non perfumed,20.00,Retail
Oti,Nkwanta South Municipal,05/08/2025,Nkwanta,Cocoyam,9.70,Retail
Oti,Nkwanta South Municipal,05/08/2025,Nkwanta,Cassava,8.67,Retail
Oti,Nkwanta South Municipal,05/08/2025,Nkwanta,Gari,10.87,Retail
Oti,Nkwanta South Municipal,05/08/2025,Nkwanta,Dried cassava powder kokonte,40.00,Retail
Oti,Nkwanta South Municipal,05/08/2025,Nkwanta,Plantain apentu,16.36,Retail
Oti,Nkwanta South Municipal,05/08/2025,Nkwanta,Plantain apem,9.23,Retail
Oti,Nkwanta South Municipal,05/08/2025,Nkwanta,Banana exotic,6.33,Retail
Oti,Nkwanta South Municipal,05/08/2025,Nkwanta,Banana local,6.54,Retail
Oti,Nkwanta South Municipal,05/08/2025,Nkwanta,Orange,8.49,Retail
Oti,Nkwanta South Municipal,05/08/2025,Nkwanta,Watermelon,6.66,Retail
Oti,Nkwanta South Municipal,05/08/2025,Nkwanta,Pineapple,8.67,Retail
Oti,Nkwanta South Municipal,05/08/2025,Nkwanta,Tomato local,10.00,Retail
Oti,Nkwanta South Municipal,05/08/2025,Nkwanta,Garden egg,10.83,Retail
Oti,Nkwanta South Municipal,05/08/2025,Nkwanta,Okro fresh,48.15,Retail
Oti,Nkwanta South Municipal,05/08/2025,Nkwanta,Onion,55.56,Retail
Oti,Nkwanta South Municipal,05/08/2025,Nkwanta,Ginger,50.00,Retail
Oti,Nkwanta South Municipal,05/08/2025,Nkwanta,Dried pepper,100.00,Retail
Oti,Nkwanta South Municipal,05/08/2025,Nkwanta,Fresh pepper bonnet,10.00,Retail
Oti,Nkwanta South Municipal,05/08/2025,Nkwanta,Palm fruit,6.06,Retail
Oti,Nkwanta South Municipal,05/08/2025,Nkwanta,Cowpea white,19.75,Retail
Oti,Nkwanta South Municipal,05/08/2025,Nkwanta,Soya bean,9.26,Retail
Oti,Nkwanta South Municipal,05/08/2025,Nkwanta,Melon seeds agushi,60.00,Retail
Oti,Nkwanta South Municipal,05/08/2025,Nkwanta,Melon seeds neri,12.00,Retail
Oti,Nkwanta South Municipal,05/08/2025,Nkwanta,Egg commercial,70.00,Retail
Oti,Nkwanta South Municipal,05/08/2025,Nkwanta,Chicken,62.50,Retail
Oti,Nkwanta South Municipal,05/08/2025,Nkwanta,Nkontomire,10.00,Retail
Oti,Nkwanta South Municipal,05/08/2025,Nkwanta,Ademe ayoyo jute mallow,20.00,Retail
Oti,Nkwanta South Municipal,05/08/2025,Nkwanta,Cabbage,10.95,Retail
Oti,Nkwanta South Municipal,05/08/2025,Nkwanta,Lettuce,15.08,Retail
Oti,Nkwanta South Municipal,05/08/2025,Nkwanta,Carrot,25.00,Retail
Oti,Nkwanta South Municipal,05/08/2025,Nkwanta,Pawpaw,4.50,Retail
Oti,Nkwanta South Municipal,05/08/2025,Nkwanta,Avocado pear,17.78,Retail
Oti,Nkwanta South Municipal,05/08/2025,Nkwanta,Bambara bean,24.07,Retail
Oti,Nkwanta South Municipal,05/08/2025,Nkwanta,Chevon goat meat,50.00,Retail
Oti,Nkwanta South Municipal,05/08/2025,Nkwanta,Fresh salmon mackerel fish,38.33,Retail
Oti,Nkwanta South Municipal,05/08/2025,Nkwanta,Fresh kpanla fish,18.33,Retail
Oti,Nkwanta South Municipal,05/08/2025,Nkwanta,Plantain riped,20.00,Retail
Oti,Nkwanta South Municipal,05/08/2025,Nkwanta,Sorghum,9.26,Retail
Oti,Nkwanta South Municipal,05/08/2025,Nkwanta,Yam puna,15.28,Retail
Oti,Nkwanta South Municipal,05/08/2025,Nkwanta,Tomato navrongo,18.33,Retail
Oti,Nkwanta South Municipal,05/08/2025,Nkwanta,Coconut fresh,11.43,Retail
Oti,Nkwanta South Municipal,05/08/2025,Nkwanta,Okro dried,46.67,Retail
Oti,Nkwanta South Municipal,05/08/2025,Nkwanta,Dried cassava chips kokonte,11.67,Retail
Western North,Bibiani Anhwiaso Bekwai Municipal,14/08/2025,Bibiani ,White maize,10.46,Retail
Western North,Bibiani Anhwiaso Bekwai Municipal,14/08/2025,Bibiani ,Maize yellow,12.03,Retail
Western North,Bibiani Anhwiaso Bekwai Municipal,14/08/2025,Bibiani ,Millet,9.21,Retail
Western North,Bibiani Anhwiaso Bekwai Municipal,14/08/2025,Bibiani ,Rice local perfumed,10.37,Retail
Western North,Bibiani Anhwiaso Bekwai Municipal,14/08/2025,Bibiani ,Rice local non perfumed,8.10,Retail
Western North,Bibiani Anhwiaso Bekwai Municipal,14/08/2025,Bibiani ,Rice imported perfumed,12.29,Retail
Western North,Bibiani Anhwiaso Bekwai Municipal,14/08/2025,Bibiani ,Rice imported non perfumed,8.47,Retail
Western North,Bibiani Anhwiaso Bekwai Municipal,14/08/2025,Bibiani ,Yam white,12.49,Retail
Western North,Bibiani Anhwiaso Bekwai Municipal,14/08/2025,Bibiani ,Cocoyam,25.45,Retail
Western North,Bibiani Anhwiaso Bekwai Municipal,14/08/2025,Bibiani ,Cassava,4.67,Retail
Western North,Bibiani Anhwiaso Bekwai Municipal,14/08/2025,Bibiani ,Gari,12.06,Retail
Western North,Bibiani Anhwiaso Bekwai Municipal,14/08/2025,Bibiani ,Dried cassava powder kokonte,17.22,Retail
Western North,Bibiani Anhwiaso Bekwai Municipal,14/08/2025,Bibiani ,Plantain apentu,24.07,Retail
Western North,Bibiani Anhwiaso Bekwai Municipal,14/08/2025,Bibiani ,Plantain apem,31.35,Retail
Western North,Bibiani Anhwiaso Bekwai Municipal,14/08/2025,Bibiani ,Banana local,16.11,Retail
Western North,Bibiani Anhwiaso Bekwai Municipal,14/08/2025,Bibiani ,Tomato local,11.00,Retail
Western North,Bibiani Anhwiaso Bekwai Municipal,14/08/2025,Bibiani ,Garden egg,15.41,Retail
Western North,Bibiani Anhwiaso Bekwai Municipal,14/08/2025,Bibiani ,Okro fresh,32.76,Retail
Western North,Bibiani Anhwiaso Bekwai Municipal,14/08/2025,Bibiani ,Onion,30.52,Retail
Western North,Bibiani Anhwiaso Bekwai Municipal,14/08/2025,Bibiani ,Ginger,65.67,Retail
Western North,Bibiani Anhwiaso Bekwai Municipal,14/08/2025,Bibiani ,Dried pepper,20.16,Retail
Western North,Bibiani Anhwiaso Bekwai Municipal,14/08/2025,Bibiani ,Fresh pepper,54.68,Retail
Western North,Bibiani Anhwiaso Bekwai Municipal,14/08/2025,Bibiani ,Fresh pepper bonnet,42.96,Retail
Western North,Bibiani Anhwiaso Bekwai Municipal,14/08/2025,Bibiani ,Palm fruit,9.27,Retail
Western North,Bibiani Anhwiaso Bekwai Municipal,14/08/2025,Bibiani ,Groundnut red,24.67,Retail
Western North,Bibiani Anhwiaso Bekwai Municipal,14/08/2025,Bibiani ,Cowpea white,12.45,Retail
Western North,Bibiani Anhwiaso Bekwai Municipal,14/08/2025,Bibiani ,Soya bean,10.83,Retail
Western North,Bibiani Anhwiaso Bekwai Municipal,14/08/2025,Bibiani ,Melon seeds agushi,29.49,Retail
Western North,Bibiani Anhwiaso Bekwai Municipal,14/08/2025,Bibiani ,Melon seeds neri,22.33,Retail
Western North,Bibiani Anhwiaso Bekwai Municipal,14/08/2025,Bibiani ,Melon seeds neri powder,22.78,Retail
Western North,Bibiani Anhwiaso Bekwai Municipal,14/08/2025,Bibiani ,Egg commercial,60.00,Retail
Western North,Bibiani Anhwiaso Bekwai Municipal,14/08/2025,Bibiani ,Nkontomire,16.39,Retail
Western North,Bibiani Anhwiaso Bekwai Municipal,14/08/2025,Bibiani ,Cabbage,8.45,Retail
Western North,Bibiani Anhwiaso Bekwai Municipal,14/08/2025,Bibiani ,Carrot,17.50,Retail
Western North,Bibiani Anhwiaso Bekwai Municipal,14/08/2025,Bibiani ,Mutton sheep meat,120.33,Retail
Western North,Bibiani Anhwiaso Bekwai Municipal,14/08/2025,Bibiani ,Chevon goat meat,120.33,Retail
Western North,Bibiani Anhwiaso Bekwai Municipal,14/08/2025,Bibiani ,Yam puna,13.00,Retail
Western North,Bibiani Anhwiaso Bekwai Municipal,14/08/2025,Bibiani ,Coconut fresh,10.00,Retail
Western North,Bibiani Anhwiaso Bekwai Municipal,14/08/2025,Bibiani ,Unshelled groundnut,9.96,Retail
Western North,Bibiani Anhwiaso Bekwai Municipal,14/08/2025,Bibiani ,Dried cassava chips kokonte,8.30,Retail
Ahafo,Asunafo North Municipal,14/08/2025,Goaso,White maize,7.07,Retail
Ahafo,Asunafo North Municipal,14/08/2025,Goaso,Maize yellow,8.16,Retail
Ahafo,Asunafo North Municipal,14/08/2025,Goaso,Rice local perfumed,16.85,Retail
Ahafo,Asunafo North Municipal,14/08/2025,Goaso,Cocoyam,10.96,Retail
Ahafo,Asunafo North Municipal,14/08/2025,Goaso,Dried cassava powder kokonte,11.05,Retail
Ahafo,Asunafo North Municipal,14/08/2025,Goaso,Plantain apentu,10.92,Retail
Ahafo,Asunafo North Municipal,14/08/2025,Goaso,Tomato local,11.67,Retail
Ahafo,Asunafo North Municipal,14/08/2025,Goaso,Onion,14.24,Retail
Ahafo,Asunafo North Municipal,14/08/2025,Goaso,Ginger,23.33,Retail
Ahafo,Asunafo North Municipal,14/08/2025,Goaso,Fresh pepper bonnet,18.06,Retail
Ahafo,Asunafo North Municipal,14/08/2025,Goaso,Cowpea white,15.78,Retail
Ahafo,Asunafo North Municipal,14/08/2025,Goaso,Egg commercial,61.67,Retail
Ahafo,Asunafo North Municipal,14/08/2025,Goaso,Nkontomire,9.05,Retail
Ahafo,Asunafo North Municipal,14/08/2025,Goaso,Cabbage,8.12,Retail
Ahafo,Asunafo North Municipal,14/08/2025,Goaso,Cassava dough,7.93,Retail
Ahafo,Asunafo North Municipal,14/08/2025,Goaso,Yam puna,10.63,Retail
Ahafo,Asunafo North Municipal,14/08/2025,Goaso,Dried cassava chips kokonte,11.47,Retail
Oti,Nkwanta South Municipal,14/08/2025,Nkwanta,White maize,8.05,Retail
Oti,Nkwanta South Municipal,14/08/2025,Nkwanta,Maize yellow,7.95,Retail
Oti,Nkwanta South Municipal,14/08/2025,Nkwanta,Millet,12.00,Retail
Oti,Nkwanta South Municipal,14/08/2025,Nkwanta,Rice local perfumed,13.55,Retail
Oti,Nkwanta South Municipal,14/08/2025,Nkwanta,Rice local non perfumed,10.61,Retail
Oti,Nkwanta South Municipal,14/08/2025,Nkwanta,Rice imported perfumed,24.00,Retail
Oti,Nkwanta South Municipal,14/08/2025,Nkwanta,Rice imported non perfumed,19.74,Retail
Oti,Nkwanta South Municipal,14/08/2025,Nkwanta,Cocoyam,10.53,Retail
Oti,Nkwanta South Municipal,14/08/2025,Nkwanta,Cassava,6.11,Retail
Oti,Nkwanta South Municipal,14/08/2025,Nkwanta,Gari,10.72,Retail
Oti,Nkwanta South Municipal,14/08/2025,Nkwanta,Dried cassava powder kokonte,20.00,Retail
Oti,Nkwanta South Municipal,14/08/2025,Nkwanta,Plantain apentu,20.00,Retail
Oti,Nkwanta South Municipal,14/08/2025,Nkwanta,Plantain apem,9.10,Retail
Oti,Nkwanta South Municipal,14/08/2025,Nkwanta,Banana exotic,6.60,Retail
Oti,Nkwanta South Municipal,14/08/2025,Nkwanta,Banana local,6.00,Retail
Oti,Nkwanta South Municipal,14/08/2025,Nkwanta,Orange,8.09,Retail
Oti,Nkwanta South Municipal,14/08/2025,Nkwanta,Watermelon,5.81,Retail
Oti,Nkwanta South Municipal,14/08/2025,Nkwanta,Pineapple,9.39,Retail
Oti,Nkwanta South Municipal,14/08/2025,Nkwanta,Tomato local,10.28,Retail
Oti,Nkwanta South Municipal,14/08/2025,Nkwanta,Garden egg,11.67,Retail
Oti,Nkwanta South Municipal,14/08/2025,Nkwanta,Okro fresh,20.00,Retail
Oti,Nkwanta South Municipal,14/08/2025,Nkwanta,Onion,38.33,Retail
Oti,Nkwanta South Municipal,14/08/2025,Nkwanta,Ginger,25.00,Retail
Oti,Nkwanta South Municipal,14/08/2025,Nkwanta,Dried pepper,103.70,Retail
Oti,Nkwanta South Municipal,14/08/2025,Nkwanta,Fresh pepper bonnet,10.00,Retail
Oti,Nkwanta South Municipal,14/08/2025,Nkwanta,Palm fruit,6.67,Retail
Oti,Nkwanta South Municipal,14/08/2025,Nkwanta,Cowpea white,19.64,Retail
Oti,Nkwanta South Municipal,14/08/2025,Nkwanta,Soya bean,9.62,Retail
Oti,Nkwanta South Municipal,14/08/2025,Nkwanta,Melon seeds agushi,50.00,Retail
Oti,Nkwanta South Municipal,14/08/2025,Nkwanta,Melon seeds neri,13.04,Retail
Oti,Nkwanta South Municipal,14/08/2025,Nkwanta,Palm oil,58.33,Retail
Oti,Nkwanta South Municipal,14/08/2025,Nkwanta,Beef,63.64,Retail
Oti,Nkwanta South Municipal,14/08/2025,Nkwanta,Egg commercial,72.00,Retail
Oti,Nkwanta South Municipal,14/08/2025,Nkwanta,Chicken,55.56,Retail
Oti,Nkwanta South Municipal,14/08/2025,Nkwanta,Nkontomire,5.00,Retail
Oti,Nkwanta South Municipal,14/08/2025,Nkwanta,Ademe ayoyo jute mallow,10.00,Retail
Oti,Nkwanta South Municipal,14/08/2025,Nkwanta,Cabbage,5.03,Retail
Oti,Nkwanta South Municipal,14/08/2025,Nkwanta,Lettuce,14.29,Retail
Oti,Nkwanta South Municipal,14/08/2025,Nkwanta,Carrot,25.00,Retail
Oti,Nkwanta South Municipal,14/08/2025,Nkwanta,Pawpaw,4.85,Retail
Oti,Nkwanta South Municipal,14/08/2025,Nkwanta,Avocado pear,20.00,Retail
Oti,Nkwanta South Municipal,14/08/2025,Nkwanta,Bambara bean,26.00,Retail
Oti,Nkwanta South Municipal,14/08/2025,Nkwanta,Chevon goat meat,50.00,Retail
Oti,Nkwanta South Municipal,14/08/2025,Nkwanta,Cassava dough,5.00,Retail
Oti,Nkwanta South Municipal,14/08/2025,Nkwanta,Fresh salmon mackerel fish,36.67,Retail
Oti,Nkwanta South Municipal,14/08/2025,Nkwanta,Fresh kpanla fish,20.48,Retail
Oti,Nkwanta South Municipal,14/08/2025,Nkwanta,Plantain riped,19.94,Retail
Oti,Nkwanta South Municipal,14/08/2025,Nkwanta,Sorghum,9.62,Retail
Oti,Nkwanta South Municipal,14/08/2025,Nkwanta,Yam puna,14.81,Retail
Oti,Nkwanta South Municipal,14/08/2025,Nkwanta,Tomato navrongo,16.19,Retail
Oti,Nkwanta South Municipal,14/08/2025,Nkwanta,Coconut fresh,12.86,Retail
Oti,Nkwanta South Municipal,14/08/2025,Nkwanta,Okro dried,44.84,Retail
Oti,Nkwanta South Municipal,14/08/2025,Nkwanta,Dried cassava chips kokonte,9.33,Retail
Upper East,Bolgatangatanga Municipal,16/08/2025,Bolgatanga,White maize,8.45,Retail
Upper East,Bolgatangatanga Municipal,16/08/2025,Bolgatanga,Maize yellow,8.45,Retail
Upper East,Bolgatangatanga Municipal,16/08/2025,Bolgatanga,Millet,17.56,Retail
Upper East,Bolgatangatanga Municipal,16/08/2025,Bolgatanga,Rice imported perfumed,46.67,Retail
Upper East,Bolgatangatanga Municipal,16/08/2025,Bolgatanga,Rice imported non perfumed,34.50,Retail
Upper East,Bolgatangatanga Municipal,16/08/2025,Bolgatanga,Garden egg,6.67,Retail
Upper East,Bolgatangatanga Municipal,16/08/2025,Bolgatanga,Okro fresh,5.00,Retail
Upper East,Bolgatangatanga Municipal,16/08/2025,Bolgatanga,Onion,7.50,Retail
Upper East,Bolgatangatanga Municipal,16/08/2025,Bolgatanga,Fresh pepper bonnet,5.00,Retail
Upper East,Bolgatangatanga Municipal,16/08/2025,Bolgatanga,Groundnut red,16.67,Retail
Upper East,Bolgatangatanga Municipal,16/08/2025,Bolgatanga,Cowpea white,11.49,Retail
Upper East,Bolgatangatanga Municipal,16/08/2025,Bolgatanga,Soya bean,8.62,Retail
Upper East,Bolgatangatanga Municipal,16/08/2025,Bolgatanga,Beef,80.00,Retail
Upper East,Bolgatangatanga Municipal,16/08/2025,Bolgatanga,Ademe ayoyo jute mallow,5.00,Retail
Upper East,Bolgatangatanga Municipal,16/08/2025,Bolgatanga,Chevon goat meat,100.00,Retail
Upper East,Bolgatangatanga Municipal,16/08/2025,Bolgatanga,Sorghum,11.04,Retail
Upper East,Bolgatangatanga Municipal,16/08/2025,Bolgatanga,Tomato navrongo,10.00,Retail
Upper East,Bolgatangatanga Municipal,16/08/2025,Bolgatanga,Alefu amaranthus,5.00,Retail
Upper East,Bolgatangatanga Municipal,16/08/2025,Bolgatanga,Groundnut Oil,10.57,Retail
Savannah,Bole,16/07/2025,Bamboi,White maize,8.00,Retail
Savannah,Bole,16/07/2025,Bamboi,Maize yellow,8.00,Retail
Savannah,Bole,16/07/2025,Bamboi,Millet,14.58,Retail
Savannah,Bole,16/07/2025,Bamboi,Rice local non perfumed,16.67,Retail
Savannah,Bole,16/07/2025,Bamboi,Rice imported non perfumed,20.83,Retail
Savannah,Bole,16/07/2025,Bamboi,Yam white,27.50,Retail
Savannah,Bole,16/07/2025,Bamboi,Gari,13.89,Retail
Savannah,Bole,16/07/2025,Bamboi,Tomato local,33.47,Retail
Savannah,Bole,16/07/2025,Bamboi,Garden egg,60.90,Retail
Savannah,Bole,16/07/2025,Bamboi,Okro fresh,36.12,Retail
Savannah,Bole,16/07/2025,Bamboi,Onion,24.62,Retail
Savannah,Bole,16/07/2025,Bamboi,Dried pepper,39.23,Retail
Savannah,Bole,16/07/2025,Bamboi,Fresh pepper bonnet,34.47,Retail
Savannah,Bole,16/07/2025,Bamboi,Groundnut red,18.75,Retail
Savannah,Bole,16/07/2025,Bamboi,Cowpea white,15.86,Retail
Savannah,Bole,16/07/2025,Bamboi,Soya bean,12.14,Retail
Savannah,Bole,16/07/2025,Bamboi,Melon seeds agushi,35.00,Retail
Savannah,Bole,16/07/2025,Bamboi,Melon seeds neri,23.75,Retail
Savannah,Bole,16/07/2025,Bamboi,Palm oil,6.67,Retail
Savannah,Bole,16/07/2025,Bamboi,Beef,80.00,Retail
Savannah,Bole,16/07/2025,Bamboi,Egg commercial,70.00,Retail
Savannah,Bole,16/07/2025,Bamboi,Sorghum,12.50,Retail
Savannah,Bole,16/07/2025,Bamboi,Yam puna,26.67,Retail
Savannah,Bole,16/07/2025,Bamboi,Okro dried,38.33,Retail
Upper West,Wa Municipal,17/08/2025,Wa,White maize,7.14,Retail
Upper West,Wa Municipal,17/08/2025,Wa,Maize yellow,6.87,Retail
Upper West,Wa Municipal,17/08/2025,Wa,Millet,10.00,Retail
Upper West,Wa Municipal,17/08/2025,Wa,Rice local perfumed,10.35,Retail
Upper West,Wa Municipal,17/08/2025,Wa,Rice local non perfumed,11.15,Retail
Upper West,Wa Municipal,17/08/2025,Wa,Rice imported perfumed,18.02,Retail
Upper West,Wa Municipal,17/08/2025,Wa,Rice imported non perfumed,13.96,Retail
Upper West,Wa Municipal,17/08/2025,Wa,Yam white,17.99,Retail
Upper West,Wa Municipal,17/08/2025,Wa,Gari,10.72,Retail
Upper West,Wa Municipal,17/08/2025,Wa,Dried cassava powder kokonte,17.62,Retail
Upper West,Wa Municipal,17/08/2025,Wa,Tomato local,11.33,Retail
Upper West,Wa Municipal,17/08/2025,Wa,Garden egg,8.97,Retail
Upper West,Wa Municipal,17/08/2025,Wa,Okro fresh,8.49,Retail
Upper West,Wa Municipal,17/08/2025,Wa,Onion,3.52,Retail
Upper West,Wa Municipal,17/08/2025,Wa,Ginger,33.33,Retail
Upper West,Wa Municipal,17/08/2025,Wa,Dried pepper,34.22,Retail
Upper West,Wa Municipal,17/08/2025,Wa,Tiger nut,41.67,Retail
Upper West,Wa Municipal,17/08/2025,Wa,Groundnut red,15.17,Retail
Upper West,Wa Municipal,17/08/2025,Wa,Cowpea white,18.97,Retail
Upper West,Wa Municipal,17/08/2025,Wa,Soya bean,5.56,Retail
Upper West,Wa Municipal,17/08/2025,Wa,Melon seeds agushi,34.44,Retail
Upper West,Wa Municipal,17/08/2025,Wa,Melon seeds agushi powder,68.23,Retail
Upper West,Wa Municipal,17/08/2025,Wa,Melon seeds neri,31.11,Retail
Upper West,Wa Municipal,17/08/2025,Wa,Melon seeds neri powder,56.23,Retail
Upper West,Wa Municipal,17/08/2025,Wa,Beef,80.00,Retail
Upper West,Wa Municipal,17/08/2025,Wa,Smoked herring,22.97,Retail
Upper West,Wa Municipal,17/08/2025,Wa,Anchovy,105.46,Retail
Upper West,Wa Municipal,17/08/2025,Wa,Egg commercial,75.00,Retail
Upper West,Wa Municipal,17/08/2025,Wa,Chicken,42.11,Retail
Upper West,Wa Municipal,17/08/2025,Wa,Nkontomire,18.89,Retail
Upper West,Wa Municipal,17/08/2025,Wa,Ademe ayoyo jute mallow,19.45,Retail
Upper West,Wa Municipal,17/08/2025,Wa,Cabbage,15.23,Retail
Upper West,Wa Municipal,17/08/2025,Wa,Lettuce,13.10,Retail
Upper West,Wa Municipal,17/08/2025,Wa,Carrot,19.31,Retail
Upper West,Wa Municipal,17/08/2025,Wa,Bambara bean,24.31,Retail
Upper West,Wa Municipal,17/08/2025,Wa,Sorghum,8.28,Retail
Upper West,Wa Municipal,17/08/2025,Wa,Yam puna,27.27,Retail
Upper West,Wa Municipal,17/08/2025,Wa,Tomato navrongo,11.18,Retail
Upper West,Wa Municipal,17/08/2025,Wa,Alefu amaranthus,20.42,Retail
Upper West,Wa Municipal,17/08/2025,Wa,Okro dried,61.46,Retail
Upper West,Wa Municipal,17/08/2025,Wa,Dried cassava chips kokonte,10.96,Retail
Upper West,Wa Municipal,17/08/2025,Wa,Groundnut Oil,29.08,Retail
Greater Accra,Okaikoi South,21/04/2025,Agbogbloshie,White maize,11.20,Retail
Greater Accra,Okaikoi South,21/04/2025,Agbogbloshie,Maize yellow,12.00,Retail
Greater Accra,Okaikoi South,21/04/2025,Agbogbloshie,Millet,16.89,Retail
Greater Accra,Okaikoi South,21/04/2025,Agbogbloshie,Rice local perfumed,19.33,Retail
Greater Accra,Okaikoi South,21/04/2025,Agbogbloshie,Rice local non perfumed,14.00,Retail
Greater Accra,Okaikoi South,21/04/2025,Agbogbloshie,Rice imported perfumed,21.33,Retail
Greater Accra,Okaikoi South,21/04/2025,Agbogbloshie,Rice imported non perfumed,14.00,Retail
Greater Accra,Okaikoi South,21/04/2025,Agbogbloshie,Gari,12.00,Retail
Greater Accra,Okaikoi South,21/04/2025,Agbogbloshie,Plantain apentu,33.33,Retail
Greater Accra,Okaikoi South,21/04/2025,Agbogbloshie,Plantain apem,33.33,Retail
Greater Accra,Okaikoi South,21/04/2025,Agbogbloshie,Orange,10.37,Retail
Greater Accra,Okaikoi South,21/04/2025,Agbogbloshie,Watermelon,14.64,Retail
Greater Accra,Okaikoi South,21/04/2025,Agbogbloshie,Pineapple,10.24,Retail
Greater Accra,Okaikoi South,21/04/2025,Agbogbloshie,Tomato local,15.73,Retail
Greater Accra,Okaikoi South,21/04/2025,Agbogbloshie,Garden egg,22.22,Retail
Greater Accra,Okaikoi South,21/04/2025,Agbogbloshie,Okro fresh,23.33,Retail
Greater Accra,Okaikoi South,21/04/2025,Agbogbloshie,Onion,22.54,Retail
Greater Accra,Okaikoi South,21/04/2025,Agbogbloshie,Ginger,45.08,Retail
Greater Accra,Okaikoi South,21/04/2025,Agbogbloshie,Dried pepper,36.11,Retail
Greater Accra,Okaikoi South,21/04/2025,Agbogbloshie,Fresh pepper,25.00,Retail
Greater Accra,Okaikoi South,21/04/2025,Agbogbloshie,Fresh pepper bonnet,25.00,Retail
Greater Accra,Okaikoi South,21/04/2025,Agbogbloshie,Egg commercial,65.00,Retail
Greater Accra,Okaikoi South,21/04/2025,Agbogbloshie,Nkontomire,33.33,Retail
Greater Accra,Okaikoi South,21/04/2025,Agbogbloshie,Ademe ayoyo jute mallow,50.00,Retail
Greater Accra,Okaikoi South,21/04/2025,Agbogbloshie,Cabbage,12.50,Retail
Greater Accra,Okaikoi South,21/04/2025,Agbogbloshie,Lettuce,38.89,Retail
Greater Accra,Okaikoi South,21/04/2025,Agbogbloshie,Carrot,25.00,Retail
Greater Accra,Okaikoi South,21/04/2025,Agbogbloshie,Sorghum,10.94,Retail
Greater Accra,Okaikoi South,21/04/2025,Agbogbloshie,Tomato navrongo,19.46,Retail
Greater Accra,Okaikoi South,21/04/2025,Agbogbloshie,Alefu amaranthus,33.33,Retail
Greater Accra,Okaikoi South,21/04/2025,Agbogbloshie,Okro dried,27.50,Retail
Greater Accra,Okaikoi South,21/04/2025,Makola,White maize,12.00,Retail
Greater Accra,Okaikoi South,21/04/2025,Makola,Maize yellow,13.33,Retail
Greater Accra,Okaikoi South,21/04/2025,Makola,Millet,18.75,Retail
Greater Accra,Okaikoi South,21/04/2025,Makola,Rice local perfumed,20.00,Retail
Greater Accra,Okaikoi South,21/04/2025,Makola,Rice local non perfumed,14.00,Retail
Greater Accra,Okaikoi South,21/04/2025,Makola,Rice imported perfumed,20.00,Retail
Greater Accra,Okaikoi South,21/04/2025,Makola,Rice imported non perfumed,14.00,Retail
Greater Accra,Okaikoi South,21/04/2025,Makola,Gari,28.00,Retail
Greater Accra,Okaikoi South,21/04/2025,Makola,Plantain apentu,40.00,Retail
Greater Accra,Okaikoi South,21/04/2025,Makola,Plantain apem,40.00,Retail
Greater Accra,Okaikoi South,21/04/2025,Makola,Orange,8.33,Retail
Greater Accra,Okaikoi South,21/04/2025,Makola,Watermelon,13.64,Retail
Greater Accra,Okaikoi South,21/04/2025,Makola,Tomato local,17.80,Retail
Greater Accra,Okaikoi South,21/04/2025,Makola,Garden egg,33.33,Retail
Greater Accra,Okaikoi South,21/04/2025,Makola,Okro fresh,25.00,Retail
Greater Accra,Okaikoi South,21/04/2025,Makola,Onion,28.57,Retail
Greater Accra,Okaikoi South,21/04/2025,Makola,Ginger,50.00,Retail
Greater Accra,Okaikoi South,21/04/2025,Makola,Fresh pepper,25.00,Retail
Greater Accra,Okaikoi South,21/04/2025,Makola,Fresh pepper bonnet,25.00,Retail
Greater Accra,Okaikoi South,21/04/2025,Makola,Egg commercial,63.33,Retail
Greater Accra,Okaikoi South,21/04/2025,Makola,Nkontomire,50.00,Retail
Greater Accra,Okaikoi South,21/04/2025,Makola,Ademe ayoyo jute mallow,50.00,Retail
Greater Accra,Okaikoi South,21/04/2025,Makola,Cabbage,20.00,Retail
Greater Accra,Okaikoi South,21/04/2025,Makola,Lettuce,50.00,Retail
Greater Accra,Okaikoi South,21/04/2025,Makola,Carrot,30.16,Retail
Greater Accra,Okaikoi South,21/04/2025,Makola,Plantain riped,40.00,Retail
Greater Accra,Okaikoi South,21/04/2025,Makola,Sorghum,12.50,Retail
Greater Accra,Okaikoi South,21/04/2025,Makola,Tomato navrongo,20.61,Retail
Greater Accra,Okaikoi South,21/04/2025,Makola,Alefu amaranthus,50.00,Retail
Greater Accra,Okaikoi South,18/08/2025,Tuesday ,White maize,12.00,Retail
Greater Accra,Okaikoi South,18/08/2025,Tuesday ,Maize yellow,14.19,Retail
Greater Accra,Okaikoi South,18/08/2025,Tuesday ,Millet,18.75,Retail
Greater Accra,Okaikoi South,18/08/2025,Tuesday ,Rice local perfumed,20.00,Retail
Greater Accra,Okaikoi South,18/08/2025,Tuesday ,Rice local non perfumed,14.00,Retail
Greater Accra,Okaikoi South,18/08/2025,Tuesday ,Rice imported perfumed,20.00,Retail
Greater Accra,Okaikoi South,18/08/2025,Tuesday ,Rice imported non perfumed,14.00,Retail
Greater Accra,Okaikoi South,18/08/2025,Tuesday ,Yam white,15.32,Retail
Greater Accra,Okaikoi South,18/08/2025,Tuesday ,Gari,12.50,Retail
Greater Accra,Okaikoi South,18/08/2025,Tuesday ,Plantain apentu,24.07,Retail
Greater Accra,Okaikoi South,18/08/2025,Tuesday ,Plantain apem,25.00,Retail
Greater Accra,Okaikoi South,18/08/2025,Tuesday ,Orange,12.04,Retail
Greater Accra,Okaikoi South,18/08/2025,Tuesday ,Watermelon,13.06,Retail
Greater Accra,Okaikoi South,18/08/2025,Tuesday ,Tomato local,14.86,Retail
Greater Accra,Okaikoi South,18/08/2025,Tuesday ,Okro fresh,18.89,Retail
Greater Accra,Okaikoi South,18/08/2025,Tuesday ,Onion,23.81,Retail
Greater Accra,Okaikoi South,18/08/2025,Tuesday ,Fresh pepper,16.67,Retail
Greater Accra,Okaikoi South,18/08/2025,Tuesday ,Egg commercial,63.33,Retail
Greater Accra,Okaikoi South,18/08/2025,Tuesday ,Ademe ayoyo jute mallow,50.00,Retail
Greater Accra,Okaikoi South,18/08/2025,Tuesday ,Cabbage,22.22,Retail
Greater Accra,Okaikoi South,18/08/2025,Tuesday ,Lettuce,50.00,Retail
Greater Accra,Okaikoi South,18/08/2025,Tuesday ,Carrot,30.55,Retail
Greater Accra,Okaikoi South,18/08/2025,Tuesday ,Sorghum,14.58,Retail
Greater Accra,Okaikoi South,18/08/2025,Tuesday ,Yam puna,17.04,Retail
Greater Accra,Okaikoi South,18/08/2025,Tuesday ,Tomato navrongo,18.86,Retail
Greater Accra,Okaikoi South,18/08/2025,Tuesday ,Alefu amaranthus,38.89,Retail
Bono East,Kintampo North Municipal,18/08/2025,Kintampo,White maize,6.64,Retail
Bono East,Kintampo North Municipal,18/08/2025,Kintampo,Maize yellow,6.52,Retail
Bono East,Kintampo North Municipal,18/08/2025,Kintampo,Millet,10.46,Retail
Bono East,Kintampo North Municipal,18/08/2025,Kintampo,Rice local perfumed,10.35,Retail
Bono East,Kintampo North Municipal,18/08/2025,Kintampo,Yam white,9.58,Retail
Bono East,Kintampo North Municipal,18/08/2025,Kintampo,Cassava,5.90,Retail
Bono East,Kintampo North Municipal,18/08/2025,Kintampo,Gari,10.84,Retail
Bono East,Kintampo North Municipal,18/08/2025,Kintampo,Plantain apentu,21.67,Retail
Bono East,Kintampo North Municipal,18/08/2025,Kintampo,Plantain apem,27.59,Retail
Bono East,Kintampo North Municipal,18/08/2025,Kintampo,Tomato local,24.51,Retail
Bono East,Kintampo North Municipal,18/08/2025,Kintampo,Garden egg,19.77,Retail
Bono East,Kintampo North Municipal,18/08/2025,Kintampo,Okro fresh,29.17,Retail
Bono East,Kintampo North Municipal,18/08/2025,Kintampo,Onion,19.01,Retail
Bono East,Kintampo North Municipal,18/08/2025,Kintampo,Dried pepper,117.86,Retail
Bono East,Kintampo North Municipal,18/08/2025,Kintampo,Fresh pepper,43.43,Retail
Bono East,Kintampo North Municipal,18/08/2025,Kintampo,Groundnut red,14.06,Retail
Bono East,Kintampo North Municipal,18/08/2025,Kintampo,Cowpea white,11.27,Retail
Bono East,Kintampo North Municipal,18/08/2025,Kintampo,Soya bean,8.85,Retail
Bono East,Kintampo North Municipal,18/08/2025,Kintampo,Melon seeds agushi,63.16,Retail
Bono East,Kintampo North Municipal,18/08/2025,Kintampo,Melon seeds neri,13.69,Retail
Bono East,Kintampo North Municipal,18/08/2025,Kintampo,Palm oil,25.62,Retail
Bono East,Kintampo North Municipal,18/08/2025,Kintampo,Sorghum,9.13,Retail
Bono East,Kintampo North Municipal,18/08/2025,Kintampo,Yam puna,16.55,Retail
Bono East,Kintampo North Municipal,18/08/2025,Kintampo,Okro dried,66.11,Retail
Bono East,Kintampo North Municipal,18/08/2025,Kintampo,Dried cassava chips kokonte,8.18,Retail
Bono East,Techiman Municipal,14/08/2025,Techiman,White maize,8.05,Retail
Bono East,Techiman Municipal,14/08/2025,Techiman,Maize yellow,8.68,Retail
Bono East,Techiman Municipal,14/08/2025,Techiman,Millet,11.69,Retail
Bono East,Techiman Municipal,14/08/2025,Techiman,Rice local perfumed,12.34,Retail
Bono East,Techiman Municipal,14/08/2025,Techiman,Rice local non perfumed,11.36,Retail
Bono East,Techiman Municipal,14/08/2025,Techiman,Rice imported perfumed,22.33,Retail
Bono East,Techiman Municipal,14/08/2025,Techiman,Rice imported non perfumed,14.76,Retail
Bono East,Techiman Municipal,14/08/2025,Techiman,Yam white,10.25,Retail
Bono East,Techiman Municipal,14/08/2025,Techiman,Cassava,2.88,Retail
Bono East,Techiman Municipal,14/08/2025,Techiman,Gari,11.98,Retail
Bono East,Techiman Municipal,14/08/2025,Techiman,Dried cassava powder kokonte,11.25,Retail
Bono East,Techiman Municipal,14/08/2025,Techiman,Plantain apentu,19.02,Retail
Bono East,Techiman Municipal,14/08/2025,Techiman,Plantain apem,22.41,Retail
Bono East,Techiman Municipal,14/08/2025,Techiman,Banana exotic,15.08,Retail
Bono East,Techiman Municipal,14/08/2025,Techiman,Banana local,14.49,Retail
Bono East,Techiman Municipal,14/08/2025,Techiman,Watermelon,6.13,Retail
Bono East,Techiman Municipal,14/08/2025,Techiman,Pineapple,9.77,Retail
Bono East,Techiman Municipal,14/08/2025,Techiman,Mango exotic,7.99,Retail
Bono East,Techiman Municipal,14/08/2025,Techiman,Tomato local,12.17,Retail
Bono East,Techiman Municipal,14/08/2025,Techiman,Garden egg,19.02,Retail
Bono East,Techiman Municipal,14/08/2025,Techiman,Okro fresh,15.88,Retail
Bono East,Techiman Municipal,14/08/2025,Techiman,Onion,18.28,Retail
Bono East,Techiman Municipal,14/08/2025,Techiman,Ginger,39.17,Retail
Bono East,Techiman Municipal,14/08/2025,Techiman,Dried pepper,112.50,Retail
Bono East,Techiman Municipal,14/08/2025,Techiman,Fresh pepper bonnet,14.41,Retail
Bono East,Techiman Municipal,14/08/2025,Techiman,Palm fruit,8.71,Retail
Bono East,Techiman Municipal,14/08/2025,Techiman,Tiger nut,25.00,Retail
Bono East,Techiman Municipal,14/08/2025,Techiman,Groundnut red,20.83,Retail
Bono East,Techiman Municipal,14/08/2025,Techiman,Cowpea white,17.68,Retail
Bono East,Techiman Municipal,14/08/2025,Techiman,Soya bean,9.26,Retail
Bono East,Techiman Municipal,14/08/2025,Techiman,Melon seeds agushi,46.67,Retail
Bono East,Techiman Municipal,14/08/2025,Techiman,Melon seeds neri,17.50,Retail
Bono East,Techiman Municipal,14/08/2025,Techiman,Palm oil,22.86,Retail
Bono East,Techiman Municipal,14/08/2025,Techiman,Beef,110.00,Retail
Bono East,Techiman Municipal,14/08/2025,Techiman,Smoked herring,138.89,Retail
Bono East,Techiman Municipal,14/08/2025,Techiman,Salted dried tilapia koobi,88.89,Retail
Bono East,Techiman Municipal,14/08/2025,Techiman,Anchovy,67.22,Retail
Bono East,Techiman Municipal,14/08/2025,Techiman,Egg commercial,64.00,Retail
Bono East,Techiman Municipal,14/08/2025,Techiman,Chicken,41.67,Retail
Bono East,Techiman Municipal,14/08/2025,Techiman,Nkontomire,11.15,Retail
Bono East,Techiman Municipal,14/08/2025,Techiman,Ademe ayoyo jute mallow,8.49,Retail
Bono East,Techiman Municipal,14/08/2025,Techiman,Cabbage,12.04,Retail
Bono East,Techiman Municipal,14/08/2025,Techiman,Lettuce,18.89,Retail
Bono East,Techiman Municipal,14/08/2025,Techiman,Carrot,13.61,Retail
Bono East,Techiman Municipal,14/08/2025,Techiman,Bambara bean,24.38,Retail
Bono East,Techiman Municipal,14/08/2025,Techiman,Mutton sheep meat,130.00,Retail
Bono East,Techiman Municipal,14/08/2025,Techiman,Chevon goat meat,130.00,Retail
Bono East,Techiman Municipal,14/08/2025,Techiman,Fresh red fish,60.00,Retail
Bono East,Techiman Municipal,14/08/2025,Techiman,Fresh salmon mackerel fish,63.33,Retail
Bono East,Techiman Municipal,14/08/2025,Techiman,Fresh kpanla fish,44.00,Retail
Bono East,Techiman Municipal,14/08/2025,Techiman,Sorghum,9.38,Retail
Bono East,Techiman Municipal,14/08/2025,Techiman,Yam puna,13.91,Retail
Bono East,Techiman Municipal,14/08/2025,Techiman,Alefu amaranthus,10.28,Retail
Bono East,Techiman Municipal,14/08/2025,Techiman,Coconut fresh,6.02,Retail
Bono East,Techiman Municipal,14/08/2025,Techiman,Unshelled groundnut,16.11,Retail
Bono East,Techiman Municipal,14/08/2025,Techiman,Dried cassava chips kokonte,7.86,Retail
Greater Accra,Tema East,11/08/2025,Tema Community One,White maize,12.00,Retail
Greater Accra,Tema East,11/08/2025,Tema Community One,Maize yellow,13.72,Retail
Greater Accra,Tema East,11/08/2025,Tema Community One,Millet,23.33,Retail
Greater Accra,Tema East,11/08/2025,Tema Community One,Rice local perfumed,21.33,Retail
Greater Accra,Tema East,11/08/2025,Tema Community One,Rice imported perfumed,22.67,Retail
Greater Accra,Tema East,11/08/2025,Tema Community One,Yam white,43.46,Retail
Greater Accra,Tema East,11/08/2025,Tema Community One,Cocoyam,35.04,Retail
Greater Accra,Tema East,11/08/2025,Tema Community One,Gari,20.00,Retail
Greater Accra,Tema East,11/08/2025,Tema Community One,Dried cassava powder kokonte,23.33,Retail
Greater Accra,Tema East,11/08/2025,Tema Community One,Plantain apentu,57.14,Retail
Greater Accra,Tema East,11/08/2025,Tema Community One,Plantain apem,91.67,Retail
Greater Accra,Tema East,11/08/2025,Tema Community One,Banana exotic,38.33,Retail
Greater Accra,Tema East,11/08/2025,Tema Community One,Banana local,41.67,Retail
Greater Accra,Tema East,11/08/2025,Tema Community One,Orange,18.89,Retail
Greater Accra,Tema East,11/08/2025,Tema Community One,Watermelon,14.82,Retail
Greater Accra,Tema East,11/08/2025,Tema Community One,Pineapple,22.22,Retail
Greater Accra,Tema East,11/08/2025,Tema Community One,Mango exotic,27.38,Retail
Greater Accra,Tema East,11/08/2025,Tema Community One,Garden egg,77.78,Retail
Greater Accra,Tema East,11/08/2025,Tema Community One,Okro fresh,57.78,Retail
Greater Accra,Tema East,11/08/2025,Tema Community One,Onion,48.57,Retail
Greater Accra,Tema East,11/08/2025,Tema Community One,Ginger,104.44,Retail
Greater Accra,Tema East,11/08/2025,Tema Community One,Dried pepper,77.78,Retail
Greater Accra,Tema East,11/08/2025,Tema Community One,Fresh pepper,35.83,Retail
Greater Accra,Tema East,11/08/2025,Tema Community One,Fresh pepper bonnet,44.44,Retail
Greater Accra,Tema East,11/08/2025,Tema Community One,Palm fruit,20.67,Retail
Greater Accra,Tema East,11/08/2025,Tema Community One,Groundnut red,38.67,Retail
Greater Accra,Tema East,11/08/2025,Tema Community One,Cowpea white,25.00,Retail
Greater Accra,Tema East,11/08/2025,Tema Community One,Soya bean,20.00,Retail
Greater Accra,Tema East,11/08/2025,Tema Community One,Melon seeds agushi,100.00,Retail
Greater Accra,Tema East,11/08/2025,Tema Community One,Melon seeds agushi powder,188.89,Retail
Greater Accra,Tema East,11/08/2025,Tema Community One,Palm oil,27.78,Retail
Greater Accra,Tema East,11/08/2025,Tema Community One,Beef,50.00,Retail
Greater Accra,Tema East,11/08/2025,Tema Community One,Smoked herring,93.33,Retail
Greater Accra,Tema East,11/08/2025,Tema Community One,Egg commercial,80.00,Retail
Greater Accra,Tema East,11/08/2025,Tema Community One,Chicken,52.33,Retail
Greater Accra,Tema East,11/08/2025,Tema Community One,Nkontomire,33.33,Retail
Greater Accra,Tema East,11/08/2025,Tema Community One,Ademe ayoyo jute mallow,25.00,Retail
Greater Accra,Tema East,11/08/2025,Tema Community One,Cabbage,40.56,Retail
Greater Accra,Tema East,11/08/2025,Tema Community One,Lettuce,50.00,Retail
Greater Accra,Tema East,11/08/2025,Tema Community One,Carrot,50.00,Retail
Greater Accra,Tema East,11/08/2025,Tema Community One,Pawpaw,21.67,Retail
Greater Accra,Tema East,11/08/2025,Tema Community One,Avocado pear,44.44,Retail
Greater Accra,Tema East,11/08/2025,Tema Community One,Bambara bean,27.62,Retail
Greater Accra,Tema East,11/08/2025,Tema Community One,Chevon goat meat,50.00,Retail
Greater Accra,Tema East,11/08/2025,Tema Community One,Sweet potato general white pinkish,36.11,Retail
Greater Accra,Tema East,11/08/2025,Tema Community One,Fresh red fish,68.33,Retail
Greater Accra,Tema East,11/08/2025,Tema Community One,Fresh salmon mackerel fish,40.67,Retail
Greater Accra,Tema East,11/08/2025,Tema Community One,Fresh kpanla fish,38.00,Retail
Greater Accra,Tema East,11/08/2025,Tema Community One,Plantain riped,52.38,Retail
Greater Accra,Tema East,11/08/2025,Tema Community One,Sorghum,24.17,Retail
Greater Accra,Tema East,11/08/2025,Tema Community One,Yam puna,72.86,Retail
Greater Accra,Tema East,11/08/2025,Tema Community One,Tomato navrongo,38.89,Retail
Greater Accra,Tema East,11/08/2025,Tema Community One,Alefu amaranthus,25.00,Retail
Ashanti,Obuasi Municipal,21/08/2025,Obuasi Central,Cabbage,18.61,Retail
Ashanti,Obuasi Municipal,21/08/2025,Obuasi Central,Carrot,19.38,Retail
Ashanti,Obuasi Municipal,21/08/2025,Obuasi Central,Fresh pepper bonnet,86.90,Retail
Ashanti,Obuasi Municipal,21/08/2025,Obuasi Central,Lettuce,22.92,Retail
Ashanti,Obuasi Municipal,21/08/2025,Obuasi Central,Ginger,62.66,Retail
Ashanti,Obuasi Municipal,21/08/2025,Obuasi Central,Dried pepper,91.41,Retail
Ashanti,Obuasi Municipal,21/08/2025,Obuasi Central,Tomato navrongo,26.48,Retail
Ashanti,Obuasi Municipal,21/08/2025,Obuasi Central,Groundnut red,20.28,Retail
Ashanti,Obuasi Municipal,21/08/2025,Obuasi Central,Cowpea white,18.99,Retail
Ashanti,Obuasi Municipal,21/08/2025,Obuasi Central,Onion,25.28,Retail
Ashanti,Obuasi Municipal,21/08/2025,Obuasi Central,Okro fresh,38.06,Retail
Ashanti,Obuasi Municipal,21/08/2025,Obuasi Central,Garden egg,15.67,Retail
Ashanti,Obuasi Municipal,21/08/2025,Obuasi Central,Millet,15.19,Retail
Ashanti,Obuasi Municipal,21/08/2025,Obuasi Central,Bambara bean,26.79,Retail
Ashanti,Obuasi Municipal,21/08/2025,Obuasi Central,Soya bean,16.45,Retail
Ashanti,Obuasi Municipal,21/08/2025,Obuasi Central,Plantain apentu,20.13,Retail
Ashanti,Obuasi Municipal,21/08/2025,Obuasi Central,Cassava,4.63,Retail
Ashanti,Obuasi Municipal,21/08/2025,Obuasi Central,Pork,48.00,Retail
Ashanti,Obuasi Municipal,21/08/2025,Obuasi Central,White maize,12.33,Retail
Ashanti,Obuasi Municipal,21/08/2025,Obuasi Central,Maize yellow,11.69,Retail
Ashanti,Obuasi Municipal,21/08/2025,Obuasi Central,Pineapple,9.81,Retail
Ashanti,Obuasi Municipal,21/08/2025,Obuasi Central,Nkontomire,10.55,Retail
Ashanti,Obuasi Municipal,21/08/2025,Obuasi Central,Mango exotic,32.02,Retail
Ashanti,Obuasi Municipal,21/08/2025,Obuasi Central,Yam puna,16.58,Retail
Ashanti,Obuasi Municipal,21/08/2025,Obuasi Central,Salted dried tilapia koobi,147.62,Retail
Ashanti,Obuasi Municipal,21/08/2025,Obuasi Central,Egg commercial,63.33,Retail
Ahafo,Asunafo North Municipal,21/08/2025,Goaso,White maize,6.39,Retail
Ahafo,Asunafo North Municipal,21/08/2025,Goaso,Maize yellow,7.73,Retail
Ahafo,Asunafo North Municipal,21/08/2025,Goaso,Millet,13.22,Retail
Ahafo,Asunafo North Municipal,21/08/2025,Goaso,Rice local perfumed,12.45,Retail
Ahafo,Asunafo North Municipal,21/08/2025,Goaso,Cocoyam,11.11,Retail
Ahafo,Asunafo North Municipal,21/08/2025,Goaso,Gari,10.83,Retail
Ahafo,Asunafo North Municipal,21/08/2025,Goaso,Dried cassava powder kokonte,10.12,Retail
Ahafo,Asunafo North Municipal,21/08/2025,Goaso,Plantain apentu,13.13,Retail
Ahafo,Asunafo North Municipal,21/08/2025,Goaso,Plantain apem,10.35,Retail
Ahafo,Asunafo North Municipal,21/08/2025,Goaso,Watermelon,6.66,Retail
Ahafo,Asunafo North Municipal,21/08/2025,Goaso,Tomato local,6.44,Retail
Ahafo,Asunafo North Municipal,21/08/2025,Goaso,Garden egg,14.82,Retail
Ahafo,Asunafo North Municipal,21/08/2025,Goaso,Okro fresh,18.10,Retail
Ahafo,Asunafo North Municipal,21/08/2025,Goaso,Ginger,23.33,Retail
Ahafo,Asunafo North Municipal,21/08/2025,Goaso,Fresh pepper bonnet,31.67,Retail
Ahafo,Asunafo North Municipal,21/08/2025,Goaso,Palm fruit,5.00,Retail
Ahafo,Asunafo North Municipal,21/08/2025,Goaso,Tiger nut,25.00,Retail
Ahafo,Asunafo North Municipal,21/08/2025,Goaso,Groundnut red,19.89,Retail
Ahafo,Asunafo North Municipal,21/08/2025,Goaso,Cowpea white,13.00,Retail
Ahafo,Asunafo North Municipal,21/08/2025,Goaso,Melon seeds agushi,33.33,Retail
Ahafo,Asunafo North Municipal,21/08/2025,Goaso,Palm oil,20.00,Retail
Ahafo,Asunafo North Municipal,21/08/2025,Goaso,Kako,28.89,Retail
Ahafo,Asunafo North Municipal,21/08/2025,Goaso,Egg commercial,61.67,Retail
Ahafo,Asunafo North Municipal,21/08/2025,Goaso,Nkontomire,8.61,Retail
Ahafo,Asunafo North Municipal,21/08/2025,Goaso,Ademe ayoyo jute mallow,7.63,Retail
Ahafo,Asunafo North Municipal,21/08/2025,Goaso,Carrot,16.67,Retail
Ahafo,Asunafo North Municipal,21/08/2025,Goaso,Sorghum,12.00,Retail
Ahafo,Asunafo North Municipal,21/08/2025,Goaso,Yam puna,9.40,Retail
Ahafo,Asunafo North Municipal,21/08/2025,Goaso,Tomato navrongo,7.08,Retail
Ahafo,Asunafo North Municipal,21/08/2025,Goaso,Alefu amaranthus,10.00,Retail
Ahafo,Asunafo North Municipal,21/08/2025,Goaso,Coconut fresh,3.13,Retail
Ahafo,Asunafo North Municipal,21/08/2025,Goaso,Unshelled groundnut,17.71,Retail
Ahafo,Asunafo North Municipal,21/08/2025,Goaso,Dried cassava chips kokonte,10.37,Retail
Central,Mfantsiman Municipal,20/08/2025,Mankessim,White maize,6.32,Retail
Central,Mfantsiman Municipal,20/08/2025,Mankessim,Maize yellow,7.94,Retail
Central,Mfantsiman Municipal,20/08/2025,Mankessim,Millet,20.78,Retail
Central,Mfantsiman Municipal,20/08/2025,Mankessim,Rice local perfumed,21.92,Retail
Central,Mfantsiman Municipal,20/08/2025,Mankessim,Rice local non perfumed,14.39,Retail
Central,Mfantsiman Municipal,20/08/2025,Mankessim,Rice imported perfumed,20.58,Retail
Central,Mfantsiman Municipal,20/08/2025,Mankessim,Rice imported non perfumed,11.56,Retail
Central,Mfantsiman Municipal,20/08/2025,Mankessim,Yam white,15.12,Retail
Central,Mfantsiman Municipal,20/08/2025,Mankessim,Cassava,8.80,Retail
Central,Mfantsiman Municipal,20/08/2025,Mankessim,Gari,13.95,Retail
Central,Mfantsiman Municipal,20/08/2025,Mankessim,Dried cassava powder kokonte,12.94,Retail
Central,Mfantsiman Municipal,20/08/2025,Mankessim,Plantain apentu,15.77,Retail
Central,Mfantsiman Municipal,20/08/2025,Mankessim,Plantain apem,13.71,Retail
Central,Mfantsiman Municipal,20/08/2025,Mankessim,Banana exotic,14.44,Retail
Central,Mfantsiman Municipal,20/08/2025,Mankessim,Banana local,13.57,Retail
Central,Mfantsiman Municipal,20/08/2025,Mankessim,Orange,7.65,Retail
Central,Mfantsiman Municipal,20/08/2025,Mankessim,Watermelon,5.85,Retail
Central,Mfantsiman Municipal,20/08/2025,Mankessim,Pineapple,11.42,Retail
Central,Mfantsiman Municipal,20/08/2025,Mankessim,Mango exotic,11.85,Retail
Central,Mfantsiman Municipal,20/08/2025,Mankessim,Tomato local,75.70,Retail
Central,Mfantsiman Municipal,20/08/2025,Mankessim,Garden egg,93.87,Retail
Central,Mfantsiman Municipal,20/08/2025,Mankessim,Okro fresh,26.44,Retail
Central,Mfantsiman Municipal,20/08/2025,Mankessim,Onion,54.91,Retail
Central,Mfantsiman Municipal,20/08/2025,Mankessim,Ginger,205.81,Retail
Central,Mfantsiman Municipal,20/08/2025,Mankessim,Dried pepper,96.97,Retail
Central,Mfantsiman Municipal,20/08/2025,Mankessim,Fresh pepper,69.43,Retail
Central,Mfantsiman Municipal,20/08/2025,Mankessim,Fresh pepper bonnet,44.44,Retail
Central,Mfantsiman Municipal,20/08/2025,Mankessim,Palm fruit,9.41,Retail
Central,Mfantsiman Municipal,20/08/2025,Mankessim,Tiger nut,63.48,Retail
Central,Mfantsiman Municipal,20/08/2025,Mankessim,Groundnut red,28.04,Retail
Central,Mfantsiman Municipal,20/08/2025,Mankessim,Cowpea white,27.26,Retail
Central,Mfantsiman Municipal,20/08/2025,Mankessim,Soya bean,19.63,Retail
Central,Mfantsiman Municipal,20/08/2025,Mankessim,Melon seeds agushi,62.50,Retail
Central,Mfantsiman Municipal,20/08/2025,Mankessim,Melon seeds agushi powder,64.78,Retail
Central,Mfantsiman Municipal,20/08/2025,Mankessim,Melon seeds neri,25.61,Retail
Central,Mfantsiman Municipal,20/08/2025,Mankessim,Melon seeds neri powder,19.85,Retail
Central,Mfantsiman Municipal,20/08/2025,Mankessim,Palm oil,32.22,Retail
Central,Mfantsiman Municipal,20/08/2025,Mankessim,Coconut oil,41.11,Retail
Central,Mfantsiman Municipal,20/08/2025,Mankessim,Beef,60.00,Retail
Central,Mfantsiman Municipal,20/08/2025,Mankessim,Smoked herring,97.38,Retail
Central,Mfantsiman Municipal,20/08/2025,Mankessim,Salted dried tilapia koobi,155.43,Retail
Central,Mfantsiman Municipal,20/08/2025,Mankessim,Anchovy,108.44,Retail
Central,Mfantsiman Municipal,20/08/2025,Mankessim,Kako,109.44,Retail
Central,Mfantsiman Municipal,20/08/2025,Mankessim,Egg commercial,63.33,Retail
Central,Mfantsiman Municipal,20/08/2025,Mankessim,Chicken,42.80,Retail
Central,Mfantsiman Municipal,20/08/2025,Mankessim,Nkontomire,22.75,Retail
Central,Mfantsiman Municipal,20/08/2025,Mankessim,Ademe ayoyo jute mallow,16.31,Retail
Central,Mfantsiman Municipal,20/08/2025,Mankessim,Cabbage,13.85,Retail
Central,Mfantsiman Municipal,20/08/2025,Mankessim,Lettuce,40.34,Retail
Central,Mfantsiman Municipal,20/08/2025,Mankessim,Carrot,40.53,Retail
Central,Mfantsiman Municipal,20/08/2025,Mankessim,Pawpaw,10.06,Retail
Central,Mfantsiman Municipal,20/08/2025,Mankessim,Avocado pear,15.71,Retail
Central,Mfantsiman Municipal,20/08/2025,Mankessim,Bambara bean,31.74,Retail
Central,Mfantsiman Municipal,20/08/2025,Mankessim,Mutton sheep meat,60.00,Retail
Central,Mfantsiman Municipal,20/08/2025,Mankessim,Chevon goat meat,60.00,Retail
Central,Mfantsiman Municipal,20/08/2025,Mankessim,Snail,157.83,Retail
Central,Mfantsiman Municipal,20/08/2025,Mankessim,Sweet potato general white pinkish,16.34,Retail
Central,Mfantsiman Municipal,20/08/2025,Mankessim,Cassava dough,7.89,Retail
Central,Mfantsiman Municipal,20/08/2025,Mankessim,Fresh red fish,50.00,Retail
Central,Mfantsiman Municipal,20/08/2025,Mankessim,Fresh salmon mackerel fish,41.67,Retail
Central,Mfantsiman Municipal,20/08/2025,Mankessim,Fresh kpanla fish,35.00,Retail
Central,Mfantsiman Municipal,20/08/2025,Mankessim,Plantain riped,20.09,Retail
Central,Mfantsiman Municipal,20/08/2025,Mankessim,Yam puna,15.57,Retail
Central,Mfantsiman Municipal,20/08/2025,Mankessim,Tomato navrongo,31.06,Retail
Eastern,New Juaben South Municipal,22/08/2025,Koforidua central,Orange,10.55,Retail
Eastern,New Juaben South Municipal,22/08/2025,Koforidua central,Tomato local,6.93,Retail
Eastern,New Juaben South Municipal,22/08/2025,Koforidua central,Onion,20.53,Retail
Eastern,New Juaben South Municipal,22/08/2025,Koforidua central,Fresh pepper bonnet,30.28,Retail
Eastern,New Juaben South Municipal,22/08/2025,Koforidua central,Egg commercial,58.67,Retail
Eastern,New Juaben South Municipal,22/08/2025,Koforidua central,Nkontomire,7.47,Retail
Eastern,New Juaben South Municipal,22/08/2025,Koforidua central,Cabbage,7.81,Retail
Eastern,New Juaben South Municipal,22/08/2025,Koforidua central,Lettuce,43.33,Retail
Eastern,New Juaben South Municipal,22/08/2025,Koforidua central,Carrot,19.15,Retail
Eastern,New Juaben South Municipal,22/08/2025,Koforidua central,Cassava dough,4.83,Retail
Eastern,New Juaben South Municipal,22/08/2025,Koforidua central,Yam puna,16.19,Retail
Eastern,New Juaben South Municipal,22/08/2025,Koforidua central,Sweet potato,7.91,Retail
Oti,Nkwanta South Municipal,18/08/2025,Nkwanta,White maize,8.09,Retail
Oti,Nkwanta South Municipal,18/08/2025,Nkwanta,Maize yellow,7.95,Retail
Oti,Nkwanta South Municipal,18/08/2025,Nkwanta,Millet,12.00,Retail
Oti,Nkwanta South Municipal,18/08/2025,Nkwanta,Rice local perfumed,14.67,Retail
Oti,Nkwanta South Municipal,18/08/2025,Nkwanta,Rice local non perfumed,10.84,Retail
Oti,Nkwanta South Municipal,18/08/2025,Nkwanta,Rice imported perfumed,24.00,Retail
Oti,Nkwanta South Municipal,18/08/2025,Nkwanta,Rice imported non perfumed,19.74,Retail
Oti,Nkwanta South Municipal,18/08/2025,Nkwanta,Cocoyam,8.12,Retail
Oti,Nkwanta South Municipal,18/08/2025,Nkwanta,Cassava,6.11,Retail
Oti,Nkwanta South Municipal,18/08/2025,Nkwanta,Gari,10.72,Retail
Oti,Nkwanta South Municipal,18/08/2025,Nkwanta,Dried cassava powder kokonte,13.33,Retail
Oti,Nkwanta South Municipal,18/08/2025,Nkwanta,Plantain apentu,20.00,Retail
Oti,Nkwanta South Municipal,18/08/2025,Nkwanta,Plantain apem,9.38,Retail
Oti,Nkwanta South Municipal,18/08/2025,Nkwanta,Banana exotic,6.60,Retail
Oti,Nkwanta South Municipal,18/08/2025,Nkwanta,Banana local,6.00,Retail
Oti,Nkwanta South Municipal,18/08/2025,Nkwanta,Orange,8.09,Retail
Oti,Nkwanta South Municipal,18/08/2025,Nkwanta,Watermelon,5.81,Retail
Oti,Nkwanta South Municipal,18/08/2025,Nkwanta,Pineapple,8.56,Retail
Oti,Nkwanta South Municipal,18/08/2025,Nkwanta,Tomato local,10.28,Retail
Oti,Nkwanta South Municipal,18/08/2025,Nkwanta,Garden egg,11.67,Retail
Oti,Nkwanta South Municipal,18/08/2025,Nkwanta,Okro fresh,10.00,Retail
Oti,Nkwanta South Municipal,18/08/2025,Nkwanta,Onion,38.33,Retail
Oti,Nkwanta South Municipal,18/08/2025,Nkwanta,Ginger,33.33,Retail
Oti,Nkwanta South Municipal,18/08/2025,Nkwanta,Dried pepper,108.33,Retail
Oti,Nkwanta South Municipal,18/08/2025,Nkwanta,Fresh pepper bonnet,23.33,Retail
Oti,Nkwanta South Municipal,18/08/2025,Nkwanta,Palm fruit,6.67,Retail
Oti,Nkwanta South Municipal,18/08/2025,Nkwanta,Cowpea white,19.99,Retail
Oti,Nkwanta South Municipal,18/08/2025,Nkwanta,Soya bean,9.62,Retail
Oti,Nkwanta South Municipal,18/08/2025,Nkwanta,Melon seeds agushi,50.00,Retail
Oti,Nkwanta South Municipal,18/08/2025,Nkwanta,Melon seeds neri,13.04,Retail
Oti,Nkwanta South Municipal,18/08/2025,Nkwanta,Palm oil,33.33,Retail
Oti,Nkwanta South Municipal,18/08/2025,Nkwanta,Beef,63.64,Retail
Oti,Nkwanta South Municipal,18/08/2025,Nkwanta,Egg commercial,72.00,Retail
Oti,Nkwanta South Municipal,18/08/2025,Nkwanta,Chicken,55.56,Retail
Oti,Nkwanta South Municipal,18/08/2025,Nkwanta,Nkontomire,5.00,Retail
Oti,Nkwanta South Municipal,18/08/2025,Nkwanta,Ademe ayoyo jute mallow,10.00,Retail
Oti,Nkwanta South Municipal,18/08/2025,Nkwanta,Cabbage,5.85,Retail
Oti,Nkwanta South Municipal,18/08/2025,Nkwanta,Lettuce,16.67,Retail
Oti,Nkwanta South Municipal,18/08/2025,Nkwanta,Carrot,25.00,Retail
Oti,Nkwanta South Municipal,18/08/2025,Nkwanta,Bambara bean,26.00,Retail
Oti,Nkwanta South Municipal,18/08/2025,Nkwanta,Chevon goat meat,25.00,Retail
Oti,Nkwanta South Municipal,18/08/2025,Nkwanta,Cassava dough,4.67,Retail
Oti,Nkwanta South Municipal,18/08/2025,Nkwanta,Fresh salmon mackerel fish,33.33,Retail
Oti,Nkwanta South Municipal,18/08/2025,Nkwanta,Fresh kpanla fish,18.33,Retail
Oti,Nkwanta South Municipal,18/08/2025,Nkwanta,Plantain riped,19.94,Retail
Oti,Nkwanta South Municipal,18/08/2025,Nkwanta,Sorghum,10.28,Retail
Oti,Nkwanta South Municipal,18/08/2025,Nkwanta,Yam puna,10.56,Retail
Oti,Nkwanta South Municipal,18/08/2025,Nkwanta,Tomato navrongo,16.19,Retail
Oti,Nkwanta South Municipal,18/08/2025,Nkwanta,Coconut fresh,12.86,Retail
Oti,Nkwanta South Municipal,18/08/2025,Nkwanta,Okro dried,44.84,Retail
Oti,Nkwanta South Municipal,18/08/2025,Nkwanta,Dried cassava chips kokonte,9.33,Retail
Western North,Bibiani Anhwiaso Bekwai Municipal,21/08/2025,Bibiani ,White maize,7.96,Retail
Western North,Bibiani Anhwiaso Bekwai Municipal,21/08/2025,Bibiani ,Maize yellow,10.30,Retail
Western North,Bibiani Anhwiaso Bekwai Municipal,21/08/2025,Bibiani ,Millet,17.50,Retail
Western North,Bibiani Anhwiaso Bekwai Municipal,21/08/2025,Bibiani ,Rice local perfumed,15.79,Retail
Western North,Bibiani Anhwiaso Bekwai Municipal,21/08/2025,Bibiani ,Rice local non perfumed,8.74,Retail
Western North,Bibiani Anhwiaso Bekwai Municipal,21/08/2025,Bibiani ,Rice imported perfumed,17.84,Retail
Western North,Bibiani Anhwiaso Bekwai Municipal,21/08/2025,Bibiani ,Rice imported non perfumed,14.98,Retail
Western North,Bibiani Anhwiaso Bekwai Municipal,21/08/2025,Bibiani ,Yam white,11.89,Retail
Western North,Bibiani Anhwiaso Bekwai Municipal,21/08/2025,Bibiani ,Cocoyam,13.15,Retail
Western North,Bibiani Anhwiaso Bekwai Municipal,21/08/2025,Bibiani ,Cassava,5.91,Retail
Western North,Bibiani Anhwiaso Bekwai Municipal,21/08/2025,Bibiani ,Gari,10.00,Retail
Western North,Bibiani Anhwiaso Bekwai Municipal,21/08/2025,Bibiani ,Dried cassava powder kokonte,12.61,Retail
Western North,Bibiani Anhwiaso Bekwai Municipal,21/08/2025,Bibiani ,Plantain apentu,17.86,Retail
Western North,Bibiani Anhwiaso Bekwai Municipal,21/08/2025,Bibiani ,Plantain apem,23.60,Retail
Western North,Bibiani Anhwiaso Bekwai Municipal,21/08/2025,Bibiani ,Banana local,9.44,Retail
Western North,Bibiani Anhwiaso Bekwai Municipal,21/08/2025,Bibiani ,Orange,7.22,Retail
Western North,Bibiani Anhwiaso Bekwai Municipal,21/08/2025,Bibiani ,Tomato local,8.32,Retail
Western North,Bibiani Anhwiaso Bekwai Municipal,21/08/2025,Bibiani ,Garden egg,13.77,Retail
Western North,Bibiani Anhwiaso Bekwai Municipal,21/08/2025,Bibiani ,Okro fresh,38.42,Retail
Western North,Bibiani Anhwiaso Bekwai Municipal,21/08/2025,Bibiani ,Onion,27.46,Retail
Western North,Bibiani Anhwiaso Bekwai Municipal,21/08/2025,Bibiani ,Ginger,53.04,Retail
Western North,Bibiani Anhwiaso Bekwai Municipal,21/08/2025,Bibiani ,Dried pepper,23.67,Retail
Western North,Bibiani Anhwiaso Bekwai Municipal,21/08/2025,Bibiani ,Fresh pepper bonnet,53.23,Retail
Western North,Bibiani Anhwiaso Bekwai Municipal,21/08/2025,Bibiani ,Palm fruit,10.46,Retail
Western North,Bibiani Anhwiaso Bekwai Municipal,21/08/2025,Bibiani ,Groundnut red,15.24,Retail
Western North,Bibiani Anhwiaso Bekwai Municipal,21/08/2025,Bibiani ,Cowpea white,14.21,Retail
Western North,Bibiani Anhwiaso Bekwai Municipal,21/08/2025,Bibiani ,Soya bean,13.72,Retail
Western North,Bibiani Anhwiaso Bekwai Municipal,21/08/2025,Bibiani ,Melon seeds agushi,43.44,Retail
Western North,Bibiani Anhwiaso Bekwai Municipal,21/08/2025,Bibiani ,Melon seeds agushi powder,64.17,Retail
Western North,Bibiani Anhwiaso Bekwai Municipal,21/08/2025,Bibiani ,Melon seeds neri,26.33,Retail
Western North,Bibiani Anhwiaso Bekwai Municipal,21/08/2025,Bibiani ,Melon seeds neri powder,29.44,Retail
Western North,Bibiani Anhwiaso Bekwai Municipal,21/08/2025,Bibiani ,Palm oil,20.00,Retail
Western North,Bibiani Anhwiaso Bekwai Municipal,21/08/2025,Bibiani ,Smoked herring,23.33,Retail
Western North,Bibiani Anhwiaso Bekwai Municipal,21/08/2025,Bibiani ,Egg commercial,60.00,Retail
Western North,Bibiani Anhwiaso Bekwai Municipal,21/08/2025,Bibiani ,Nkontomire,16.39,Retail
Western North,Bibiani Anhwiaso Bekwai Municipal,21/08/2025,Bibiani ,Cabbage,8.21,Retail
Western North,Bibiani Anhwiaso Bekwai Municipal,21/08/2025,Bibiani ,Carrot,13.51,Retail
Western North,Bibiani Anhwiaso Bekwai Municipal,21/08/2025,Bibiani ,Mutton sheep meat,120.33,Retail
Western North,Bibiani Anhwiaso Bekwai Municipal,21/08/2025,Bibiani ,Chevon goat meat,120.25,Retail
Western North,Bibiani Anhwiaso Bekwai Municipal,21/08/2025,Bibiani ,Yam puna,12.30,Retail
Western North,Bibiani Anhwiaso Bekwai Municipal,21/08/2025,Bibiani ,Coconut fresh,10.00,Retail
Western North,Bibiani Anhwiaso Bekwai Municipal,21/08/2025,Bibiani ,Okro dried,137.17,Retail
Western North,Bibiani Anhwiaso Bekwai Municipal,21/08/2025,Bibiani ,Unshelled groundnut,15.70,Retail
Western North,Bibiani Anhwiaso Bekwai Municipal,21/08/2025,Bibiani ,Dried cassava chips kokonte,8.81,Retail
Western North,Bibiani Anhwiaso Bekwai Municipal,21/08/2025,Bibiani ,Pork,80.33,Retail
Greater Accra,Tema East,19/08/2025,Tema Community One,White maize,12.27,Retail
Greater Accra,Tema East,19/08/2025,Tema Community One,Maize yellow,13.52,Retail
Greater Accra,Tema East,19/08/2025,Tema Community One,Millet,22.50,Retail
Greater Accra,Tema East,19/08/2025,Tema Community One,Rice local perfumed,20.00,Retail
Greater Accra,Tema East,19/08/2025,Tema Community One,Rice imported perfumed,36.00,Retail
Greater Accra,Tema East,19/08/2025,Tema Community One,Yam white,52.83,Retail
Greater Accra,Tema East,19/08/2025,Tema Community One,Cocoyam,28.21,Retail
Greater Accra,Tema East,19/08/2025,Tema Community One,Gari,23.33,Retail
Greater Accra,Tema East,19/08/2025,Tema Community One,Dried cassava powder kokonte,26.67,Retail
Greater Accra,Tema East,19/08/2025,Tema Community One,Plantain apentu,26.67,Retail
Greater Accra,Tema East,19/08/2025,Tema Community One,Plantain apem,91.67,Retail
Greater Accra,Tema East,19/08/2025,Tema Community One,Banana exotic,41.67,Retail
Greater Accra,Tema East,19/08/2025,Tema Community One,Banana local,41.67,Retail
Greater Accra,Tema East,19/08/2025,Tema Community One,Orange,16.67,Retail
Greater Accra,Tema East,19/08/2025,Tema Community One,Watermelon,13.07,Retail
Greater Accra,Tema East,19/08/2025,Tema Community One,Pineapple,20.00,Retail
Greater Accra,Tema East,19/08/2025,Tema Community One,Mango exotic,27.08,Retail
Greater Accra,Tema East,19/08/2025,Tema Community One,Tomato local,14.45,Retail
Greater Accra,Tema East,19/08/2025,Tema Community One,Garden egg,61.11,Retail
Greater Accra,Tema East,19/08/2025,Tema Community One,Okro fresh,66.67,Retail
Greater Accra,Tema East,19/08/2025,Tema Community One,Onion,30.16,Retail
Greater Accra,Tema East,19/08/2025,Tema Community One,Ginger,133.33,Retail
Greater Accra,Tema East,19/08/2025,Tema Community One,Dried pepper,66.67,Retail
Greater Accra,Tema East,19/08/2025,Tema Community One,Fresh pepper,38.89,Retail
Greater Accra,Tema East,19/08/2025,Tema Community One,Fresh pepper bonnet,46.67,Retail
Greater Accra,Tema East,19/08/2025,Tema Community One,Palm fruit,12.00,Retail
Greater Accra,Tema East,19/08/2025,Tema Community One,Groundnut red,36.00,Retail
Greater Accra,Tema East,19/08/2025,Tema Community One,Cowpea white,25.00,Retail
Greater Accra,Tema East,19/08/2025,Tema Community One,Soya bean,22.67,Retail
Greater Accra,Tema East,19/08/2025,Tema Community One,Melon seeds agushi,77.00,Retail
Greater Accra,Tema East,19/08/2025,Tema Community One,Melon seeds agushi powder,83.33,Retail
Greater Accra,Tema East,19/08/2025,Tema Community One,Palm oil,26.67,Retail
Greater Accra,Tema East,19/08/2025,Tema Community One,Beef,60.00,Retail
Greater Accra,Tema East,19/08/2025,Tema Community One,Smoked herring,86.67,Retail
Greater Accra,Tema East,19/08/2025,Tema Community One,Egg commercial,83.33,Retail
Greater Accra,Tema East,19/08/2025,Tema Community One,Chicken,52.33,Retail
Greater Accra,Tema East,19/08/2025,Tema Community One,Nkontomire,50.00,Retail
Greater Accra,Tema East,19/08/2025,Tema Community One,Ademe ayoyo jute mallow,25.00,Retail
Greater Accra,Tema East,19/08/2025,Tema Community One,Cabbage,33.33,Retail
Greater Accra,Tema East,19/08/2025,Tema Community One,Lettuce,50.00,Retail
Greater Accra,Tema East,19/08/2025,Tema Community One,Carrot,62.50,Retail
Greater Accra,Tema East,19/08/2025,Tema Community One,Pawpaw,23.33,Retail
Greater Accra,Tema East,19/08/2025,Tema Community One,Avocado pear,41.11,Retail
Greater Accra,Tema East,19/08/2025,Tema Community One,Bambara bean,28.57,Retail
Greater Accra,Tema East,19/08/2025,Tema Community One,Chevon goat meat,60.00,Retail
Greater Accra,Tema East,19/08/2025,Tema Community One,Sweet potato general white pinkish,41.67,Retail
Greater Accra,Tema East,19/08/2025,Tema Community One,Fresh red fish,68.00,Retail
Greater Accra,Tema East,19/08/2025,Tema Community One,Fresh salmon mackerel fish,41.33,Retail
Greater Accra,Tema East,19/08/2025,Tema Community One,Fresh kpanla fish,38.33,Retail
Greater Accra,Tema East,19/08/2025,Tema Community One,Plantain riped,37.50,Retail
Greater Accra,Tema East,19/08/2025,Tema Community One,Sorghum,23.33,Retail
Greater Accra,Tema East,19/08/2025,Tema Community One,Yam puna,86.35,Retail
Greater Accra,Tema East,19/08/2025,Tema Community One,Tomato navrongo,32.78,Retail
Greater Accra,Tema East,19/08/2025,Tema Community One,Alefu amaranthus,25.00,Retail
Upper East,Bolgatangatanga Municipal,23/08/2025,Bolgatanga,White maize,5.17,Retail
Upper East,Bolgatangatanga Municipal,23/08/2025,Bolgatanga,Maize yellow,5.17,Retail
Upper East,Bolgatangatanga Municipal,23/08/2025,Bolgatanga,Millet,11.49,Retail
Upper East,Bolgatangatanga Municipal,23/08/2025,Bolgatanga,Rice local perfumed,15.52,Retail
Upper East,Bolgatangatanga Municipal,23/08/2025,Bolgatanga,Rice local non perfumed,10.92,Retail
Upper East,Bolgatangatanga Municipal,23/08/2025,Bolgatanga,Rice imported perfumed,12.07,Retail
Upper East,Bolgatangatanga Municipal,23/08/2025,Bolgatanga,Rice imported non perfumed,11.95,Retail
Upper East,Bolgatangatanga Municipal,23/08/2025,Bolgatanga,Garden egg,6.67,Retail
Upper East,Bolgatangatanga Municipal,23/08/2025,Bolgatanga,Okro fresh,8.33,Retail
Upper East,Bolgatangatanga Municipal,23/08/2025,Bolgatanga,Onion,8.33,Retail
Upper East,Bolgatangatanga Municipal,23/08/2025,Bolgatanga,Ginger,11.67,Retail
Upper East,Bolgatangatanga Municipal,23/08/2025,Bolgatanga,Fresh pepper,5.00,Retail
Upper East,Bolgatangatanga Municipal,23/08/2025,Bolgatanga,Fresh pepper bonnet,5.00,Retail
Upper East,Bolgatangatanga Municipal,23/08/2025,Bolgatanga,Cowpea white,12.07,Retail
Upper East,Bolgatangatanga Municipal,23/08/2025,Bolgatanga,Soya bean,11.95,Retail
Upper East,Bolgatangatanga Municipal,23/08/2025,Bolgatanga,Sorghum,10.20,Retail
Upper East,Bolgatangatanga Municipal,23/08/2025,Bolgatanga,Tomato navrongo,8.33,Retail
Upper East,Bolgatangatanga Municipal,23/08/2025,Bolgatanga,Alefu amaranthus,5.00,Retail
Upper East,Bolgatangatanga Municipal,23/08/2025,Bolgatanga,Groundnut Oil,18.42,Retail
Bono East,Techiman Municipal,20/08/2025,Techiman,White maize,6.98,Retail
Bono East,Techiman Municipal,20/08/2025,Techiman,Maize yellow,7.32,Retail
Bono East,Techiman Municipal,20/08/2025,Techiman,Millet,11.40,Retail
Bono East,Techiman Municipal,20/08/2025,Techiman,Rice local perfumed,13.33,Retail
Bono East,Techiman Municipal,20/08/2025,Techiman,Rice local non perfumed,10.71,Retail
Bono East,Techiman Municipal,20/08/2025,Techiman,Rice imported perfumed,22.33,Retail
Bono East,Techiman Municipal,20/08/2025,Techiman,Rice imported non perfumed,15.12,Retail
Bono East,Techiman Municipal,20/08/2025,Techiman,Yam white,8.07,Retail
Bono East,Techiman Municipal,20/08/2025,Techiman,Cocoyam,33.33,Retail
Bono East,Techiman Municipal,20/08/2025,Techiman,Cassava,2.81,Retail
Bono East,Techiman Municipal,20/08/2025,Techiman,Gari,12.33,Retail
Bono East,Techiman Municipal,20/08/2025,Techiman,Dried cassava powder kokonte,10.66,Retail
Bono East,Techiman Municipal,20/08/2025,Techiman,Plantain apentu,22.19,Retail
Bono East,Techiman Municipal,20/08/2025,Techiman,Plantain apem,24.52,Retail
Bono East,Techiman Municipal,20/08/2025,Techiman,Banana exotic,13.10,Retail
Bono East,Techiman Municipal,20/08/2025,Techiman,Banana local,13.69,Retail
Bono East,Techiman Municipal,20/08/2025,Techiman,Orange,6.13,Retail
Bono East,Techiman Municipal,20/08/2025,Techiman,Watermelon,5.30,Retail
Bono East,Techiman Municipal,20/08/2025,Techiman,Pineapple,7.44,Retail
Bono East,Techiman Municipal,20/08/2025,Techiman,Mango exotic,11.04,Retail
Bono East,Techiman Municipal,20/08/2025,Techiman,Tomato local,18.76,Retail
Bono East,Techiman Municipal,20/08/2025,Techiman,Garden egg,18.18,Retail
Bono East,Techiman Municipal,20/08/2025,Techiman,Okro fresh,20.56,Retail
Bono East,Techiman Municipal,20/08/2025,Techiman,Onion,19.21,Retail
Bono East,Techiman Municipal,20/08/2025,Techiman,Ginger,35.55,Retail
Bono East,Techiman Municipal,20/08/2025,Techiman,Dried pepper,114.17,Retail
Bono East,Techiman Municipal,20/08/2025,Techiman,Palm fruit,8.23,Retail
Bono East,Techiman Municipal,20/08/2025,Techiman,Groundnut red,19.58,Retail
Bono East,Techiman Municipal,20/08/2025,Techiman,Cowpea white,18.52,Retail
Bono East,Techiman Municipal,20/08/2025,Techiman,Soya bean,9.15,Retail
Bono East,Techiman Municipal,20/08/2025,Techiman,Melon seeds agushi,44.33,Retail
Bono East,Techiman Municipal,20/08/2025,Techiman,Melon seeds neri,20.00,Retail
Bono East,Techiman Municipal,20/08/2025,Techiman,Palm oil,32.14,Retail
Bono East,Techiman Municipal,20/08/2025,Techiman,Beef,110.00,Retail
Bono East,Techiman Municipal,20/08/2025,Techiman,Smoked herring,108.33,Retail
Bono East,Techiman Municipal,20/08/2025,Techiman,Salted dried tilapia koobi,75.40,Retail
Bono East,Techiman Municipal,20/08/2025,Techiman,Anchovy,75.00,Retail
Bono East,Techiman Municipal,20/08/2025,Techiman,Egg commercial,64.00,Retail
Bono East,Techiman Municipal,20/08/2025,Techiman,Chicken,45.71,Retail
Bono East,Techiman Municipal,20/08/2025,Techiman,Nkontomire,9.51,Retail
Bono East,Techiman Municipal,20/08/2025,Techiman,Ademe ayoyo jute mallow,7.24,Retail
Bono East,Techiman Municipal,20/08/2025,Techiman,Cabbage,10.74,Retail
Bono East,Techiman Municipal,20/08/2025,Techiman,Lettuce,15.88,Retail
Bono East,Techiman Municipal,20/08/2025,Techiman,Carrot,13.81,Retail
Bono East,Techiman Municipal,20/08/2025,Techiman,Bambara bean,23.50,Retail
Bono East,Techiman Municipal,20/08/2025,Techiman,Mutton sheep meat,130.00,Retail
Bono East,Techiman Municipal,20/08/2025,Techiman,Chevon goat meat,130.00,Retail
Bono East,Techiman Municipal,20/08/2025,Techiman,Cassava dough,8.49,Retail
Bono East,Techiman Municipal,20/08/2025,Techiman,Fresh red fish,60.00,Retail
Bono East,Techiman Municipal,20/08/2025,Techiman,Fresh salmon mackerel fish,63.33,Retail
Bono East,Techiman Municipal,20/08/2025,Techiman,Fresh kpanla fish,46.00,Retail
Bono East,Techiman Municipal,20/08/2025,Techiman,Sorghum,9.15,Retail
Bono East,Techiman Municipal,20/08/2025,Techiman,Yam puna,13.77,Retail
Bono East,Techiman Municipal,20/08/2025,Techiman,Alefu amaranthus,8.49,Retail
Bono East,Techiman Municipal,20/08/2025,Techiman,Coconut fresh,5.67,Retail
Bono East,Techiman Municipal,20/08/2025,Techiman,Unshelled groundnut,18.06,Retail
Bono East,Techiman Municipal,20/08/2025,Techiman,Dried cassava chips kokonte,7.61,Retail
Savannah,Bole,17/08/2025,Bamboi,White maize,8.00,Retail
Savannah,Bole,17/08/2025,Bamboi,Maize yellow,8.00,Retail
Savannah,Bole,17/08/2025,Bamboi,Millet,14.58,Retail
Savannah,Bole,17/08/2025,Bamboi,Rice local perfumed,16.17,Retail
Savannah,Bole,17/08/2025,Bamboi,Rice local non perfumed,14.15,Retail
Savannah,Bole,17/08/2025,Bamboi,Rice imported perfumed,20.83,Retail
Savannah,Bole,17/08/2025,Bamboi,Yam white,42.18,Retail
Savannah,Bole,17/08/2025,Bamboi,Gari,13.89,Retail
Savannah,Bole,17/08/2025,Bamboi,Garden egg,72.92,Retail
Savannah,Bole,17/08/2025,Bamboi,Okro fresh,57.30,Retail
Savannah,Bole,17/08/2025,Bamboi,Onion,34.06,Retail
Savannah,Bole,17/08/2025,Bamboi,Dried pepper,78.13,Retail
Savannah,Bole,17/08/2025,Bamboi,Fresh pepper bonnet,16.50,Retail
Savannah,Bole,17/08/2025,Bamboi,Palm fruit,11.56,Retail
Savannah,Bole,17/08/2025,Bamboi,Groundnut red,17.31,Retail
Savannah,Bole,17/08/2025,Bamboi,Cowpea white,15.38,Retail
Savannah,Bole,17/08/2025,Bamboi,Soya bean,13.40,Retail
Savannah,Bole,17/08/2025,Bamboi,Melon seeds agushi powder,85.00,Retail
Savannah,Bole,17/08/2025,Bamboi,Melon seeds neri powder,25.00,Retail
Savannah,Bole,17/08/2025,Bamboi,Palm oil,10.00,Retail
Savannah,Bole,17/08/2025,Bamboi,Beef,80.00,Retail
Savannah,Bole,17/08/2025,Bamboi,Egg commercial,70.00,Retail
Savannah,Bole,17/08/2025,Bamboi,Sorghum,12.50,Retail
Savannah,Bole,17/08/2025,Bamboi,Yam puna,42.06,Retail
Savannah,Bole,17/08/2025,Bamboi,Tomato navrongo,45.83,Retail
Savannah,Bole,17/08/2025,Bamboi,Okro dried,20.90,Retail
Greater Accra,Okaikoi South,25/08/2025,Agbogbloshie,White maize,10.80,Retail
Greater Accra,Okaikoi South,25/08/2025,Agbogbloshie,Maize yellow,12.00,Retail
Greater Accra,Okaikoi South,25/08/2025,Agbogbloshie,Millet,16.67,Retail
Greater Accra,Okaikoi South,25/08/2025,Agbogbloshie,Rice local perfumed,17.33,Retail
Greater Accra,Okaikoi South,25/08/2025,Agbogbloshie,Rice local non perfumed,14.00,Retail
Greater Accra,Okaikoi South,25/08/2025,Agbogbloshie,Rice imported perfumed,20.00,Retail
Greater Accra,Okaikoi South,25/08/2025,Agbogbloshie,Rice imported non perfumed,16.00,Retail
Greater Accra,Okaikoi South,25/08/2025,Agbogbloshie,Gari,12.00,Retail
Greater Accra,Okaikoi South,25/08/2025,Agbogbloshie,Orange,9.44,Retail
Greater Accra,Okaikoi South,25/08/2025,Agbogbloshie,Tomato local,12.70,Retail
Greater Accra,Okaikoi South,25/08/2025,Agbogbloshie,Okro fresh,12.50,Retail
Greater Accra,Okaikoi South,25/08/2025,Agbogbloshie,Fresh pepper,25.00,Retail
Greater Accra,Okaikoi South,25/08/2025,Agbogbloshie,Fresh pepper bonnet,23.33,Retail
Greater Accra,Okaikoi South,25/08/2025,Agbogbloshie,Egg commercial,66.67,Retail
Greater Accra,Okaikoi South,25/08/2025,Agbogbloshie,Nkontomire,33.33,Retail
Greater Accra,Okaikoi South,25/08/2025,Agbogbloshie,Ademe ayoyo jute mallow,33.33,Retail
Greater Accra,Okaikoi South,25/08/2025,Agbogbloshie,Cabbage,15.32,Retail
Greater Accra,Okaikoi South,25/08/2025,Agbogbloshie,Lettuce,33.33,Retail
Greater Accra,Okaikoi South,25/08/2025,Agbogbloshie,Carrot,27.78,Retail
Greater Accra,Okaikoi South,25/08/2025,Agbogbloshie,Sorghum,11.11,Retail
Greater Accra,Okaikoi South,25/08/2025,Agbogbloshie,Tomato navrongo,15.28,Retail
Greater Accra,Okaikoi South,25/08/2025,Agbogbloshie,Alefu amaranthus,33.33,Retail
Bono,Sunyani Municipal,20/08/2025,Nana Bosomah,White maize,5.12,Retail
Bono,Sunyani Municipal,20/08/2025,Nana Bosomah,Maize yellow,5.06,Retail
Bono,Sunyani Municipal,20/08/2025,Nana Bosomah,Millet,12.50,Retail
Bono,Sunyani Municipal,20/08/2025,Nana Bosomah,Rice local perfumed,14.81,Retail
Bono,Sunyani Municipal,20/08/2025,Nana Bosomah,Rice local non perfumed,10.37,Retail
Bono,Sunyani Municipal,20/08/2025,Nana Bosomah,Rice imported perfumed,28.00,Retail
Bono,Sunyani Municipal,20/08/2025,Nana Bosomah,Rice imported non perfumed,13.33,Retail
Bono,Sunyani Municipal,20/08/2025,Nana Bosomah,Yam white,10.00,Retail
Bono,Sunyani Municipal,20/08/2025,Nana Bosomah,Cocoyam,20.00,Retail
Bono,Sunyani Municipal,20/08/2025,Nana Bosomah,Cassava,3.72,Retail
Bono,Sunyani Municipal,20/08/2025,Nana Bosomah,Gari,11.36,Retail
Bono,Sunyani Municipal,20/08/2025,Nana Bosomah,Dried cassava powder kokonte,20.00,Retail
Bono,Sunyani Municipal,20/08/2025,Nana Bosomah,Plantain apentu,28.06,Retail
Bono,Sunyani Municipal,20/08/2025,Nana Bosomah,Plantain apem,28.75,Retail
Bono,Sunyani Municipal,20/08/2025,Nana Bosomah,Banana exotic,70.00,Retail
Bono,Sunyani Municipal,20/08/2025,Nana Bosomah,Banana local,75.00,Retail
Bono,Sunyani Municipal,20/08/2025,Nana Bosomah,Orange,9.17,Retail
Bono,Sunyani Municipal,20/08/2025,Nana Bosomah,Watermelon,3.72,Retail
Bono,Sunyani Municipal,20/08/2025,Nana Bosomah,Pineapple,6.62,Retail
Bono,Sunyani Municipal,20/08/2025,Nana Bosomah,Mango exotic,6.91,Retail
Bono,Sunyani Municipal,20/08/2025,Nana Bosomah,Tomato local,8.99,Retail
Bono,Sunyani Municipal,20/08/2025,Nana Bosomah,Garden egg,12.77,Retail
Bono,Sunyani Municipal,20/08/2025,Nana Bosomah,Okro fresh,9.09,Retail
Bono,Sunyani Municipal,20/08/2025,Nana Bosomah,Onion,15.52,Retail
Bono,Sunyani Municipal,20/08/2025,Nana Bosomah,Ginger,36.36,Retail
Bono,Sunyani Municipal,20/08/2025,Nana Bosomah,Dried pepper,83.33,Retail
Bono,Sunyani Municipal,20/08/2025,Nana Bosomah,Fresh pepper bonnet,50.00,Retail
Bono,Sunyani Municipal,20/08/2025,Nana Bosomah,Palm fruit,8.70,Retail
Bono,Sunyani Municipal,20/08/2025,Nana Bosomah,Tiger nut,26.88,Retail
Bono,Sunyani Municipal,20/08/2025,Nana Bosomah,Groundnut red,20.00,Retail
Bono,Sunyani Municipal,20/08/2025,Nana Bosomah,Cowpea white,16.67,Retail
Bono,Sunyani Municipal,20/08/2025,Nana Bosomah,Soya bean,12.50,Retail
Bono,Sunyani Municipal,20/08/2025,Nana Bosomah,Bambara bean,28.85,Retail
Bono,Sunyani Municipal,20/08/2025,Nana Bosomah,Sorghum,12.00,Retail
Bono,Sunyani Municipal,20/08/2025,Nana Bosomah,Yam puna,9.39,Retail
Bono,Sunyani Municipal,20/08/2025,Nana Bosomah,Tomato navrongo,13.04,Retail
Bono,Sunyani Municipal,20/08/2025,Nana Bosomah,Coconut fresh,2.90,Retail
Bono,Sunyani Municipal,20/08/2025,Nana Bosomah,Okro dried,66.67,Retail
Bono,Sunyani Municipal,20/08/2025,Nana Bosomah,Unshelled groundnut,37.04,Retail
Bono,Sunyani Municipal,20/08/2025,Nana Bosomah,Dried cassava chips kokonte,6.86,Retail
Bono,Sunyani Municipal,26/08/2025,Nana Bosomah,Melon seeds agushi,45.33,Retail
Bono,Sunyani Municipal,26/08/2025,Nana Bosomah,Melon seeds agushi powder,54.55,Retail
Bono,Sunyani Municipal,26/08/2025,Nana Bosomah,Melon seeds neri,26.67,Retail
Bono,Sunyani Municipal,26/08/2025,Nana Bosomah,Melon seeds neri powder,29.41,Retail
Bono,Sunyani Municipal,26/08/2025,Nana Bosomah,Palm oil,26.67,Retail
Bono,Sunyani Municipal,26/08/2025,Nana Bosomah,Beef,100.00,Retail
Bono,Sunyani Municipal,26/08/2025,Nana Bosomah,Smoked herring,200.00,Retail
Bono,Sunyani Municipal,26/08/2025,Nana Bosomah,Salted dried tilapia koobi,220.00,Retail
Bono,Sunyani Municipal,26/08/2025,Nana Bosomah,Anchovy,200.00,Retail
Bono,Sunyani Municipal,26/08/2025,Nana Bosomah,Egg commercial,50.00,Retail
Bono,Sunyani Municipal,26/08/2025,Nana Bosomah,Chicken,50.00,Retail
Bono,Sunyani Municipal,26/08/2025,Nana Bosomah,Nkontomire,20.00,Retail
Bono,Sunyani Municipal,26/08/2025,Nana Bosomah,Ademe ayoyo jute mallow,20.00,Retail
Bono,Sunyani Municipal,26/08/2025,Nana Bosomah,Cabbage,10.37,Retail
Bono,Sunyani Municipal,26/08/2025,Nana Bosomah,Lettuce,55.56,Retail
Bono,Sunyani Municipal,26/08/2025,Nana Bosomah,Carrot,100.00,Retail
Bono,Sunyani Municipal,26/08/2025,Nana Bosomah,Avocado pear,33.33,Retail
Bono,Sunyani Municipal,26/08/2025,Nana Bosomah,Mutton sheep meat,160.00,Retail
Bono,Sunyani Municipal,26/08/2025,Nana Bosomah,Chevon goat meat,160.00,Retail
Bono,Sunyani Municipal,26/08/2025,Nana Bosomah,Snail,50.00,Retail
Bono,Sunyani Municipal,26/08/2025,Nana Bosomah,Fresh red fish,55.00,Retail
Bono,Sunyani Municipal,26/08/2025,Nana Bosomah,Fresh salmon mackerel fish,42.00,Retail
Bono,Sunyani Municipal,26/08/2025,Nana Bosomah,Fresh kpanla fish,40.00,Retail
Bono,Sunyani Municipal,26/08/2025,Nana Bosomah,Alefu amaranthus,20.00,Retail
Bono,Sunyani Municipal,26/08/2025,Nana Bosomah,Pork,40.00,Retail
Bono,Sunyani Municipal,26/08/2025,Nana Bosomah,Fresh cow milk,26.67,Retail
Bono,Sunyani Municipal,26/08/2025,Nana Bosomah,Sweet potato,66.67,Retail
Bono East,Kintampo North Municipal,25/08/2025,Kintampo,White maize,6.67,Retail
Bono East,Kintampo North Municipal,25/08/2025,Kintampo,Maize yellow,6.51,Retail
Bono East,Kintampo North Municipal,25/08/2025,Kintampo,Millet,11.00,Retail
Bono East,Kintampo North Municipal,25/08/2025,Kintampo,Rice local perfumed,11.16,Retail
Bono East,Kintampo North Municipal,25/08/2025,Kintampo,Rice imported perfumed,10.75,Retail
Bono East,Kintampo North Municipal,25/08/2025,Kintampo,Yam white,9.33,Retail
Bono East,Kintampo North Municipal,25/08/2025,Kintampo,Cassava,6.61,Retail
Bono East,Kintampo North Municipal,25/08/2025,Kintampo,Gari,9.42,Retail
Bono East,Kintampo North Municipal,25/08/2025,Kintampo,Plantain apentu,24.42,Retail
Bono East,Kintampo North Municipal,25/08/2025,Kintampo,Plantain apem,35.43,Retail
Bono East,Kintampo North Municipal,25/08/2025,Kintampo,Tomato local,18.33,Retail
Bono East,Kintampo North Municipal,25/08/2025,Kintampo,Garden egg,21.99,Retail
Bono East,Kintampo North Municipal,25/08/2025,Kintampo,Okro fresh,27.18,Retail
Bono East,Kintampo North Municipal,25/08/2025,Kintampo,Onion,16.39,Retail
Bono East,Kintampo North Municipal,25/08/2025,Kintampo,Dried pepper,108.33,Retail
Bono East,Kintampo North Municipal,25/08/2025,Kintampo,Fresh pepper,34.44,Retail
Bono East,Kintampo North Municipal,25/08/2025,Kintampo,Groundnut red,14.46,Retail
Bono East,Kintampo North Municipal,25/08/2025,Kintampo,Cowpea white,10.75,Retail
Bono East,Kintampo North Municipal,25/08/2025,Kintampo,Melon seeds agushi,39.26,Retail
Bono East,Kintampo North Municipal,25/08/2025,Kintampo,Melon seeds neri,12.55,Retail
Bono East,Kintampo North Municipal,25/08/2025,Kintampo,Palm oil,22.73,Retail
Bono East,Kintampo North Municipal,25/08/2025,Kintampo,Sorghum,8.92,Retail
Bono East,Kintampo North Municipal,25/08/2025,Kintampo,Yam puna,16.64,Retail
Bono East,Kintampo North Municipal,25/08/2025,Kintampo,Okro dried,46.67,Retail
Bono East,Kintampo North Municipal,25/08/2025,Kintampo,Dried cassava chips kokonte,8.82,Retail
Eastern,New Juaben South Municipal,27/08/2025,Koforidua,Rice imported perfumed,15.56,Retail
Eastern,New Juaben South Municipal,27/08/2025,Koforidua,Gari,13.02,Retail
Eastern,New Juaben South Municipal,27/08/2025,Koforidua,Orange,11.54,Retail
Eastern,New Juaben South Municipal,27/08/2025,Koforidua,Tomato local,9.01,Retail
Eastern,New Juaben South Municipal,27/08/2025,Koforidua,Onion,17.69,Retail
Eastern,New Juaben South Municipal,27/08/2025,Koforidua,Egg commercial,59.33,Retail
Eastern,New Juaben South Municipal,27/08/2025,Koforidua,Nkontomire,10.58,Retail
Eastern,New Juaben South Municipal,27/08/2025,Koforidua,Cabbage,10.84,Retail
Eastern,New Juaben South Municipal,27/08/2025,Koforidua,Carrot,13.37,Retail
Eastern,New Juaben South Municipal,27/08/2025,Koforidua,Fresh salmon mackerel fish,40.00,Retail
Eastern,New Juaben South Municipal,27/08/2025,Koforidua,Yam puna,19.79,Retail
Eastern,New Juaben South Municipal,30/07/2025,Koforidua Central,Maize yellow,8.33,Retail
Eastern,New Juaben South Municipal,30/07/2025,Koforidua Central,Cocoyam,8.34,Retail
Eastern,New Juaben South Municipal,30/07/2025,Koforidua Central,Cassava,4.72,Retail
Eastern,New Juaben South Municipal,30/07/2025,Koforidua Central,Dried cassava powder kokonte,8.82,Retail
Eastern,New Juaben South Municipal,30/07/2025,Koforidua Central,Plantain apentu,11.11,Retail
Eastern,New Juaben South Municipal,30/07/2025,Koforidua Central,Plantain apem,15.38,Retail
Eastern,New Juaben South Municipal,30/07/2025,Koforidua Central,Orange,5.39,Retail
Eastern,New Juaben South Municipal,30/07/2025,Koforidua Central,Watermelon,4.84,Retail
Eastern,New Juaben South Municipal,30/07/2025,Koforidua Central,Ginger,24.07,Retail
Eastern,New Juaben South Municipal,30/07/2025,Koforidua Central,Kako,33.33,Retail
Eastern,New Juaben South Municipal,30/07/2025,Koforidua Central,Carrot,20.74,Retail
Eastern,New Juaben South Municipal,30/07/2025,Koforidua Central,Sweet potato general white pinkish,7.23,Retail
Eastern,New Juaben South Municipal,30/07/2025,Koforidua Central,Alefu amaranthus,7.54,Retail
Central,Mfantsiman Municipal,27/08/2025,Mankessim,White maize,5.52,Retail
Central,Mfantsiman Municipal,27/08/2025,Mankessim,Maize yellow,6.35,Retail
Central,Mfantsiman Municipal,27/08/2025,Mankessim,Millet,21.10,Retail
Central,Mfantsiman Municipal,27/08/2025,Mankessim,Rice local perfumed,19.61,Retail
Central,Mfantsiman Municipal,27/08/2025,Mankessim,Rice local non perfumed,14.00,Retail
Central,Mfantsiman Municipal,27/08/2025,Mankessim,Rice imported perfumed,20.14,Retail
Central,Mfantsiman Municipal,27/08/2025,Mankessim,Rice imported non perfumed,12.00,Retail
Central,Mfantsiman Municipal,27/08/2025,Mankessim,Cocoyam,21.41,Retail
Central,Mfantsiman Municipal,27/08/2025,Mankessim,Cassava,7.13,Retail
Central,Mfantsiman Municipal,27/08/2025,Mankessim,Gari,13.18,Retail
Central,Mfantsiman Municipal,27/08/2025,Mankessim,Dried cassava powder kokonte,11.17,Retail
Central,Mfantsiman Municipal,27/08/2025,Mankessim,Plantain apentu,23.38,Retail
Central,Mfantsiman Municipal,27/08/2025,Mankessim,Plantain apem,27.56,Retail
Central,Mfantsiman Municipal,27/08/2025,Mankessim,Banana exotic,16.25,Retail
Central,Mfantsiman Municipal,27/08/2025,Mankessim,Banana local,14.49,Retail
Central,Mfantsiman Municipal,27/08/2025,Mankessim,Orange,7.22,Retail
Central,Mfantsiman Municipal,27/08/2025,Mankessim,Watermelon,4.30,Retail
Central,Mfantsiman Municipal,27/08/2025,Mankessim,Pineapple,5.64,Retail
Central,Mfantsiman Municipal,27/08/2025,Mankessim,Tomato local,15.54,Retail
Central,Mfantsiman Municipal,27/08/2025,Mankessim,Garden egg,23.41,Retail
Central,Mfantsiman Municipal,27/08/2025,Mankessim,Okro fresh,24.60,Retail
Central,Mfantsiman Municipal,27/08/2025,Mankessim,Onion,19.47,Retail
Central,Mfantsiman Municipal,27/08/2025,Mankessim,Ginger,207.06,Retail
Central,Mfantsiman Municipal,27/08/2025,Mankessim,Dried pepper,115.41,Retail
Central,Mfantsiman Municipal,27/08/2025,Mankessim,Fresh pepper,77.78,Retail
Central,Mfantsiman Municipal,27/08/2025,Mankessim,Fresh pepper bonnet,43.61,Retail
Central,Mfantsiman Municipal,27/08/2025,Mankessim,Palm fruit,9.21,Retail
Central,Mfantsiman Municipal,27/08/2025,Mankessim,Tiger nut,69.29,Retail
Central,Mfantsiman Municipal,27/08/2025,Mankessim,Groundnut red,27.54,Retail
Central,Mfantsiman Municipal,27/08/2025,Mankessim,Cowpea white,24.00,Retail
Central,Mfantsiman Municipal,27/08/2025,Mankessim,Soya bean,20.83,Retail
Central,Mfantsiman Municipal,27/08/2025,Mankessim,Melon seeds agushi,62.57,Retail
Central,Mfantsiman Municipal,27/08/2025,Mankessim,Melon seeds agushi powder,62.50,Retail
Central,Mfantsiman Municipal,27/08/2025,Mankessim,Melon seeds neri,24.38,Retail
Central,Mfantsiman Municipal,27/08/2025,Mankessim,Melon seeds neri powder,20.00,Retail
Central,Mfantsiman Municipal,27/08/2025,Mankessim,Palm oil,20.00,Retail
Central,Mfantsiman Municipal,27/08/2025,Mankessim,Coconut oil,47.78,Retail
Central,Mfantsiman Municipal,27/08/2025,Mankessim,Beef,60.00,Retail
Central,Mfantsiman Municipal,27/08/2025,Mankessim,Smoked herring,82.33,Retail
Central,Mfantsiman Municipal,27/08/2025,Mankessim,Salted dried tilapia koobi,110.98,Retail
Central,Mfantsiman Municipal,27/08/2025,Mankessim,Anchovy,84.76,Retail
Central,Mfantsiman Municipal,27/08/2025,Mankessim,Kako,96.28,Retail
Central,Mfantsiman Municipal,27/08/2025,Mankessim,Egg commercial,58.00,Retail
Central,Mfantsiman Municipal,27/08/2025,Mankessim,Chicken,42.00,Retail
Central,Mfantsiman Municipal,27/08/2025,Mankessim,Nkontomire,19.17,Retail
Central,Mfantsiman Municipal,27/08/2025,Mankessim,Ademe ayoyo jute mallow,12.86,Retail
Central,Mfantsiman Municipal,27/08/2025,Mankessim,Cabbage,12.78,Retail
Central,Mfantsiman Municipal,27/08/2025,Mankessim,Lettuce,33.04,Retail
Central,Mfantsiman Municipal,27/08/2025,Mankessim,Carrot,46.97,Retail
Central,Mfantsiman Municipal,27/08/2025,Mankessim,Pawpaw,10.53,Retail
Central,Mfantsiman Municipal,27/08/2025,Mankessim,Avocado pear,28.45,Retail
Central,Mfantsiman Municipal,27/08/2025,Mankessim,Bambara bean,30.00,Retail
Central,Mfantsiman Municipal,27/08/2025,Mankessim,Mutton sheep meat,60.00,Retail
Central,Mfantsiman Municipal,27/08/2025,Mankessim,Chevon goat meat,60.00,Retail
Central,Mfantsiman Municipal,27/08/2025,Mankessim,Snail,155.68,Retail
Central,Mfantsiman Municipal,27/08/2025,Mankessim,Sweet potato general white pinkish,18.28,Retail
Central,Mfantsiman Municipal,27/08/2025,Mankessim,Cassava dough,8.49,Retail
Central,Mfantsiman Municipal,27/08/2025,Mankessim,Fresh red fish,48.33,Retail
Central,Mfantsiman Municipal,27/08/2025,Mankessim,Fresh salmon mackerel fish,40.00,Retail
Central,Mfantsiman Municipal,27/08/2025,Mankessim,Fresh kpanla fish,35.00,Retail
Central,Mfantsiman Municipal,27/08/2025,Mankessim,Plantain riped,27.05,Retail
Central,Mfantsiman Municipal,27/08/2025,Mankessim,Yam puna,16.38,Retail
Central,Mfantsiman Municipal,27/08/2025,Mankessim,Tomato navrongo,13.79,Retail
Central,Mfantsiman Municipal,27/08/2025,Mankessim,Coconut fresh,11.75,Retail
Ahafo,Asunafo North Municipal,28/08/2025,Asunafo North,White maize,5.82,Retail
Ahafo,Asunafo North Municipal,28/08/2025,Asunafo North,Maize yellow,6.00,Retail
Ahafo,Asunafo North Municipal,28/08/2025,Asunafo North,Millet,13.67,Retail
Ahafo,Asunafo North Municipal,28/08/2025,Asunafo North,Rice local perfumed,13.22,Retail
Ahafo,Asunafo North Municipal,28/08/2025,Asunafo North,Cocoyam,11.04,Retail
Ahafo,Asunafo North Municipal,28/08/2025,Asunafo North,Gari,10.83,Retail
Ahafo,Asunafo North Municipal,28/08/2025,Asunafo North,Dried cassava powder kokonte,10.39,Retail
Ahafo,Asunafo North Municipal,28/08/2025,Asunafo North,Plantain apentu,9.70,Retail
Ahafo,Asunafo North Municipal,28/08/2025,Asunafo North,Plantain apem,11.80,Retail
Ahafo,Asunafo North Municipal,28/08/2025,Asunafo North,Watermelon,6.81,Retail
Ahafo,Asunafo North Municipal,28/08/2025,Asunafo North,Tomato local,9.44,Retail
Ahafo,Asunafo North Municipal,28/08/2025,Asunafo North,Garden egg,22.22,Retail
Ahafo,Asunafo North Municipal,28/08/2025,Asunafo North,Okro fresh,33.33,Retail
Ahafo,Asunafo North Municipal,28/08/2025,Asunafo North,Ginger,23.33,Retail
Ahafo,Asunafo North Municipal,28/08/2025,Asunafo North,Fresh pepper bonnet,20.56,Retail
Ahafo,Asunafo North Municipal,28/08/2025,Asunafo North,Palm fruit,5.60,Retail
Ahafo,Asunafo North Municipal,28/08/2025,Asunafo North,Groundnut red,19.33,Retail
Ahafo,Asunafo North Municipal,28/08/2025,Asunafo North,Cowpea white,15.33,Retail
Ahafo,Asunafo North Municipal,28/08/2025,Asunafo North,Palm oil,20.00,Retail
Ahafo,Asunafo North Municipal,28/08/2025,Asunafo North,Egg commercial,53.33,Retail
Ahafo,Asunafo North Municipal,28/08/2025,Asunafo North,Nkontomire,9.44,Retail
Ahafo,Asunafo North Municipal,28/08/2025,Asunafo North,Carrot,17.04,Retail
Ahafo,Asunafo North Municipal,28/08/2025,Asunafo North,Pawpaw,3.80,Retail
Ahafo,Asunafo North Municipal,28/08/2025,Asunafo North,Sorghum,12.00,Retail
Ahafo,Asunafo North Municipal,28/08/2025,Asunafo North,Yam puna,10.85,Retail
Ahafo,Asunafo North Municipal,28/08/2025,Asunafo North,Tomato navrongo,9.44,Retail
Ahafo,Asunafo North Municipal,28/08/2025,Asunafo North,Alefu amaranthus,8.89,Retail
Ahafo,Asunafo North Municipal,28/08/2025,Asunafo North,Coconut fresh,3.60,Retail
Ahafo,Asunafo North Municipal,28/08/2025,Asunafo North,Unshelled groundnut,15.88,Retail
Ahafo,Asunafo North Municipal,28/08/2025,Asunafo North,Dried cassava chips kokonte,10.63,Retail
Ahafo,Asunafo North Municipal,28/08/2025,Asunafo North,Mango Local,3.70,Retail
Oti,Nkwanta South Municipal,24/08/2025,Nkwanta,White maize,8.07,Retail
Oti,Nkwanta South Municipal,24/08/2025,Nkwanta,Maize yellow,7.95,Retail
Oti,Nkwanta South Municipal,24/08/2025,Nkwanta,Millet,12.00,Retail
Oti,Nkwanta South Municipal,24/08/2025,Nkwanta,Rice local perfumed,14.67,Retail
Oti,Nkwanta South Municipal,24/08/2025,Nkwanta,Rice local non perfumed,10.84,Retail
Oti,Nkwanta South Municipal,24/08/2025,Nkwanta,Rice imported perfumed,24.00,Retail
Oti,Nkwanta South Municipal,24/08/2025,Nkwanta,Rice imported non perfumed,19.74,Retail
Oti,Nkwanta South Municipal,24/08/2025,Nkwanta,Cocoyam,8.12,Retail
Oti,Nkwanta South Municipal,24/08/2025,Nkwanta,Cassava,6.11,Retail
Oti,Nkwanta South Municipal,24/08/2025,Nkwanta,Gari,10.42,Retail
Oti,Nkwanta South Municipal,24/08/2025,Nkwanta,Dried cassava powder kokonte,13.33,Retail
Oti,Nkwanta South Municipal,24/08/2025,Nkwanta,Plantain apentu,9.68,Retail
Oti,Nkwanta South Municipal,24/08/2025,Nkwanta,Plantain apem,10.00,Retail
Oti,Nkwanta South Municipal,24/08/2025,Nkwanta,Banana exotic,6.25,Retail
Oti,Nkwanta South Municipal,24/08/2025,Nkwanta,Banana local,6.38,Retail
Oti,Nkwanta South Municipal,24/08/2025,Nkwanta,Orange,8.09,Retail
Oti,Nkwanta South Municipal,24/08/2025,Nkwanta,Watermelon,5.81,Retail
Oti,Nkwanta South Municipal,24/08/2025,Nkwanta,Pineapple,8.56,Retail
Oti,Nkwanta South Municipal,24/08/2025,Nkwanta,Tomato local,10.28,Retail
Oti,Nkwanta South Municipal,24/08/2025,Nkwanta,Garden egg,14.29,Retail
Oti,Nkwanta South Municipal,24/08/2025,Nkwanta,Okro fresh,10.00,Retail
Oti,Nkwanta South Municipal,24/08/2025,Nkwanta,Onion,25.00,Retail
Oti,Nkwanta South Municipal,24/08/2025,Nkwanta,Ginger,46.67,Retail
Oti,Nkwanta South Municipal,24/08/2025,Nkwanta,Dried pepper,90.00,Retail
Oti,Nkwanta South Municipal,24/08/2025,Nkwanta,Fresh pepper bonnet,23.33,Retail
Oti,Nkwanta South Municipal,24/08/2025,Nkwanta,Palm fruit,7.14,Retail
Oti,Nkwanta South Municipal,24/08/2025,Nkwanta,Cowpea white,19.99,Retail
Oti,Nkwanta South Municipal,24/08/2025,Nkwanta,Soya bean,9.62,Retail
Oti,Nkwanta South Municipal,24/08/2025,Nkwanta,Melon seeds agushi,50.00,Retail
Oti,Nkwanta South Municipal,24/08/2025,Nkwanta,Melon seeds neri,13.04,Retail
Oti,Nkwanta South Municipal,24/08/2025,Nkwanta,Palm oil,33.33,Retail
Oti,Nkwanta South Municipal,24/08/2025,Nkwanta,Beef,63.64,Retail
Oti,Nkwanta South Municipal,24/08/2025,Nkwanta,Egg commercial,68.00,Retail
Oti,Nkwanta South Municipal,24/08/2025,Nkwanta,Chicken,55.56,Retail
Oti,Nkwanta South Municipal,24/08/2025,Nkwanta,Nkontomire,5.00,Retail
Oti,Nkwanta South Municipal,24/08/2025,Nkwanta,Ademe ayoyo jute mallow,10.00,Retail
Oti,Nkwanta South Municipal,24/08/2025,Nkwanta,Cabbage,5.85,Retail
Oti,Nkwanta South Municipal,24/08/2025,Nkwanta,Lettuce,16.67,Retail
Oti,Nkwanta South Municipal,24/08/2025,Nkwanta,Carrot,25.00,Retail
Oti,Nkwanta South Municipal,24/08/2025,Nkwanta,Bambara bean,26.00,Retail
Oti,Nkwanta South Municipal,24/08/2025,Nkwanta,Chevon goat meat,22.73,Retail
Oti,Nkwanta South Municipal,24/08/2025,Nkwanta,Cassava dough,4.00,Retail
Oti,Nkwanta South Municipal,24/08/2025,Nkwanta,Fresh salmon mackerel fish,33.33,Retail
Oti,Nkwanta South Municipal,24/08/2025,Nkwanta,Fresh kpanla fish,18.33,Retail
Oti,Nkwanta South Municipal,24/08/2025,Nkwanta,Plantain riped,7.00,Retail
Oti,Nkwanta South Municipal,24/08/2025,Nkwanta,Sorghum,10.28,Retail
Oti,Nkwanta South Municipal,24/08/2025,Nkwanta,Yam puna,10.56,Retail
Oti,Nkwanta South Municipal,24/08/2025,Nkwanta,Tomato navrongo,16.19,Retail
Oti,Nkwanta South Municipal,24/08/2025,Nkwanta,Coconut fresh,12.86,Retail
Oti,Nkwanta South Municipal,24/08/2025,Nkwanta,Okro dried,43.33,Retail
Oti,Nkwanta South Municipal,24/08/2025,Nkwanta,Dried cassava chips kokonte,8.34,Retail
Ashanti,Obuasi Municipal,25/08/2025,Obuasi Central,Groundnut red,21.28,Retail
Ashanti,Obuasi Municipal,25/08/2025,Obuasi Central,Cowpea white,19.61,Retail
Ashanti,Obuasi Municipal,25/08/2025,Obuasi Central,Onion,26.31,Retail
Ashanti,Obuasi Municipal,25/08/2025,Obuasi Central,White maize,14.83,Retail
Ashanti,Obuasi Municipal,26/08/2025,Obuasi Central,Garden egg,19.58,Retail
Ashanti,Obuasi Municipal,26/08/2025,Obuasi Central,Maize yellow,11.85,Retail
Ashanti,Obuasi Municipal,26/08/2025,Obuasi Central,Millet,15.19,Retail
Ashanti,Obuasi Municipal,26/08/2025,Obuasi Central,Soya bean,11.70,Retail
Ashanti,Obuasi Municipal,26/08/2025,Obuasi Central,Cassava,4.05,Retail
Ashanti,Obuasi Municipal,26/08/2025,Obuasi Central,Bambara bean,18.21,Retail
Ashanti,Obuasi Municipal,26/08/2025,Obuasi Central,Plantain apentu,17.17,Retail
Ashanti,Obuasi Municipal,26/08/2025,Obuasi Central,Yam puna,13.04,Retail
Ashanti,Obuasi Municipal,26/08/2025,Obuasi Central,Plantain apem,19.31,Retail
Ashanti,Obuasi Municipal,26/08/2025,Obuasi Central,Nkontomire,20.56,Retail
Ashanti,Obuasi Municipal,26/08/2025,Obuasi Central,Pineapple,12.63,Retail
Ashanti,Obuasi Municipal,25/08/2025,Obuasi Central,Salted dried tilapia koobi,130.95,Retail
Ashanti,Obuasi Municipal,25/08/2025,Obuasi Central,Egg commercial,63.33,Retail
Ashanti,Obuasi Municipal,25/08/2025,Obuasi Central,Cabbage,17.49,Retail
Ashanti,Obuasi Municipal,25/08/2025,Obuasi Central,Carrot,16.39,Retail
Ashanti,Obuasi Municipal,25/08/2025,Obuasi Central,Lettuce,17.70,Retail
Ashanti,Obuasi Municipal,25/08/2025,Obuasi Central,Okro fresh,88.43,Retail
Ashanti,Obuasi Municipal,25/08/2025,Obuasi Central,Ginger,67.54,Retail
Ashanti,Obuasi Municipal,25/08/2025,Obuasi Central,Fresh pepper bonnet,103.70,Retail
Ashanti,Obuasi Municipal,25/08/2025,Obuasi Central,Tomato navrongo,21.49,Retail
North East,East Mamprusi Municipal,30/08/2025,Gbintiri ,White maize,7.61,Retail
North East,East Mamprusi Municipal,30/08/2025,Gbintiri ,Maize yellow,4.34,Retail
North East,East Mamprusi Municipal,30/08/2025,Gbintiri ,Millet,8.36,Retail
North East,East Mamprusi Municipal,30/08/2025,Gbintiri ,Gari,15.01,Retail
North East,East Mamprusi Municipal,30/08/2025,Gbintiri ,Dried pepper,34.49,Retail
North East,East Mamprusi Municipal,30/08/2025,Gbintiri ,Cowpea white,15.78,Retail
North East,East Mamprusi Municipal,30/08/2025,Gbintiri ,Soya bean,6.77,Retail
North East,East Mamprusi Municipal,30/08/2025,Gbintiri ,Egg commercial,64.00,Retail
North East,East Mamprusi Municipal,30/08/2025,Gbintiri ,Bambara bean,16.05,Retail
North East,East Mamprusi Municipal,30/08/2025,Gbintiri ,Sorghum,7.52,Retail
North East,East Mamprusi Municipal,30/08/2025,Gbintiri ,Yam puna,14.64,Retail
North East,East Mamprusi Municipal,30/08/2025,Gbintiri ,Okro dried,47.15,Retail
North East,East Mamprusi Municipal,30/08/2025,Gbintiri ,Unshelled groundnut,4.05,Retail
Western North,Bibiani Anhwiaso Bekwai Municipal,28/08/2025,Bibiani ,White maize,13.75,Retail
Western North,Bibiani Anhwiaso Bekwai Municipal,28/08/2025,Bibiani ,Maize yellow,12.07,Retail
Western North,Bibiani Anhwiaso Bekwai Municipal,28/08/2025,Bibiani ,Millet,43.89,Retail
Western North,Bibiani Anhwiaso Bekwai Municipal,28/08/2025,Bibiani ,Rice local perfumed,23.67,Retail
Western North,Bibiani Anhwiaso Bekwai Municipal,28/08/2025,Bibiani ,Rice local non perfumed,20.44,Retail
Western North,Bibiani Anhwiaso Bekwai Municipal,28/08/2025,Bibiani ,Rice imported perfumed,28.28,Retail
Western North,Bibiani Anhwiaso Bekwai Municipal,28/08/2025,Bibiani ,Rice imported non perfumed,20.44,Retail
Western North,Bibiani Anhwiaso Bekwai Municipal,28/08/2025,Bibiani ,Yam white,11.09,Retail
Western North,Bibiani Anhwiaso Bekwai Municipal,28/08/2025,Bibiani ,Cocoyam,16.34,Retail
Western North,Bibiani Anhwiaso Bekwai Municipal,28/08/2025,Bibiani ,Cassava,4.86,Retail
Western North,Bibiani Anhwiaso Bekwai Municipal,28/08/2025,Bibiani ,Gari,22.78,Retail
Western North,Bibiani Anhwiaso Bekwai Municipal,28/08/2025,Bibiani ,Dried cassava powder kokonte,17.78,Retail
Western North,Bibiani Anhwiaso Bekwai Municipal,28/08/2025,Bibiani ,Plantain apentu,17.13,Retail
Western North,Bibiani Anhwiaso Bekwai Municipal,28/08/2025,Bibiani ,Plantain apem,19.63,Retail
Western North,Bibiani Anhwiaso Bekwai Municipal,28/08/2025,Bibiani ,Banana local,21.43,Retail
Western North,Bibiani Anhwiaso Bekwai Municipal,28/08/2025,Bibiani ,Tomato local,8.95,Retail
Western North,Bibiani Anhwiaso Bekwai Municipal,28/08/2025,Bibiani ,Garden egg,22.29,Retail
Western North,Bibiani Anhwiaso Bekwai Municipal,28/08/2025,Bibiani ,Okro fresh,30.74,Retail
Western North,Bibiani Anhwiaso Bekwai Municipal,28/08/2025,Bibiani ,Onion,34.59,Retail
Western North,Bibiani Anhwiaso Bekwai Municipal,28/08/2025,Bibiani ,Ginger,384.16,Retail
Western North,Bibiani Anhwiaso Bekwai Municipal,28/08/2025,Bibiani ,Dried pepper,23.67,Retail
Western North,Bibiani Anhwiaso Bekwai Municipal,28/08/2025,Bibiani ,Fresh pepper,41.25,Retail
Western North,Bibiani Anhwiaso Bekwai Municipal,28/08/2025,Bibiani ,Fresh pepper bonnet,59.14,Retail
Western North,Bibiani Anhwiaso Bekwai Municipal,28/08/2025,Bibiani ,Palm fruit,8.39,Retail
Western North,Bibiani Anhwiaso Bekwai Municipal,28/08/2025,Bibiani ,Groundnut red,16.56,Retail
Western North,Bibiani Anhwiaso Bekwai Municipal,28/08/2025,Bibiani ,Cowpea white,13.79,Retail
Western North,Bibiani Anhwiaso Bekwai Municipal,28/08/2025,Bibiani ,Soya bean,13.17,Retail
Western North,Bibiani Anhwiaso Bekwai Municipal,28/08/2025,Bibiani ,Melon seeds agushi,41.33,Retail
Western North,Bibiani Anhwiaso Bekwai Municipal,28/08/2025,Bibiani ,Melon seeds agushi powder,57.78,Retail
Western North,Bibiani Anhwiaso Bekwai Municipal,28/08/2025,Bibiani ,Melon seeds neri,38.33,Retail
Western North,Bibiani Anhwiaso Bekwai Municipal,28/08/2025,Bibiani ,Melon seeds neri powder,27.50,Retail
Western North,Bibiani Anhwiaso Bekwai Municipal,28/08/2025,Bibiani ,Egg commercial,65.00,Retail
Western North,Bibiani Anhwiaso Bekwai Municipal,28/08/2025,Bibiani ,Nkontomire,16.39,Retail
Western North,Bibiani Anhwiaso Bekwai Municipal,28/08/2025,Bibiani ,Cabbage,7.49,Retail
Western North,Bibiani Anhwiaso Bekwai Municipal,28/08/2025,Bibiani ,Carrot,11.67,Retail
Western North,Bibiani Anhwiaso Bekwai Municipal,28/08/2025,Bibiani ,Mutton sheep meat,120.00,Retail
Western North,Bibiani Anhwiaso Bekwai Municipal,28/08/2025,Bibiani ,Chevon goat meat,120.00,Retail
Western North,Bibiani Anhwiaso Bekwai Municipal,28/08/2025,Bibiani ,Cassava dough,16.04,Retail
Western North,Bibiani Anhwiaso Bekwai Municipal,28/08/2025,Bibiani ,Yam puna,12.68,Retail
Western North,Bibiani Anhwiaso Bekwai Municipal,28/08/2025,Bibiani ,Tomato navrongo,14.74,Retail
Western North,Bibiani Anhwiaso Bekwai Municipal,28/08/2025,Bibiani ,Coconut fresh,10.00,Retail
Western North,Bibiani Anhwiaso Bekwai Municipal,28/08/2025,Bibiani ,Unshelled groundnut,16.89,Retail
Western North,Bibiani Anhwiaso Bekwai Municipal,28/08/2025,Bibiani ,Dried cassava chips kokonte,16.89,Retail
Bono,Sunyani Municipal,29/08/2025,Nana Bosomah,White maize,5.61,Retail
Bono,Sunyani Municipal,29/08/2025,Nana Bosomah,Maize yellow,5.61,Retail
Bono,Sunyani Municipal,29/08/2025,Nana Bosomah,Millet,12.50,Retail
Bono,Sunyani Municipal,29/08/2025,Nana Bosomah,Rice local perfumed,14.81,Retail
Bono,Sunyani Municipal,29/08/2025,Nana Bosomah,Rice local non perfumed,10.37,Retail
Bono,Sunyani Municipal,29/08/2025,Nana Bosomah,Rice imported perfumed,28.00,Retail
Bono,Sunyani Municipal,29/08/2025,Nana Bosomah,Rice imported non perfumed,13.33,Retail
Bono,Sunyani Municipal,29/08/2025,Nana Bosomah,Yam white,9.22,Retail
Bono,Sunyani Municipal,29/08/2025,Nana Bosomah,Cocoyam,19.81,Retail
Bono,Sunyani Municipal,29/08/2025,Nana Bosomah,Cassava,3.68,Retail
Bono,Sunyani Municipal,29/08/2025,Nana Bosomah,Gari,12.50,Retail
Bono,Sunyani Municipal,29/08/2025,Nana Bosomah,Dried cassava powder kokonte,20.00,Retail
Bono,Sunyani Municipal,29/08/2025,Nana Bosomah,Plantain apentu,27.38,Retail
Bono,Sunyani Municipal,29/08/2025,Nana Bosomah,Plantain apem,25.00,Retail
Bono,Sunyani Municipal,29/08/2025,Nana Bosomah,Banana exotic,44.44,Retail
Bono,Sunyani Municipal,29/08/2025,Nana Bosomah,Banana local,50.00,Retail
Bono,Sunyani Municipal,29/08/2025,Nana Bosomah,Orange,6.25,Retail
Bono,Sunyani Municipal,29/08/2025,Nana Bosomah,Watermelon,4.12,Retail
Bono,Sunyani Municipal,29/08/2025,Nana Bosomah,Pineapple,7.88,Retail
Bono,Sunyani Municipal,29/08/2025,Nana Bosomah,Mango exotic,7.15,Retail
Bono,Sunyani Municipal,29/08/2025,Nana Bosomah,Tomato local,8.70,Retail
Bono,Sunyani Municipal,29/08/2025,Nana Bosomah,Garden egg,12.31,Retail
Bono,Sunyani Municipal,29/08/2025,Nana Bosomah,Okro fresh,9.70,Retail
Bono,Sunyani Municipal,29/08/2025,Nana Bosomah,Onion,15.26,Retail
Bono,Sunyani Municipal,29/08/2025,Nana Bosomah,Sorghum,12.00,Retail
Bono,Sunyani Municipal,29/08/2025,Nana Bosomah,Yam puna,8.96,Retail
Bono,Sunyani Municipal,29/08/2025,Nana Bosomah,Tomato navrongo,17.39,Retail
Bono,Sunyani Municipal,29/08/2025,Nana Bosomah,Coconut fresh,2.28,Retail
Bono,Sunyani Municipal,29/08/2025,Nana Bosomah,Okro dried,66.67,Retail
Bono,Sunyani Municipal,29/08/2025,Nana Bosomah,Dried cassava chips kokonte,6.67,Retail
Bono,Sunyani Municipal,31/08/2025,Nana Bosomah,Ginger,40.00,Retail
Bono,Sunyani Municipal,31/08/2025,Nana Bosomah,Dried pepper,83.33,Retail
Bono,Sunyani Municipal,31/08/2025,Nana Bosomah,Fresh pepper bonnet,50.00,Retail
Bono,Sunyani Municipal,31/08/2025,Nana Bosomah,Palm fruit,9.09,Retail
Bono,Sunyani Municipal,31/08/2025,Nana Bosomah,Tiger nut,26.88,Retail
Bono,Sunyani Municipal,31/08/2025,Nana Bosomah,Groundnut red,20.00,Retail
Bono,Sunyani Municipal,31/08/2025,Nana Bosomah,Cowpea white,16.67,Retail
Bono,Sunyani Municipal,31/08/2025,Nana Bosomah,Soya bean,12.50,Retail
Bono,Sunyani Municipal,31/08/2025,Nana Bosomah,Melon seeds agushi,50.00,Retail
Bono,Sunyani Municipal,31/08/2025,Nana Bosomah,Melon seeds agushi powder,50.00,Retail
Bono,Sunyani Municipal,31/08/2025,Nana Bosomah,Melon seeds neri,26.67,Retail
Bono,Sunyani Municipal,31/08/2025,Nana Bosomah,Melon seeds neri powder,29.41,Retail
Bono,Sunyani Municipal,31/08/2025,Nana Bosomah,Palm oil,26.67,Retail
Bono,Sunyani Municipal,31/08/2025,Nana Bosomah,Beef,100.00,Retail
Bono,Sunyani Municipal,31/08/2025,Nana Bosomah,Smoked herring,100.00,Retail
Bono,Sunyani Municipal,31/08/2025,Nana Bosomah,Salted dried tilapia koobi,123.02,Retail
Bono,Sunyani Municipal,31/08/2025,Nana Bosomah,Anchovy,200.00,Retail
Bono,Sunyani Municipal,31/08/2025,Nana Bosomah,Egg commercial,50.00,Retail
Bono,Sunyani Municipal,31/08/2025,Nana Bosomah,Chicken,52.00,Retail
Bono,Sunyani Municipal,31/08/2025,Nana Bosomah,Bambara bean,30.00,Retail
Bono,Sunyani Municipal,31/08/2025,Nana Bosomah,Mutton sheep meat,160.00,Retail
Bono,Sunyani Municipal,31/08/2025,Nana Bosomah,Chevon goat meat,160.00,Retail
Bono,Sunyani Municipal,31/08/2025,Nana Bosomah,Fresh red fish,55.00,Retail
Bono,Sunyani Municipal,31/08/2025,Nana Bosomah,Fresh salmon mackerel fish,42.00,Retail
Bono,Sunyani Municipal,31/08/2025,Nana Bosomah,Fresh kpanla fish,41.00,Retail
Greater Accra,Tema East,26/08/2025,Tema Community One,White maize,12.00,Retail
Greater Accra,Tema East,26/08/2025,Tema Community One,Maize yellow,13.52,Retail
Greater Accra,Tema East,26/08/2025,Tema Community One,Millet,22.50,Retail
Greater Accra,Tema East,26/08/2025,Tema Community One,Rice local perfumed,22.67,Retail
Greater Accra,Tema East,26/08/2025,Tema Community One,Rice imported perfumed,22.67,Retail
Greater Accra,Tema East,26/08/2025,Tema Community One,Cocoyam,31.62,Retail
Greater Accra,Tema East,26/08/2025,Tema Community One,Gari,20.00,Retail
Greater Accra,Tema East,26/08/2025,Tema Community One,Dried cassava powder kokonte,70.00,Retail
Greater Accra,Tema East,26/08/2025,Tema Community One,Plantain apentu,39.29,Retail
Greater Accra,Tema East,26/08/2025,Tema Community One,Plantain apem,62.50,Retail
Greater Accra,Tema East,26/08/2025,Tema Community One,Banana exotic,38.33,Retail
Greater Accra,Tema East,26/08/2025,Tema Community One,Banana local,46.67,Retail
Greater Accra,Tema East,26/08/2025,Tema Community One,Orange,14.29,Retail
Greater Accra,Tema East,26/08/2025,Tema Community One,Watermelon,17.14,Retail
Greater Accra,Tema East,26/08/2025,Tema Community One,Pineapple,20.00,Retail
Greater Accra,Tema East,26/08/2025,Tema Community One,Mango exotic,28.27,Retail
Greater Accra,Tema East,26/08/2025,Tema Community One,Garden egg,44.44,Retail
Greater Accra,Tema East,26/08/2025,Tema Community One,Okro fresh,83.33,Retail
Greater Accra,Tema East,26/08/2025,Tema Community One,Onion,32.38,Retail
Greater Accra,Tema East,26/08/2025,Tema Community One,Ginger,130.56,Retail
Greater Accra,Tema East,26/08/2025,Tema Community One,Dried pepper,77.78,Retail
Greater Accra,Tema East,26/08/2025,Tema Community One,Fresh pepper,51.11,Retail
Greater Accra,Tema East,26/08/2025,Tema Community One,Fresh pepper bonnet,53.33,Retail
Greater Accra,Tema East,26/08/2025,Tema Community One,Palm fruit,12.00,Retail
Greater Accra,Tema East,26/08/2025,Tema Community One,Groundnut red,38.67,Retail
Greater Accra,Tema East,26/08/2025,Tema Community One,Cowpea white,25.00,Retail
Greater Accra,Tema East,26/08/2025,Tema Community One,Soya bean,20.00,Retail
Greater Accra,Tema East,26/08/2025,Tema Community One,Melon seeds agushi,153.33,Retail
Greater Accra,Tema East,26/08/2025,Tema Community One,Melon seeds agushi powder,200.00,Retail
Greater Accra,Tema East,26/08/2025,Tema Community One,Palm oil,26.67,Retail
Greater Accra,Tema East,26/08/2025,Tema Community One,Beef,60.00,Retail
Greater Accra,Tema East,26/08/2025,Tema Community One,Smoked herring,86.67,Retail
Greater Accra,Tema East,26/08/2025,Tema Community One,Egg commercial,75.00,Retail
Greater Accra,Tema East,26/08/2025,Tema Community One,Chicken,43.17,Retail
Greater Accra,Tema East,26/08/2025,Tema Community One,Nkontomire,50.00,Retail
Greater Accra,Tema East,26/08/2025,Tema Community One,Ademe ayoyo jute mallow,33.33,Retail
Greater Accra,Tema East,26/08/2025,Tema Community One,Cabbage,37.78,Retail
Greater Accra,Tema East,26/08/2025,Tema Community One,Lettuce,50.00,Retail
Greater Accra,Tema East,26/08/2025,Tema Community One,Carrot,58.33,Retail
Greater Accra,Tema East,26/08/2025,Tema Community One,Pawpaw,23.33,Retail
Greater Accra,Tema East,26/08/2025,Tema Community One,Avocado pear,37.78,Retail
Greater Accra,Tema East,26/08/2025,Tema Community One,Bambara bean,28.57,Retail
Greater Accra,Tema East,26/08/2025,Tema Community One,Chevon goat meat,60.00,Retail
Greater Accra,Tema East,26/08/2025,Tema Community One,Sweet potato general white pinkish,40.60,Retail
Greater Accra,Tema East,26/08/2025,Tema Community One,Fresh red fish,69.33,Retail
Greater Accra,Tema East,26/08/2025,Tema Community One,Fresh salmon mackerel fish,40.67,Retail
Greater Accra,Tema East,26/08/2025,Tema Community One,Fresh kpanla fish,38.33,Retail
Greater Accra,Tema East,26/08/2025,Tema Community One,Plantain riped,37.50,Retail
Greater Accra,Tema East,26/08/2025,Tema Community One,Sorghum,22.50,Retail
Greater Accra,Tema East,26/08/2025,Tema Community One,Yam puna,61.51,Retail
Greater Accra,Tema East,26/08/2025,Tema Community One,Tomato navrongo,38.89,Retail
Greater Accra,Tema East,26/08/2025,Tema Community One,Alefu amaranthus,33.33,Retail
Bono East,Techiman Municipal,27/08/2025,Techiman,White maize,6.92,Retail
Bono East,Techiman Municipal,27/08/2025,Techiman,Maize yellow,7.25,Retail
Bono East,Techiman Municipal,27/08/2025,Techiman,Millet,10.00,Retail
Bono East,Techiman Municipal,27/08/2025,Techiman,Rice local perfumed,13.11,Retail
Bono East,Techiman Municipal,27/08/2025,Techiman,Rice local non perfumed,11.11,Retail
Bono East,Techiman Municipal,27/08/2025,Techiman,Rice imported perfumed,22.33,Retail
Bono East,Techiman Municipal,27/08/2025,Techiman,Rice imported non perfumed,15.93,Retail
Bono East,Techiman Municipal,27/08/2025,Techiman,Yam white,9.54,Retail
Bono East,Techiman Municipal,27/08/2025,Techiman,Cassava,3.00,Retail
Bono East,Techiman Municipal,27/08/2025,Techiman,Gari,11.97,Retail
Bono East,Techiman Municipal,27/08/2025,Techiman,Dried cassava powder kokonte,10.63,Retail
Bono East,Techiman Municipal,27/08/2025,Techiman,Plantain apentu,18.79,Retail
Bono East,Techiman Municipal,27/08/2025,Techiman,Plantain apem,21.48,Retail
Bono East,Techiman Municipal,27/08/2025,Techiman,Banana exotic,14.02,Retail
Bono East,Techiman Municipal,27/08/2025,Techiman,Banana local,16.39,Retail
Bono East,Techiman Municipal,27/08/2025,Techiman,Orange,6.55,Retail
Bono East,Techiman Municipal,27/08/2025,Techiman,Watermelon,5.24,Retail
Bono East,Techiman Municipal,27/08/2025,Techiman,Pineapple,9.58,Retail
Bono East,Techiman Municipal,27/08/2025,Techiman,Mango exotic,17.99,Retail
Bono East,Techiman Municipal,27/08/2025,Techiman,Garden egg,23.15,Retail
Bono East,Techiman Municipal,27/08/2025,Techiman,Okro fresh,21.67,Retail
Bono East,Techiman Municipal,27/08/2025,Techiman,Onion,18.28,Retail
Bono East,Techiman Municipal,27/08/2025,Techiman,Ginger,41.11,Retail
Bono East,Techiman Municipal,27/08/2025,Techiman,Dried pepper,110.00,Retail
Bono East,Techiman Municipal,27/08/2025,Techiman,Fresh pepper bonnet,22.10,Retail
Bono East,Techiman Municipal,27/08/2025,Techiman,Palm fruit,9.72,Retail
Bono East,Techiman Municipal,27/08/2025,Techiman,Groundnut red,20.03,Retail
Bono East,Techiman Municipal,27/08/2025,Techiman,Cowpea white,18.13,Retail
Bono East,Techiman Municipal,27/08/2025,Techiman,Soya bean,10.61,Retail
Bono East,Techiman Municipal,27/08/2025,Techiman,Melon seeds agushi,53.33,Retail
Bono East,Techiman Municipal,27/08/2025,Techiman,Melon seeds neri,20.28,Retail
Bono East,Techiman Municipal,27/08/2025,Techiman,Palm oil,30.00,Retail
Bono East,Techiman Municipal,27/08/2025,Techiman,Beef,110.00,Retail
Bono East,Techiman Municipal,27/08/2025,Techiman,Smoked herring,130.56,Retail
Bono East,Techiman Municipal,27/08/2025,Techiman,Salted dried tilapia koobi,88.89,Retail
Bono East,Techiman Municipal,27/08/2025,Techiman,Anchovy,72.22,Retail
Bono East,Techiman Municipal,27/08/2025,Techiman,Egg commercial,64.00,Retail
Bono East,Techiman Municipal,27/08/2025,Techiman,Chicken,41.33,Retail
Bono East,Techiman Municipal,27/08/2025,Techiman,Nkontomire,11.95,Retail
Bono East,Techiman Municipal,27/08/2025,Techiman,Ademe ayoyo jute mallow,8.49,Retail
Bono East,Techiman Municipal,27/08/2025,Techiman,Cabbage,11.11,Retail
Bono East,Techiman Municipal,27/08/2025,Techiman,Lettuce,18.89,Retail
Bono East,Techiman Municipal,27/08/2025,Techiman,Carrot,12.50,Retail
Bono East,Techiman Municipal,27/08/2025,Techiman,Bambara bean,24.38,Retail
Bono East,Techiman Municipal,27/08/2025,Techiman,Mutton sheep meat,130.00,Retail
Bono East,Techiman Municipal,27/08/2025,Techiman,Chevon goat meat,130.00,Retail
Bono East,Techiman Municipal,27/08/2025,Techiman,Cassava dough,6.71,Retail
Bono East,Techiman Municipal,27/08/2025,Techiman,Fresh red fish,60.00,Retail
Bono East,Techiman Municipal,27/08/2025,Techiman,Fresh salmon mackerel fish,63.33,Retail
Bono East,Techiman Municipal,27/08/2025,Techiman,Fresh kpanla fish,41.67,Retail
Bono East,Techiman Municipal,27/08/2025,Techiman,Sorghum,9.38,Retail
Bono East,Techiman Municipal,27/08/2025,Techiman,Yam puna,13.83,Retail
Bono East,Techiman Municipal,27/08/2025,Techiman,Tomato navrongo,20.73,Retail
Bono East,Techiman Municipal,27/08/2025,Techiman,Alefu amaranthus,9.72,Retail
Bono East,Techiman Municipal,27/08/2025,Techiman,Coconut fresh,5.88,Retail
Bono East,Techiman Municipal,27/08/2025,Techiman,Unshelled groundnut,19.33,Retail
Bono East,Techiman Municipal,27/08/2025,Techiman,Dried cassava chips kokonte,7.50,Retail
Bono East,Kintampo North Municipal,01/09/2025,Kintampo,White maize,3.89,Retail
Bono East,Kintampo North Municipal,01/09/2025,Kintampo,Maize yellow,4.01,Retail
Bono East,Kintampo North Municipal,01/09/2025,Kintampo,Millet,11.79,Retail
Bono East,Kintampo North Municipal,01/09/2025,Kintampo,Rice local perfumed,11.04,Retail
Bono East,Kintampo North Municipal,01/09/2025,Kintampo,Rice imported perfumed,15.62,Retail
Bono East,Kintampo North Municipal,01/09/2025,Kintampo,Yam white,9.00,Retail
Bono East,Kintampo North Municipal,01/09/2025,Kintampo,Cassava,3.17,Retail
Bono East,Kintampo North Municipal,01/09/2025,Kintampo,Gari,9.96,Retail
Bono East,Kintampo North Municipal,01/09/2025,Kintampo,Plantain apentu,18.65,Retail
Bono East,Kintampo North Municipal,01/09/2025,Kintampo,Tomato local,11.13,Retail
Bono East,Kintampo North Municipal,01/09/2025,Kintampo,Garden egg,17.64,Retail
Bono East,Kintampo North Municipal,01/09/2025,Kintampo,Okro fresh,31.11,Retail
Bono East,Kintampo North Municipal,01/09/2025,Kintampo,Onion,13.32,Retail
Bono East,Kintampo North Municipal,01/09/2025,Kintampo,Dried pepper,75.56,Retail
Bono East,Kintampo North Municipal,01/09/2025,Kintampo,Fresh pepper,38.58,Retail
Bono East,Kintampo North Municipal,01/09/2025,Kintampo,Groundnut red,11.90,Retail
Bono East,Kintampo North Municipal,01/09/2025,Kintampo,Cowpea white,12.54,Retail
Bono East,Kintampo North Municipal,01/09/2025,Kintampo,Melon seeds agushi,42.96,Retail
Bono East,Kintampo North Municipal,01/09/2025,Kintampo,Melon seeds neri,11.29,Retail
Bono East,Kintampo North Municipal,01/09/2025,Kintampo,Palm oil,25.56,Retail
Bono East,Kintampo North Municipal,01/09/2025,Kintampo,Sorghum,9.25,Retail
Bono East,Kintampo North Municipal,01/09/2025,Kintampo,Yam puna,19.17,Retail
Bono East,Kintampo North Municipal,01/09/2025,Kintampo,Okro dried,43.97,Retail
Bono East,Kintampo North Municipal,01/09/2025,Kintampo,Dried cassava chips kokonte,7.06,Retail
Upper West,Wa Municipal,31/08/2025,Wa,White maize,4.64,Retail
Upper West,Wa Municipal,31/08/2025,Wa,Maize yellow,4.64,Retail
Upper West,Wa Municipal,31/08/2025,Wa,Millet,10.00,Retail
Upper West,Wa Municipal,31/08/2025,Wa,Rice local perfumed,16.44,Retail
Upper West,Wa Municipal,31/08/2025,Wa,Rice local non perfumed,10.34,Retail
Upper West,Wa Municipal,31/08/2025,Wa,Rice imported perfumed,20.69,Retail
Upper West,Wa Municipal,31/08/2025,Wa,Rice imported non perfumed,10.34,Retail
Upper West,Wa Municipal,31/08/2025,Wa,Yam white,16.14,Retail
Upper West,Wa Municipal,31/08/2025,Wa,Gari,8.62,Retail
Upper West,Wa Municipal,31/08/2025,Wa,Dried cassava powder kokonte,26.67,Retail
Upper West,Wa Municipal,31/08/2025,Wa,Tomato local,6.00,Retail
Upper West,Wa Municipal,31/08/2025,Wa,Okro fresh,5.00,Retail
Upper West,Wa Municipal,31/08/2025,Wa,Onion,62.50,Retail
Upper West,Wa Municipal,31/08/2025,Wa,Dried pepper,66.66,Retail
Upper West,Wa Municipal,31/08/2025,Wa,Fresh pepper,33.33,Retail
Upper West,Wa Municipal,31/08/2025,Wa,Groundnut red,15.38,Retail
Upper West,Wa Municipal,31/08/2025,Wa,Cowpea white,15.00,Retail
Upper West,Wa Municipal,31/08/2025,Wa,Soya bean,12.94,Retail
Upper West,Wa Municipal,31/08/2025,Wa,Melon seeds agushi,17.50,Retail
Upper West,Wa Municipal,31/08/2025,Wa,Melon seeds agushi powder,13.13,Retail
Upper West,Wa Municipal,31/08/2025,Wa,Melon seeds neri,13.33,Retail
Upper West,Wa Municipal,31/08/2025,Wa,Melon seeds neri powder,34.00,Retail
Upper West,Wa Municipal,31/08/2025,Wa,Bambara bean,12.50,Retail
Upper West,Wa Municipal,31/08/2025,Wa,Sorghum,7.31,Retail
Upper West,Wa Municipal,31/08/2025,Wa,Yam puna,30.38,Retail
Upper West,Wa Municipal,31/08/2025,Wa,Okro dried,46.15,Retail
Upper West,Wa Municipal,31/08/2025,Wa,Unshelled groundnut,17.08,Retail
Upper West,Wa Municipal,31/08/2025,Wa,Dried cassava chips kokonte,15.72,Retail
Upper West,Wa Municipal,31/08/2025,Wa,Groundnut Oil,35.13,Retail
Central,Mfantsiman Municipal,03/09/2025,Mankessim,White maize,5.53,Retail
Central,Mfantsiman Municipal,03/09/2025,Mankessim,Maize yellow,6.25,Retail
Central,Mfantsiman Municipal,03/09/2025,Mankessim,Millet,21.46,Retail
Central,Mfantsiman Municipal,03/09/2025,Mankessim,Rice local perfumed,23.60,Retail
Central,Mfantsiman Municipal,03/09/2025,Mankessim,Rice local non perfumed,18.98,Retail
Central,Mfantsiman Municipal,03/09/2025,Mankessim,Rice imported perfumed,22.41,Retail
Central,Mfantsiman Municipal,03/09/2025,Mankessim,Rice imported non perfumed,14.88,Retail
Central,Mfantsiman Municipal,03/09/2025,Mankessim,Cocoyam,29.24,Retail
Central,Mfantsiman Municipal,03/09/2025,Mankessim,Cassava,6.73,Retail
Central,Mfantsiman Municipal,03/09/2025,Mankessim,Gari,13.36,Retail
Central,Mfantsiman Municipal,03/09/2025,Mankessim,Dried cassava powder kokonte,11.60,Retail
Central,Mfantsiman Municipal,03/09/2025,Mankessim,Plantain apentu,15.09,Retail
Central,Mfantsiman Municipal,03/09/2025,Mankessim,Plantain apem,20.24,Retail
Central,Mfantsiman Municipal,03/09/2025,Mankessim,Banana exotic,15.11,Retail
Central,Mfantsiman Municipal,03/09/2025,Mankessim,Banana local,12.85,Retail
Central,Mfantsiman Municipal,03/09/2025,Mankessim,Orange,8.00,Retail
Central,Mfantsiman Municipal,03/09/2025,Mankessim,Watermelon,5.78,Retail
Central,Mfantsiman Municipal,03/09/2025,Mankessim,Pineapple,7.73,Retail
Central,Mfantsiman Municipal,03/09/2025,Mankessim,Tomato local,20.83,Retail
Central,Mfantsiman Municipal,03/09/2025,Mankessim,Garden egg,23.15,Retail
Central,Mfantsiman Municipal,03/09/2025,Mankessim,Okro fresh,12.72,Retail
Central,Mfantsiman Municipal,03/09/2025,Mankessim,Onion,15.56,Retail
Central,Mfantsiman Municipal,03/09/2025,Mankessim,Ginger,208.27,Retail
Central,Mfantsiman Municipal,03/09/2025,Mankessim,Dried pepper,111.14,Retail
Central,Mfantsiman Municipal,03/09/2025,Mankessim,Fresh pepper,77.18,Retail
Central,Mfantsiman Municipal,03/09/2025,Mankessim,Fresh pepper bonnet,34.11,Retail
Central,Mfantsiman Municipal,03/09/2025,Mankessim,Palm fruit,9.31,Retail
Central,Mfantsiman Municipal,03/09/2025,Mankessim,Tiger nut,80.56,Retail
Central,Mfantsiman Municipal,03/09/2025,Mankessim,Groundnut red,28.31,Retail
Central,Mfantsiman Municipal,03/09/2025,Mankessim,Cowpea white,35.00,Retail
Central,Mfantsiman Municipal,03/09/2025,Mankessim,Soya bean,18.64,Retail
Central,Mfantsiman Municipal,03/09/2025,Mankessim,Melon seeds agushi,67.17,Retail
Central,Mfantsiman Municipal,03/09/2025,Mankessim,Melon seeds agushi powder,69.48,Retail
Central,Mfantsiman Municipal,03/09/2025,Mankessim,Melon seeds neri,25.75,Retail
Central,Mfantsiman Municipal,03/09/2025,Mankessim,Melon seeds neri powder,21.65,Retail
Central,Mfantsiman Municipal,03/09/2025,Mankessim,Palm oil,20.00,Retail
Central,Mfantsiman Municipal,03/09/2025,Mankessim,Coconut oil,50.00,Retail
Central,Mfantsiman Municipal,03/09/2025,Mankessim,Beef,60.00,Retail
Central,Mfantsiman Municipal,03/09/2025,Mankessim,Smoked herring,74.80,Retail
Central,Mfantsiman Municipal,03/09/2025,Mankessim,Salted dried tilapia koobi,98.43,Retail
Central,Mfantsiman Municipal,03/09/2025,Mankessim,Anchovy,103.93,Retail
Central,Mfantsiman Municipal,03/09/2025,Mankessim,Kako,111.50,Retail
Central,Mfantsiman Municipal,03/09/2025,Mankessim,Egg commercial,57.50,Retail
Central,Mfantsiman Municipal,03/09/2025,Mankessim,Chicken,43.00,Retail
Central,Mfantsiman Municipal,03/09/2025,Mankessim,Nkontomire,12.92,Retail
Central,Mfantsiman Municipal,03/09/2025,Mankessim,Ademe ayoyo jute mallow,11.71,Retail
Central,Mfantsiman Municipal,03/09/2025,Mankessim,Cabbage,13.81,Retail
Central,Mfantsiman Municipal,03/09/2025,Mankessim,Lettuce,37.18,Retail
Central,Mfantsiman Municipal,03/09/2025,Mankessim,Carrot,43.75,Retail
Central,Mfantsiman Municipal,03/09/2025,Mankessim,Pawpaw,8.56,Retail
Central,Mfantsiman Municipal,03/09/2025,Mankessim,Bambara bean,34.12,Retail
Central,Mfantsiman Municipal,03/09/2025,Mankessim,Mutton sheep meat,60.00,Retail
Central,Mfantsiman Municipal,03/09/2025,Mankessim,Chevon goat meat,60.00,Retail
Central,Mfantsiman Municipal,03/09/2025,Mankessim,Sweet potato general white pinkish,13.67,Retail
Central,Mfantsiman Municipal,03/09/2025,Mankessim,Cassava dough,8.21,Retail
Central,Mfantsiman Municipal,03/09/2025,Mankessim,Fresh red fish,50.00,Retail
Central,Mfantsiman Municipal,03/09/2025,Mankessim,Fresh salmon mackerel fish,40.00,Retail
Central,Mfantsiman Municipal,03/09/2025,Mankessim,Fresh kpanla fish,35.00,Retail
Central,Mfantsiman Municipal,03/09/2025,Mankessim,Plantain riped,30.22,Retail
Central,Mfantsiman Municipal,03/09/2025,Mankessim,Yam puna,12.77,Retail
Central,Mfantsiman Municipal,03/09/2025,Mankessim,Tomato navrongo,16.67,Retail
Central,Mfantsiman Municipal,03/09/2025,Mankessim,Coconut fresh,6.44,Retail
Eastern,New Juaben South Municipal,04/09/2025,Koforidua Central,Gari,12.50,Retail
Eastern,New Juaben South Municipal,04/09/2025,Koforidua Central,Plantain apentu,28.85,Retail
Eastern,New Juaben South Municipal,04/09/2025,Koforidua Central,Tomato local,14.57,Retail
Eastern,New Juaben South Municipal,04/09/2025,Koforidua Central,Garden egg,16.67,Retail
Eastern,New Juaben South Municipal,04/09/2025,Koforidua Central,Okro fresh,21.33,Retail
Eastern,New Juaben South Municipal,04/09/2025,Koforidua Central,Onion,20.00,Retail
Eastern,New Juaben South Municipal,04/09/2025,Koforidua Central,Ginger,77.59,Retail
Eastern,New Juaben South Municipal,04/09/2025,Koforidua Central,Fresh pepper bonnet,20.59,Retail
Eastern,New Juaben South Municipal,04/09/2025,Koforidua Central,Egg commercial,55.00,Retail
Eastern,New Juaben South Municipal,04/09/2025,Koforidua Central,Nkontomire,7.69,Retail
Eastern,New Juaben South Municipal,04/09/2025,Koforidua Central,Yam puna,14.29,Retail
Western North,Bibiani Anhwiaso Bekwai Municipal,04/09/2025,Bibiani,White maize,6.92,Retail
Western North,Bibiani Anhwiaso Bekwai Municipal,04/09/2025,Bibiani,Maize yellow,7.84,Retail
Western North,Bibiani Anhwiaso Bekwai Municipal,04/09/2025,Bibiani,Millet,20.00,Retail
Western North,Bibiani Anhwiaso Bekwai Municipal,04/09/2025,Bibiani,Rice local perfumed,29.72,Retail
Western North,Bibiani Anhwiaso Bekwai Municipal,04/09/2025,Bibiani,Rice local non perfumed,23.33,Retail
Western North,Bibiani Anhwiaso Bekwai Municipal,04/09/2025,Bibiani,Rice imported perfumed,32.08,Retail
Western North,Bibiani Anhwiaso Bekwai Municipal,04/09/2025,Bibiani,Yam white,11.03,Retail
Western North,Bibiani Anhwiaso Bekwai Municipal,04/09/2025,Bibiani,Gari,22.78,Retail
Western North,Bibiani Anhwiaso Bekwai Municipal,04/09/2025,Bibiani,Dried cassava powder kokonte,16.67,Retail
Western North,Bibiani Anhwiaso Bekwai Municipal,04/09/2025,Bibiani,Plantain apentu,13.78,Retail
Western North,Bibiani Anhwiaso Bekwai Municipal,04/09/2025,Bibiani,Plantain apem,19.63,Retail
Western North,Bibiani Anhwiaso Bekwai Municipal,04/09/2025,Bibiani,Watermelon,10.29,Retail
Western North,Bibiani Anhwiaso Bekwai Municipal,04/09/2025,Bibiani,Pineapple,14.30,Retail
Western North,Bibiani Anhwiaso Bekwai Municipal,04/09/2025,Bibiani,Tomato local,6.84,Retail
Western North,Bibiani Anhwiaso Bekwai Municipal,04/09/2025,Bibiani,Garden egg,21.65,Retail
Western North,Bibiani Anhwiaso Bekwai Municipal,04/09/2025,Bibiani,Okro fresh,23.52,Retail
Western North,Bibiani Anhwiaso Bekwai Municipal,04/09/2025,Bibiani,Onion,25.75,Retail
Western North,Bibiani Anhwiaso Bekwai Municipal,04/09/2025,Bibiani,Fresh pepper bonnet,27.20,Retail
Western North,Bibiani Anhwiaso Bekwai Municipal,04/09/2025,Bibiani,Palm fruit,6.57,Retail
Western North,Bibiani Anhwiaso Bekwai Municipal,04/09/2025,Bibiani,Groundnut red,30.56,Retail
Western North,Bibiani Anhwiaso Bekwai Municipal,04/09/2025,Bibiani,Cowpea white,32.22,Retail
Western North,Bibiani Anhwiaso Bekwai Municipal,04/09/2025,Bibiani,Palm oil,46.00,Retail
Western North,Bibiani Anhwiaso Bekwai Municipal,04/09/2025,Bibiani,Salted dried tilapia koobi,27.67,Retail
Western North,Bibiani Anhwiaso Bekwai Municipal,04/09/2025,Bibiani,Nkontomire,20.83,Retail
Western North,Bibiani Anhwiaso Bekwai Municipal,04/09/2025,Bibiani,Cabbage,39.38,Retail
Western North,Bibiani Anhwiaso Bekwai Municipal,04/09/2025,Bibiani,Lettuce,19.45,Retail
Western North,Bibiani Anhwiaso Bekwai Municipal,04/09/2025,Bibiani,Carrot,15.88,Retail
Western North,Bibiani Anhwiaso Bekwai Municipal,04/09/2025,Bibiani,Pawpaw,10.00,Retail
Western North,Bibiani Anhwiaso Bekwai Municipal,04/09/2025,Bibiani,Mutton sheep meat,96.97,Retail
Western North,Bibiani Anhwiaso Bekwai Municipal,04/09/2025,Bibiani,Chevon goat meat,116.36,Retail
Western North,Bibiani Anhwiaso Bekwai Municipal,04/09/2025,Bibiani,Cassava dough,4.23,Retail
Western North,Bibiani Anhwiaso Bekwai Municipal,04/09/2025,Bibiani,Yam puna,8.95,Retail
Western North,Bibiani Anhwiaso Bekwai Municipal,04/09/2025,Bibiani,Tomato navrongo,17.17,Retail
Western North,Bibiani Anhwiaso Bekwai Municipal,04/09/2025,Bibiani,Coconut fresh,11.67,Retail
Western North,Bibiani Anhwiaso Bekwai Municipal,04/09/2025,Bibiani,Okro dried,233.33,Retail
Western North,Bibiani Anhwiaso Bekwai Municipal,04/09/2025,Bibiani,Unshelled groundnut,75.79,Retail
Bono,Sunyani Municipal,05/09/2025,Nana Bosomah,White maize,4.29,Retail
Bono,Sunyani Municipal,05/09/2025,Nana Bosomah,Maize yellow,4.29,Retail
Bono,Sunyani Municipal,05/09/2025,Nana Bosomah,Millet,12.50,Retail
Bono,Sunyani Municipal,05/09/2025,Nana Bosomah,Rice local perfumed,14.81,Retail
Bono,Sunyani Municipal,05/09/2025,Nana Bosomah,Rice local non perfumed,10.37,Retail
Bono,Sunyani Municipal,05/09/2025,Nana Bosomah,Rice imported perfumed,17.40,Retail
Bono,Sunyani Municipal,05/09/2025,Nana Bosomah,Rice imported non perfumed,14.44,Retail
Bono,Sunyani Municipal,05/09/2025,Nana Bosomah,Yam white,7.17,Retail
Bono,Sunyani Municipal,05/09/2025,Nana Bosomah,Cocoyam,19.87,Retail
Bono,Sunyani Municipal,05/09/2025,Nana Bosomah,Cassava,3.67,Retail
Bono,Sunyani Municipal,05/09/2025,Nana Bosomah,Gari,12.50,Retail
Bono,Sunyani Municipal,05/09/2025,Nana Bosomah,Dried cassava powder kokonte,20.00,Retail
Bono,Sunyani Municipal,05/09/2025,Nana Bosomah,Plantain apentu,28.57,Retail
Bono,Sunyani Municipal,05/09/2025,Nana Bosomah,Plantain apem,28.57,Retail
Bono,Sunyani Municipal,05/09/2025,Nana Bosomah,Banana exotic,50.00,Retail
Bono,Sunyani Municipal,05/09/2025,Nana Bosomah,Banana local,50.00,Retail
Bono,Sunyani Municipal,05/09/2025,Nana Bosomah,Orange,8.89,Retail
Bono,Sunyani Municipal,05/09/2025,Nana Bosomah,Watermelon,4.22,Retail
Bono,Sunyani Municipal,05/09/2025,Nana Bosomah,Pineapple,8.33,Retail
Bono,Sunyani Municipal,05/09/2025,Nana Bosomah,Mango exotic,6.67,Retail
Bono,Sunyani Municipal,05/09/2025,Nana Bosomah,Tomato local,15.00,Retail
Bono,Sunyani Municipal,05/09/2025,Nana Bosomah,Garden egg,16.05,Retail
Bono,Sunyani Municipal,05/09/2025,Nana Bosomah,Okro fresh,23.69,Retail
Bono,Sunyani Municipal,05/09/2025,Nana Bosomah,Onion,12.33,Retail
Bono,Sunyani Municipal,05/09/2025,Nana Bosomah,Ginger,48.04,Retail
Bono,Sunyani Municipal,05/09/2025,Nana Bosomah,Dried pepper,133.33,Retail
Bono,Sunyani Municipal,05/09/2025,Nana Bosomah,Fresh pepper bonnet,75.00,Retail
Bono,Sunyani Municipal,05/09/2025,Nana Bosomah,Palm fruit,10.00,Retail
Bono,Sunyani Municipal,05/09/2025,Nana Bosomah,Tiger nut,28.57,Retail
Bono,Sunyani Municipal,05/09/2025,Nana Bosomah,Groundnut red,20.00,Retail
Bono,Sunyani Municipal,05/09/2025,Nana Bosomah,Cowpea white,16.00,Retail
Bono,Sunyani Municipal,05/09/2025,Nana Bosomah,Soya bean,12.50,Retail
Bono,Sunyani Municipal,05/09/2025,Nana Bosomah,Bambara bean,28.85,Retail
Bono,Sunyani Municipal,05/09/2025,Nana Bosomah,Sorghum,12.00,Retail
Bono,Sunyani Municipal,05/09/2025,Nana Bosomah,Yam puna,9.70,Retail
Bono,Sunyani Municipal,05/09/2025,Nana Bosomah,Tomato navrongo,25.00,Retail
Bono,Sunyani Municipal,05/09/2025,Nana Bosomah,Coconut fresh,2.50,Retail
Bono,Sunyani Municipal,05/09/2025,Nana Bosomah,Okro dried,53.33,Retail
Bono,Sunyani Municipal,05/09/2025,Nana Bosomah,Unshelled groundnut,19.29,Retail
Bono,Sunyani Municipal,05/09/2025,Nana Bosomah,Dried cassava chips kokonte,6.95,Retail
Bono,Sunyani Municipal,06/09/2025,Nana Bosomah ,Melon seeds agushi,40.00,Retail
Bono,Sunyani Municipal,06/09/2025,Nana Bosomah ,Melon seeds agushi powder,40.91,Retail
Bono,Sunyani Municipal,06/09/2025,Nana Bosomah ,Melon seeds neri,26.67,Retail
Bono,Sunyani Municipal,06/09/2025,Nana Bosomah ,Melon seeds neri powder,29.41,Retail
Bono,Sunyani Municipal,06/09/2025,Nana Bosomah ,Palm oil,26.67,Retail
Bono,Sunyani Municipal,06/09/2025,Nana Bosomah ,Beef,100.00,Retail
Bono,Sunyani Municipal,06/09/2025,Nana Bosomah ,Smoked herring,100.00,Retail
Bono,Sunyani Municipal,06/09/2025,Nana Bosomah ,Salted dried tilapia koobi,200.00,Retail
Bono,Sunyani Municipal,06/09/2025,Nana Bosomah ,Anchovy,200.00,Retail
Bono,Sunyani Municipal,06/09/2025,Nana Bosomah ,Egg commercial,50.00,Retail
Bono,Sunyani Municipal,06/09/2025,Nana Bosomah ,Chicken,52.00,Retail
Bono,Sunyani Municipal,06/09/2025,Nana Bosomah ,Nkontomire,15.00,Retail
Bono,Sunyani Municipal,06/09/2025,Nana Bosomah ,Ademe ayoyo jute mallow,20.00,Retail
Bono,Sunyani Municipal,06/09/2025,Nana Bosomah ,Cabbage,8.89,Retail
Bono,Sunyani Municipal,06/09/2025,Nana Bosomah ,Lettuce,88.89,Retail
Bono,Sunyani Municipal,06/09/2025,Nana Bosomah ,Carrot,100.00,Retail
Bono,Sunyani Municipal,06/09/2025,Nana Bosomah ,Mutton sheep meat,160.00,Retail
Bono,Sunyani Municipal,06/09/2025,Nana Bosomah ,Chevon goat meat,160.00,Retail
Bono,Sunyani Municipal,06/09/2025,Nana Bosomah ,Snail,62.50,Retail
Bono,Sunyani Municipal,06/09/2025,Nana Bosomah ,Fresh red fish,55.00,Retail
Bono,Sunyani Municipal,06/09/2025,Nana Bosomah ,Fresh salmon mackerel fish,41.50,Retail
Bono,Sunyani Municipal,06/09/2025,Nana Bosomah ,Fresh kpanla fish,40.00,Retail
Bono,Sunyani Municipal,06/09/2025,Nana Bosomah ,Plantain riped,37.78,Retail
Bono,Sunyani Municipal,06/09/2025,Nana Bosomah ,Alefu amaranthus,20.00,Retail
Bono,Sunyani Municipal,06/09/2025,Nana Bosomah ,Pork,60.00,Retail
Bono,Sunyani Municipal,06/09/2025,Nana Bosomah ,Fresh cow milk,33.33,Retail
Greater Accra,Tema East,03/09/2025,Tema Community One,White maize,12.00,Retail
Greater Accra,Tema East,03/09/2025,Tema Community One,Maize yellow,13.33,Retail
Greater Accra,Tema East,03/09/2025,Tema Community One,Millet,22.50,Retail
Greater Accra,Tema East,03/09/2025,Tema Community One,Rice local perfumed,22.67,Retail
Greater Accra,Tema East,03/09/2025,Tema Community One,Rice imported perfumed,24.00,Retail
Greater Accra,Tema East,03/09/2025,Tema Community One,Cocoyam,30.77,Retail
Greater Accra,Tema East,03/09/2025,Tema Community One,Gari,20.00,Retail
Greater Accra,Tema East,03/09/2025,Tema Community One,Dried cassava powder kokonte,30.00,Retail
Greater Accra,Tema East,03/09/2025,Tema Community One,Plantain apentu,37.50,Retail
Greater Accra,Tema East,03/09/2025,Tema Community One,Plantain apem,62.50,Retail
Greater Accra,Tema East,03/09/2025,Tema Community One,Banana exotic,47.22,Retail
Greater Accra,Tema East,03/09/2025,Tema Community One,Banana local,50.00,Retail
Greater Accra,Tema East,03/09/2025,Tema Community One,Orange,16.67,Retail
Greater Accra,Tema East,03/09/2025,Tema Community One,Watermelon,16.19,Retail
Greater Accra,Tema East,03/09/2025,Tema Community One,Pineapple,20.00,Retail
Greater Accra,Tema East,03/09/2025,Tema Community One,Mango exotic,29.46,Retail
Greater Accra,Tema East,03/09/2025,Tema Community One,Tomato local,10.00,Retail
Greater Accra,Tema East,03/09/2025,Tema Community One,Garden egg,61.11,Retail
Greater Accra,Tema East,03/09/2025,Tema Community One,Okro fresh,83.33,Retail
Greater Accra,Tema East,03/09/2025,Tema Community One,Onion,36.19,Retail
Greater Accra,Tema East,03/09/2025,Tema Community One,Ginger,112.50,Retail
Greater Accra,Tema East,03/09/2025,Tema Community One,Dried pepper,66.67,Retail
Greater Accra,Tema East,03/09/2025,Tema Community One,Fresh pepper,34.44,Retail
Greater Accra,Tema East,03/09/2025,Tema Community One,Fresh pepper bonnet,41.11,Retail
Greater Accra,Tema East,03/09/2025,Tema Community One,Palm fruit,12.00,Retail
Greater Accra,Tema East,03/09/2025,Tema Community One,Groundnut red,33.33,Retail
Greater Accra,Tema East,03/09/2025,Tema Community One,Cowpea white,25.00,Retail
Greater Accra,Tema East,03/09/2025,Tema Community One,Soya bean,21.67,Retail
Greater Accra,Tema East,03/09/2025,Tema Community One,Melon seeds agushi,95.83,Retail
Greater Accra,Tema East,03/09/2025,Tema Community One,Melon seeds agushi powder,100.00,Retail
Greater Accra,Tema East,03/09/2025,Tema Community One,Palm oil,26.67,Retail
Greater Accra,Tema East,03/09/2025,Tema Community One,Beef,60.00,Retail
Greater Accra,Tema East,03/09/2025,Tema Community One,Smoked herring,81.25,Retail
Greater Accra,Tema East,03/09/2025,Tema Community One,Egg commercial,75.00,Retail
Greater Accra,Tema East,03/09/2025,Tema Community One,Chicken,52.33,Retail
Greater Accra,Tema East,03/09/2025,Tema Community One,Nkontomire,38.89,Retail
Greater Accra,Tema East,03/09/2025,Tema Community One,Ademe ayoyo jute mallow,25.00,Retail
Greater Accra,Tema East,03/09/2025,Tema Community One,Cabbage,35.55,Retail
Greater Accra,Tema East,03/09/2025,Tema Community One,Lettuce,50.00,Retail
Greater Accra,Tema East,03/09/2025,Tema Community One,Carrot,58.33,Retail
Greater Accra,Tema East,03/09/2025,Tema Community One,Pawpaw,25.00,Retail
Greater Accra,Tema East,03/09/2025,Tema Community One,Avocado pear,40.00,Retail
Greater Accra,Tema East,03/09/2025,Tema Community One,Bambara bean,29.20,Retail
Greater Accra,Tema East,03/09/2025,Tema Community One,Chevon goat meat,70.00,Retail
Greater Accra,Tema East,03/09/2025,Tema Community One,Sweet potato general white pinkish,43.06,Retail
Greater Accra,Tema East,03/09/2025,Tema Community One,Fresh red fish,69.33,Retail
Greater Accra,Tema East,03/09/2025,Tema Community One,Fresh salmon mackerel fish,41.33,Retail
Greater Accra,Tema East,03/09/2025,Tema Community One,Fresh kpanla fish,38.67,Retail
Greater Accra,Tema East,03/09/2025,Tema Community One,Plantain riped,37.50,Retail
Greater Accra,Tema East,03/09/2025,Tema Community One,Sorghum,22.50,Retail
Greater Accra,Tema East,03/09/2025,Tema Community One,Yam puna,40.95,Retail
Greater Accra,Tema East,03/09/2025,Tema Community One,Tomato navrongo,19.45,Retail
Greater Accra,Tema East,03/09/2025,Tema Community One,Alefu amaranthus,25.00,Retail
Upper East,Bolgatangatanga Municipal,30/08/2025,Bolgatanga,White maize,5.17,Retail
Upper East,Bolgatangatanga Municipal,30/08/2025,Bolgatanga,Maize yellow,5.17,Retail
Upper East,Bolgatangatanga Municipal,30/08/2025,Bolgatanga,Millet,11.49,Retail
Upper East,Bolgatangatanga Municipal,30/08/2025,Bolgatanga,Rice local perfumed,9.65,Retail
Upper East,Bolgatangatanga Municipal,30/08/2025,Bolgatanga,Rice local non perfumed,9.77,Retail
Upper East,Bolgatangatanga Municipal,30/08/2025,Bolgatanga,Rice imported perfumed,20.12,Retail
Upper East,Bolgatangatanga Municipal,30/08/2025,Bolgatanga,Rice imported non perfumed,12.07,Retail
Upper East,Bolgatangatanga Municipal,30/08/2025,Bolgatanga,Garden egg,6.67,Retail
Upper East,Bolgatangatanga Municipal,30/08/2025,Bolgatanga,Okro fresh,6.67,Retail
Upper East,Bolgatangatanga Municipal,30/08/2025,Bolgatanga,Onion,6.67,Retail
Upper East,Bolgatangatanga Municipal,30/08/2025,Bolgatanga,Ginger,8.33,Retail
Upper East,Bolgatangatanga Municipal,30/08/2025,Bolgatanga,Dried pepper,5.00,Retail
Upper East,Bolgatangatanga Municipal,30/08/2025,Bolgatanga,Fresh pepper bonnet,5.00,Retail
Upper East,Bolgatangatanga Municipal,30/08/2025,Bolgatanga,Groundnut red,15.52,Retail
Upper East,Bolgatangatanga Municipal,30/08/2025,Bolgatanga,Cowpea white,12.07,Retail
Upper East,Bolgatangatanga Municipal,30/08/2025,Bolgatanga,Soya bean,8.51,Retail
Upper East,Bolgatangatanga Municipal,30/08/2025,Bolgatanga,Ademe ayoyo jute mallow,5.00,Retail
Upper East,Bolgatangatanga Municipal,30/08/2025,Bolgatanga,Sorghum,7.59,Retail
Upper East,Bolgatangatanga Municipal,30/08/2025,Bolgatanga,Tomato navrongo,8.33,Retail
Upper East,Bolgatangatanga Municipal,30/08/2025,Bolgatanga,Alefu amaranthus,5.00,Retail
Upper East,Bolgatangatanga Municipal,30/08/2025,Bolgatanga,Okro dried,5.00,Retail
Upper East,Bolgatangatanga Municipal,30/08/2025,Bolgatanga,Groundnut Oil,6.93,Retail
Upper East,Bolgatangatanga Municipal,07/09/2025,Bolgatanga,White maize,5.17,Retail
Upper East,Bolgatangatanga Municipal,07/09/2025,Bolgatanga,Maize yellow,5.17,Retail
Upper East,Bolgatangatanga Municipal,07/09/2025,Bolgatanga,Millet,10.34,Retail
Upper East,Bolgatangatanga Municipal,07/09/2025,Bolgatanga,Rice imported non perfumed,11.95,Retail
Upper East,Bolgatangatanga Municipal,07/09/2025,Bolgatanga,Okro fresh,6.67,Retail
Upper East,Bolgatangatanga Municipal,07/09/2025,Bolgatanga,Fresh pepper bonnet,3.91,Retail
Upper East,Bolgatangatanga Municipal,07/09/2025,Bolgatanga,Groundnut red,15.40,Retail
Upper East,Bolgatangatanga Municipal,07/09/2025,Bolgatanga,Cowpea white,12.07,Retail
Upper East,Bolgatangatanga Municipal,07/09/2025,Bolgatanga,Soya bean,10.34,Retail
Upper East,Bolgatangatanga Municipal,07/09/2025,Bolgatanga,Ademe ayoyo jute mallow,5.00,Retail
Upper East,Bolgatangatanga Municipal,07/09/2025,Bolgatanga,Sorghum,7.59,Retail
Upper East,Bolgatangatanga Municipal,07/09/2025,Bolgatanga,Tomato navrongo,5.57,Retail
Upper East,Bolgatangatanga Municipal,07/09/2025,Bolgatanga,Alefu amaranthus,5.00,Retail
Upper East,Bolgatangatanga Municipal,07/09/2025,Bolgatanga,Groundnut Oil,7.00,Retail
Bono East,Techiman Municipal,04/09/2025,Techiman,White maize,6.75,Retail
Bono East,Techiman Municipal,04/09/2025,Techiman,Maize yellow,6.92,Retail
Bono East,Techiman Municipal,04/09/2025,Techiman,Millet,12.17,Retail
Bono East,Techiman Municipal,04/09/2025,Techiman,Rice local perfumed,13.33,Retail
Bono East,Techiman Municipal,04/09/2025,Techiman,Rice local non perfumed,10.84,Retail
Bono East,Techiman Municipal,04/09/2025,Techiman,Rice imported perfumed,18.89,Retail
Bono East,Techiman Municipal,04/09/2025,Techiman,Rice imported non perfumed,14.76,Retail
Bono East,Techiman Municipal,04/09/2025,Techiman,Yam white,9.22,Retail
Bono East,Techiman Municipal,04/09/2025,Techiman,Cassava,2.59,Retail
Bono East,Techiman Municipal,04/09/2025,Techiman,Gari,12.17,Retail
Bono East,Techiman Municipal,04/09/2025,Techiman,Dried cassava powder kokonte,10.62,Retail
Bono East,Techiman Municipal,04/09/2025,Techiman,Plantain apentu,17.68,Retail
Bono East,Techiman Municipal,04/09/2025,Techiman,Plantain apem,18.28,Retail
Bono East,Techiman Municipal,04/09/2025,Techiman,Banana exotic,16.99,Retail
Bono East,Techiman Municipal,04/09/2025,Techiman,Banana local,15.88,Retail
Bono East,Techiman Municipal,04/09/2025,Techiman,Orange,7.24,Retail
Bono East,Techiman Municipal,04/09/2025,Techiman,Watermelon,5.78,Retail
Bono East,Techiman Municipal,04/09/2025,Techiman,Pineapple,11.46,Retail
Bono East,Techiman Municipal,04/09/2025,Techiman,Mango exotic,12.51,Retail
Bono East,Techiman Municipal,04/09/2025,Techiman,Garden egg,16.99,Retail
Bono East,Techiman Municipal,04/09/2025,Techiman,Okro fresh,15.88,Retail
Bono East,Techiman Municipal,04/09/2025,Techiman,Onion,17.17,Retail
Bono East,Techiman Municipal,04/09/2025,Techiman,Ginger,25.00,Retail
Bono East,Techiman Municipal,04/09/2025,Techiman,Dried pepper,116.67,Retail
Bono East,Techiman Municipal,04/09/2025,Techiman,Fresh pepper bonnet,23.77,Retail
Bono East,Techiman Municipal,04/09/2025,Techiman,Palm fruit,9.41,Retail
Bono East,Techiman Municipal,04/09/2025,Techiman,Groundnut red,19.37,Retail
Bono East,Techiman Municipal,04/09/2025,Techiman,Cowpea white,17.29,Retail
Bono East,Techiman Municipal,04/09/2025,Techiman,Soya bean,8.89,Retail
Bono East,Techiman Municipal,04/09/2025,Techiman,Melon seeds agushi,45.00,Retail
Bono East,Techiman Municipal,04/09/2025,Techiman,Melon seeds neri,14.25,Retail
Bono East,Techiman Municipal,04/09/2025,Techiman,Palm oil,28.59,Retail
Bono East,Techiman Municipal,04/09/2025,Techiman,Beef,110.00,Retail
Bono East,Techiman Municipal,04/09/2025,Techiman,Anchovy,66.95,Retail
Bono East,Techiman Municipal,04/09/2025,Techiman,Egg commercial,64.33,Retail
Bono East,Techiman Municipal,04/09/2025,Techiman,Chicken,41.67,Retail
Bono East,Techiman Municipal,04/09/2025,Techiman,Nkontomire,72.22,Retail
Bono East,Techiman Municipal,04/09/2025,Techiman,Ademe ayoyo jute mallow,8.89,Retail
Bono East,Techiman Municipal,04/09/2025,Techiman,Cabbage,8.80,Retail
Bono East,Techiman Municipal,04/09/2025,Techiman,Lettuce,25.00,Retail
Bono East,Techiman Municipal,04/09/2025,Techiman,Carrot,17.78,Retail
Bono East,Techiman Municipal,04/09/2025,Techiman,Bambara bean,22.80,Retail
Bono East,Techiman Municipal,04/09/2025,Techiman,Mutton sheep meat,130.00,Retail
Bono East,Techiman Municipal,04/09/2025,Techiman,Chevon goat meat,130.00,Retail
Bono East,Techiman Municipal,04/09/2025,Techiman,Cassava dough,8.49,Retail
Bono East,Techiman Municipal,04/09/2025,Techiman,Fresh red fish,61.67,Retail
Bono East,Techiman Municipal,04/09/2025,Techiman,Fresh salmon mackerel fish,65.00,Retail
Bono East,Techiman Municipal,04/09/2025,Techiman,Fresh kpanla fish,44.33,Retail
Bono East,Techiman Municipal,04/09/2025,Techiman,Sorghum,9.26,Retail
Bono East,Techiman Municipal,04/09/2025,Techiman,Yam puna,11.24,Retail
Bono East,Techiman Municipal,04/09/2025,Techiman,Tomato navrongo,17.92,Retail
Bono East,Techiman Municipal,04/09/2025,Techiman,Alefu amaranthus,6.96,Retail
Bono East,Techiman Municipal,04/09/2025,Techiman,Coconut fresh,6.08,Retail
Bono East,Techiman Municipal,04/09/2025,Techiman,Dried cassava chips kokonte,6.56,Retail
Ahafo,Asunafo North Municipal,08/09/2025,Goaso,White maize,5.77,Retail
Ahafo,Asunafo North Municipal,08/09/2025,Goaso,Maize yellow,6.70,Retail
Ahafo,Asunafo North Municipal,08/09/2025,Goaso,Millet,13.33,Retail
Ahafo,Asunafo North Municipal,08/09/2025,Goaso,Rice local perfumed,14.00,Retail
Ahafo,Asunafo North Municipal,08/09/2025,Goaso,Cocoyam,10.37,Retail
Ahafo,Asunafo North Municipal,08/09/2025,Goaso,Gari,10.00,Retail
Ahafo,Asunafo North Municipal,08/09/2025,Goaso,Dried cassava powder kokonte,9.50,Retail
Ahafo,Asunafo North Municipal,08/09/2025,Goaso,Plantain apentu,8.77,Retail
Ahafo,Asunafo North Municipal,08/09/2025,Goaso,Plantain apem,10.07,Retail
Ahafo,Asunafo North Municipal,08/09/2025,Goaso,Tomato local,8.89,Retail
Ahafo,Asunafo North Municipal,08/09/2025,Goaso,Garden egg,12.04,Retail
Ahafo,Asunafo North Municipal,08/09/2025,Goaso,Okro fresh,18.06,Retail
Ahafo,Asunafo North Municipal,08/09/2025,Goaso,Ginger,22.22,Retail
Ahafo,Asunafo North Municipal,08/09/2025,Goaso,Fresh pepper bonnet,13.06,Retail
Ahafo,Asunafo North Municipal,08/09/2025,Goaso,Groundnut red,18.33,Retail
Ahafo,Asunafo North Municipal,08/09/2025,Goaso,Cowpea white,15.33,Retail
Ahafo,Asunafo North Municipal,08/09/2025,Goaso,Egg commercial,53.75,Retail
Ahafo,Asunafo North Municipal,08/09/2025,Goaso,Nkontomire,8.89,Retail
Ahafo,Asunafo North Municipal,08/09/2025,Goaso,Sorghum,12.00,Retail
Ahafo,Asunafo North Municipal,08/09/2025,Goaso,Yam puna,9.66,Retail
Ahafo,Asunafo North Municipal,08/09/2025,Goaso,Tomato navrongo,8.28,Retail
Ahafo,Asunafo North Municipal,08/09/2025,Goaso,Coconut fresh,3.70,Retail
Ahafo,Asunafo North Municipal,08/09/2025,Goaso,Dried cassava chips kokonte,8.96,Retail
Bono East,Kintampo North Municipal,08/09/2025,Kintampo,White maize,3.85,Retail
Bono East,Kintampo North Municipal,08/09/2025,Kintampo,Maize yellow,3.86,Retail
Bono East,Kintampo North Municipal,08/09/2025,Kintampo,Millet,11.87,Retail
Bono East,Kintampo North Municipal,08/09/2025,Kintampo,Rice local perfumed,11.15,Retail
Bono East,Kintampo North Municipal,08/09/2025,Kintampo,Rice imported perfumed,15.62,Retail
Bono East,Kintampo North Municipal,08/09/2025,Kintampo,Yam white,9.03,Retail
Bono East,Kintampo North Municipal,08/09/2025,Kintampo,Cassava,3.89,Retail
Bono East,Kintampo North Municipal,08/09/2025,Kintampo,Gari,9.77,Retail
Bono East,Kintampo North Municipal,08/09/2025,Kintampo,Plantain apentu,20.50,Retail
Bono East,Kintampo North Municipal,08/09/2025,Kintampo,Plantain apem,22.54,Retail
Bono East,Kintampo North Municipal,08/09/2025,Kintampo,Tomato local,13.26,Retail
Bono East,Kintampo North Municipal,08/09/2025,Kintampo,Garden egg,17.53,Retail
Bono East,Kintampo North Municipal,08/09/2025,Kintampo,Okro fresh,34.77,Retail
Bono East,Kintampo North Municipal,08/09/2025,Kintampo,Onion,14.29,Retail
Bono East,Kintampo North Municipal,08/09/2025,Kintampo,Dried pepper,79.80,Retail
Bono East,Kintampo North Municipal,08/09/2025,Kintampo,Fresh pepper,38.96,Retail
Bono East,Kintampo North Municipal,08/09/2025,Kintampo,Groundnut red,12.68,Retail
Bono East,Kintampo North Municipal,08/09/2025,Kintampo,Cowpea white,12.68,Retail
Bono East,Kintampo North Municipal,08/09/2025,Kintampo,Melon seeds neri,11.29,Retail
Bono East,Kintampo North Municipal,08/09/2025,Kintampo,Sorghum,9.52,Retail
Bono East,Kintampo North Municipal,08/09/2025,Kintampo,Yam puna,18.57,Retail
Bono East,Kintampo North Municipal,08/09/2025,Kintampo,Okro dried,51.27,Retail
Bono East,Kintampo North Municipal,08/09/2025,Kintampo,Dried cassava chips kokonte,7.44,Retail
Upper West,Wa Municipal,04/09/2025,Wa,White maize,4.64,Retail
Upper West,Wa Municipal,04/09/2025,Wa,Maize yellow,4.64,Retail
Upper West,Wa Municipal,04/09/2025,Wa,Millet,10.00,Retail
Upper West,Wa Municipal,04/09/2025,Wa,Rice local perfumed,18.97,Retail
Upper West,Wa Municipal,04/09/2025,Wa,Rice local non perfumed,10.34,Retail
Upper West,Wa Municipal,04/09/2025,Wa,Rice imported perfumed,20.69,Retail
Upper West,Wa Municipal,04/09/2025,Wa,Rice imported non perfumed,10.34,Retail
Upper West,Wa Municipal,04/09/2025,Wa,Yam white,16.67,Retail
Upper West,Wa Municipal,04/09/2025,Wa,Gari,8.62,Retail
Upper West,Wa Municipal,04/09/2025,Wa,Dried cassava powder kokonte,25.00,Retail
Upper West,Wa Municipal,04/09/2025,Wa,Tomato local,6.67,Retail
Upper West,Wa Municipal,04/09/2025,Wa,Garden egg,7.24,Retail
Upper West,Wa Municipal,04/09/2025,Wa,Okro fresh,4.11,Retail
Upper West,Wa Municipal,04/09/2025,Wa,Onion,86.11,Retail
Upper West,Wa Municipal,04/09/2025,Wa,Dried pepper,58.97,Retail
Upper West,Wa Municipal,04/09/2025,Wa,Fresh pepper,28.71,Retail
Upper West,Wa Municipal,04/09/2025,Wa,Fresh pepper bonnet,41.18,Retail
Upper West,Wa Municipal,04/09/2025,Wa,Groundnut red,15.38,Retail
Upper West,Wa Municipal,04/09/2025,Wa,Cowpea white,15.33,Retail
Upper West,Wa Municipal,04/09/2025,Wa,Soya bean,12.94,Retail
Upper West,Wa Municipal,04/09/2025,Wa,Melon seeds agushi,25.00,Retail
Upper West,Wa Municipal,04/09/2025,Wa,Melon seeds agushi powder,10.00,Retail
Upper West,Wa Municipal,04/09/2025,Wa,Melon seeds neri,13.33,Retail
Upper West,Wa Municipal,04/09/2025,Wa,Melon seeds neri powder,13.78,Retail
Upper West,Wa Municipal,04/09/2025,Wa,Anchovy,313.33,Retail
Upper West,Wa Municipal,04/09/2025,Wa,Egg commercial,78.33,Retail
Upper West,Wa Municipal,04/09/2025,Wa,Bambara bean,12.78,Retail
Upper West,Wa Municipal,04/09/2025,Wa,Sorghum,9.36,Retail
Upper West,Wa Municipal,04/09/2025,Wa,Yam puna,30.67,Retail
Upper West,Wa Municipal,04/09/2025,Wa,Tomato navrongo,6.00,Retail
Upper West,Wa Municipal,04/09/2025,Wa,Okro dried,37.95,Retail
Upper West,Wa Municipal,04/09/2025,Wa,Unshelled groundnut,12.38,Retail
Upper West,Wa Municipal,04/09/2025,Wa,Dried cassava chips kokonte,20.83,Retail
Upper West,Wa Municipal,04/09/2025,Wa,Groundnut Oil,40.20,Retail
Central,Mfantsiman Municipal,10/09/2025,Mankessim,White maize,6.39,Retail
Central,Mfantsiman Municipal,10/09/2025,Mankessim,Maize yellow,6.33,Retail
Central,Mfantsiman Municipal,10/09/2025,Mankessim,Millet,20.78,Retail
Central,Mfantsiman Municipal,10/09/2025,Mankessim,Rice local perfumed,23.48,Retail
Central,Mfantsiman Municipal,10/09/2025,Mankessim,Rice local non perfumed,19.63,Retail
Central,Mfantsiman Municipal,10/09/2025,Mankessim,Rice imported perfumed,25.24,Retail
Central,Mfantsiman Municipal,10/09/2025,Mankessim,Rice imported non perfumed,14.95,Retail
Central,Mfantsiman Municipal,10/09/2025,Mankessim,Cocoyam,22.73,Retail
Central,Mfantsiman Municipal,10/09/2025,Mankessim,Cassava,8.23,Retail
Central,Mfantsiman Municipal,10/09/2025,Mankessim,Gari,14.24,Retail
Central,Mfantsiman Municipal,10/09/2025,Mankessim,Dried cassava powder kokonte,11.34,Retail
Central,Mfantsiman Municipal,10/09/2025,Mankessim,Plantain apentu,26.39,Retail
Central,Mfantsiman Municipal,10/09/2025,Mankessim,Plantain apem,20.44,Retail
Central,Mfantsiman Municipal,10/09/2025,Mankessim,Banana exotic,16.95,Retail
Central,Mfantsiman Municipal,10/09/2025,Mankessim,Banana local,20.89,Retail
Central,Mfantsiman Municipal,10/09/2025,Mankessim,Orange,8.37,Retail
Central,Mfantsiman Municipal,10/09/2025,Mankessim,Watermelon,4.72,Retail
Central,Mfantsiman Municipal,10/09/2025,Mankessim,Pineapple,9.18,Retail
Central,Mfantsiman Municipal,10/09/2025,Mankessim,Tomato local,12.50,Retail
Central,Mfantsiman Municipal,10/09/2025,Mankessim,Garden egg,38.80,Retail
Central,Mfantsiman Municipal,10/09/2025,Mankessim,Okro fresh,22.94,Retail
Central,Mfantsiman Municipal,10/09/2025,Mankessim,Onion,12.63,Retail
Central,Mfantsiman Municipal,10/09/2025,Mankessim,Ginger,197.53,Retail
Central,Mfantsiman Municipal,10/09/2025,Mankessim,Dried pepper,104.01,Retail
Central,Mfantsiman Municipal,10/09/2025,Mankessim,Fresh pepper,74.39,Retail
Central,Mfantsiman Municipal,10/09/2025,Mankessim,Fresh pepper bonnet,36.45,Retail
Central,Mfantsiman Municipal,10/09/2025,Mankessim,Palm fruit,9.10,Retail
Central,Mfantsiman Municipal,10/09/2025,Mankessim,Tiger nut,76.47,Retail
Central,Mfantsiman Municipal,10/09/2025,Mankessim,Groundnut red,28.04,Retail
Central,Mfantsiman Municipal,10/09/2025,Mankessim,Cowpea white,32.51,Retail
Central,Mfantsiman Municipal,10/09/2025,Mankessim,Soya bean,20.26,Retail
Central,Mfantsiman Municipal,10/09/2025,Mankessim,Melon seeds agushi,64.81,Retail
Central,Mfantsiman Municipal,10/09/2025,Mankessim,Melon seeds agushi powder,70.10,Retail
Central,Mfantsiman Municipal,10/09/2025,Mankessim,Melon seeds neri,27.10,Retail
Central,Mfantsiman Municipal,10/09/2025,Mankessim,Melon seeds neri powder,22.52,Retail
Central,Mfantsiman Municipal,10/09/2025,Mankessim,Palm oil,20.00,Retail
Central,Mfantsiman Municipal,10/09/2025,Mankessim,Coconut oil,50.00,Retail
Central,Mfantsiman Municipal,10/09/2025,Mankessim,Beef,60.00,Retail
Central,Mfantsiman Municipal,10/09/2025,Mankessim,Smoked herring,55.43,Retail
Central,Mfantsiman Municipal,10/09/2025,Mankessim,Salted dried tilapia koobi,127.67,Retail
Central,Mfantsiman Municipal,10/09/2025,Mankessim,Anchovy,87.43,Retail
Central,Mfantsiman Municipal,10/09/2025,Mankessim,Kako,88.41,Retail
Central,Mfantsiman Municipal,10/09/2025,Mankessim,Egg commercial,57.50,Retail
Central,Mfantsiman Municipal,10/09/2025,Mankessim,Chicken,42.67,Retail
Central,Mfantsiman Municipal,10/09/2025,Mankessim,Nkontomire,10.79,Retail
Central,Mfantsiman Municipal,10/09/2025,Mankessim,Ademe ayoyo jute mallow,13.20,Retail
Central,Mfantsiman Municipal,10/09/2025,Mankessim,Cabbage,14.34,Retail
Central,Mfantsiman Municipal,10/09/2025,Mankessim,Lettuce,39.27,Retail
Central,Mfantsiman Municipal,10/09/2025,Mankessim,Carrot,52.07,Retail
Central,Mfantsiman Municipal,10/09/2025,Mankessim,Pawpaw,11.68,Retail
Central,Mfantsiman Municipal,10/09/2025,Mankessim,Bambara bean,52.50,Retail
Central,Mfantsiman Municipal,10/09/2025,Mankessim,Mutton sheep meat,60.00,Retail
Central,Mfantsiman Municipal,10/09/2025,Mankessim,Chevon goat meat,60.00,Retail
Central,Mfantsiman Municipal,10/09/2025,Mankessim,Sweet potato general white pinkish,13.20,Retail
Central,Mfantsiman Municipal,10/09/2025,Mankessim,Cassava dough,8.05,Retail
Central,Mfantsiman Municipal,10/09/2025,Mankessim,Fresh red fish,50.00,Retail
Central,Mfantsiman Municipal,10/09/2025,Mankessim,Fresh salmon mackerel fish,40.00,Retail
Central,Mfantsiman Municipal,10/09/2025,Mankessim,Fresh kpanla fish,35.00,Retail
Central,Mfantsiman Municipal,10/09/2025,Mankessim,Plantain riped,15.98,Retail
Central,Mfantsiman Municipal,10/09/2025,Mankessim,Yam puna,10.05,Retail
Central,Mfantsiman Municipal,10/09/2025,Mankessim,Tomato navrongo,13.43,Retail
Central,Mfantsiman Municipal,10/09/2025,Mankessim,Coconut fresh,4.68,Retail
Eastern,New Juaben South Municipal,11/09/2025,Koforidua central,Gari,14.06,Retail
Eastern,New Juaben South Municipal,11/09/2025,Koforidua central,Banana exotic,11.50,Retail
Eastern,New Juaben South Municipal,11/09/2025,Koforidua central,Banana local,15.32,Retail
Eastern,New Juaben South Municipal,11/09/2025,Koforidua central,Watermelon,7.28,Retail
Eastern,New Juaben South Municipal,11/09/2025,Koforidua central,Pineapple,8.94,Retail
Eastern,New Juaben South Municipal,11/09/2025,Koforidua central,Tomato local,10.55,Retail
Eastern,New Juaben South Municipal,11/09/2025,Koforidua central,Garden egg,15.28,Retail
Eastern,New Juaben South Municipal,11/09/2025,Koforidua central,Egg commercial,66.67,Retail
Eastern,New Juaben South Municipal,11/09/2025,Koforidua central,Cabbage,9.54,Retail
Eastern,New Juaben South Municipal,11/09/2025,Koforidua central,Carrot,13.97,Retail
Eastern,New Juaben South Municipal,11/09/2025,Koforidua central,Fresh salmon mackerel fish,40.00,Retail
Eastern,New Juaben South Municipal,11/09/2025,Koforidua central,Yam puna,13.82,Retail
Eastern,New Juaben South Municipal,11/09/2025,Koforidua central,Unshelled groundnut,16.00,Retail
Eastern,New Juaben South Municipal,11/09/2025,Koforidua central,Sweet potato,8.46,Retail
Ashanti,Obuasi Municipal,12/09/2025,Obuasi Central ,Garden egg,15.67,Retail
Ashanti,Obuasi Municipal,12/09/2025,Obuasi Central ,Okro fresh,36.49,Retail
Ashanti,Obuasi Municipal,12/09/2025,Obuasi Central ,White maize,12.50,Retail
Ashanti,Obuasi Municipal,12/09/2025,Obuasi Central ,Maize yellow,11.64,Retail
Ashanti,Obuasi Municipal,12/09/2025,Obuasi Central ,Millet,15.19,Retail
Ashanti,Obuasi Municipal,12/09/2025,Obuasi Central ,Soya bean,16.45,Retail
Ashanti,Obuasi Municipal,12/09/2025,Obuasi Central ,Bambara bean,26.48,Retail
Ashanti,Obuasi Municipal,12/09/2025,Obuasi Central ,Pork,48.00,Retail
Ashanti,Obuasi Municipal,12/09/2025,Obuasi Central ,Cassava,4.63,Retail
Ashanti,Obuasi Municipal,12/09/2025,Obuasi Central ,Plantain apentu,20.13,Retail
Ashanti,Obuasi Municipal,12/09/2025,Obuasi Central ,Nkontomire,10.55,Retail
Ashanti,Obuasi Municipal,12/09/2025,Obuasi Central ,Plantain riped,21.41,Retail
Ashanti,Obuasi Municipal,12/09/2025,Obuasi Central ,Yam puna,15.41,Retail
Ashanti,Obuasi Municipal,12/09/2025,Obuasi Central ,Pineapple,10.93,Retail
Ashanti,Obuasi Municipal,12/09/2025,Obuasi Central ,Mango exotic,26.67,Retail
Ashanti,Obuasi Municipal,12/09/2025,Obuasi Central ,Tomato local,21.54,Retail
Ashanti,Obuasi Municipal,12/09/2025,Obuasi Central ,Dried pepper,91.41,Retail
Ashanti,Obuasi Municipal,12/09/2025,Obuasi Central ,Fresh pepper bonnet,86.90,Retail
Ashanti,Obuasi Municipal,12/09/2025,Obuasi Central ,Onion,26.13,Retail
Ashanti,Obuasi Municipal,12/09/2025,Obuasi Central ,Ginger,62.66,Retail
Ashanti,Obuasi Municipal,12/09/2025,Obuasi Central ,Salted dried tilapia koobi,137.62,Retail
Ashanti,Obuasi Municipal,12/09/2025,Obuasi Central ,Egg commercial,68.33,Retail
Ashanti,Obuasi Municipal,12/09/2025,Obuasi Central ,Cabbage,18.61,Retail
Ashanti,Obuasi Municipal,12/09/2025,Obuasi Central ,Lettuce,22.92,Retail
Ashanti,Obuasi Municipal,12/09/2025,Obuasi Central ,Carrot,24.29,Retail
Ashanti,Obuasi Municipal,12/09/2025,Obuasi Central ,Groundnut red,19.78,Retail
Ashanti,Obuasi Municipal,12/09/2025,Obuasi Central ,Cowpea white,18.76,Retail
Western North,Bibiani Anhwiaso Bekwai Municipal,12/09/2025,Bibiani ,White maize,7.58,Retail
Western North,Bibiani Anhwiaso Bekwai Municipal,12/09/2025,Bibiani ,Maize yellow,8.15,Retail
Western North,Bibiani Anhwiaso Bekwai Municipal,12/09/2025,Bibiani ,Millet,18.33,Retail
Western North,Bibiani Anhwiaso Bekwai Municipal,12/09/2025,Bibiani ,Rice local perfumed,25.21,Retail
Western North,Bibiani Anhwiaso Bekwai Municipal,12/09/2025,Bibiani ,Rice local non perfumed,28.89,Retail
Western North,Bibiani Anhwiaso Bekwai Municipal,12/09/2025,Bibiani ,Rice imported perfumed,31.67,Retail
Western North,Bibiani Anhwiaso Bekwai Municipal,12/09/2025,Bibiani ,Rice imported non perfumed,21.11,Retail
Western North,Bibiani Anhwiaso Bekwai Municipal,12/09/2025,Bibiani ,Yam white,11.61,Retail
Western North,Bibiani Anhwiaso Bekwai Municipal,12/09/2025,Bibiani ,Gari,18.33,Retail
Western North,Bibiani Anhwiaso Bekwai Municipal,12/09/2025,Bibiani ,Dried cassava powder kokonte,14.44,Retail
Western North,Bibiani Anhwiaso Bekwai Municipal,12/09/2025,Bibiani ,Plantain apentu,17.17,Retail
Western North,Bibiani Anhwiaso Bekwai Municipal,12/09/2025,Bibiani ,Plantain apem,14.50,Retail
Western North,Bibiani Anhwiaso Bekwai Municipal,12/09/2025,Bibiani ,Pineapple,18.21,Retail
Western North,Bibiani Anhwiaso Bekwai Municipal,12/09/2025,Bibiani ,Tomato local,32.64,Retail
Western North,Bibiani Anhwiaso Bekwai Municipal,12/09/2025,Bibiani ,Garden egg,19.45,Retail
Western North,Bibiani Anhwiaso Bekwai Municipal,12/09/2025,Bibiani ,Okro fresh,22.31,Retail
Western North,Bibiani Anhwiaso Bekwai Municipal,12/09/2025,Bibiani ,Onion,27.11,Retail
Western North,Bibiani Anhwiaso Bekwai Municipal,12/09/2025,Bibiani ,Ginger,36.03,Retail
Western North,Bibiani Anhwiaso Bekwai Municipal,12/09/2025,Bibiani ,Dried pepper,55.83,Retail
Western North,Bibiani Anhwiaso Bekwai Municipal,12/09/2025,Bibiani ,Fresh pepper,27.15,Retail
Western North,Bibiani Anhwiaso Bekwai Municipal,12/09/2025,Bibiani ,Fresh pepper bonnet,29.17,Retail
Western North,Bibiani Anhwiaso Bekwai Municipal,12/09/2025,Bibiani ,Palm fruit,10.18,Retail
Western North,Bibiani Anhwiaso Bekwai Municipal,12/09/2025,Bibiani ,Cowpea white,28.33,Retail
Western North,Bibiani Anhwiaso Bekwai Municipal,12/09/2025,Bibiani ,Soya bean,17.22,Retail
Western North,Bibiani Anhwiaso Bekwai Municipal,12/09/2025,Bibiani ,Palm oil,44.67,Retail
Western North,Bibiani Anhwiaso Bekwai Municipal,12/09/2025,Bibiani ,Egg commercial,65.00,Retail
Western North,Bibiani Anhwiaso Bekwai Municipal,12/09/2025,Bibiani ,Nkontomire,13.72,Retail
Western North,Bibiani Anhwiaso Bekwai Municipal,12/09/2025,Bibiani ,Cabbage,29.68,Retail
Western North,Bibiani Anhwiaso Bekwai Municipal,12/09/2025,Bibiani ,Carrot,26.11,Retail
Western North,Bibiani Anhwiaso Bekwai Municipal,12/09/2025,Bibiani ,Pawpaw,8.38,Retail
Western North,Bibiani Anhwiaso Bekwai Municipal,12/09/2025,Bibiani ,Mutton sheep meat,96.97,Retail
Western North,Bibiani Anhwiaso Bekwai Municipal,12/09/2025,Bibiani ,Chevon goat meat,116.36,Retail
Western North,Bibiani Anhwiaso Bekwai Municipal,12/09/2025,Bibiani ,Yam puna,10.14,Retail
Western North,Bibiani Anhwiaso Bekwai Municipal,12/09/2025,Bibiani ,Coconut fresh,11.94,Retail
Western North,Bibiani Anhwiaso Bekwai Municipal,12/09/2025,Bibiani ,Okro dried,154.17,Retail
Bono East,Kintampo North Municipal,14/09/2025,Kintampo,White maize,3.91,Retail
Bono East,Kintampo North Municipal,14/09/2025,Kintampo,Maize yellow,3.85,Retail
Bono East,Kintampo North Municipal,14/09/2025,Kintampo,Millet,11.87,Retail
Bono East,Kintampo North Municipal,14/09/2025,Kintampo,Rice local perfumed,11.59,Retail
Bono East,Kintampo North Municipal,14/09/2025,Kintampo,Rice imported perfumed,15.42,Retail
Bono East,Kintampo North Municipal,14/09/2025,Kintampo,Cassava,3.70,Retail
Bono East,Kintampo North Municipal,14/09/2025,Kintampo,Gari,9.92,Retail
Bono East,Kintampo North Municipal,14/09/2025,Kintampo,Plantain apentu,20.81,Retail
Bono East,Kintampo North Municipal,14/09/2025,Kintampo,Plantain apem,28.37,Retail
Bono East,Kintampo North Municipal,14/09/2025,Kintampo,Tomato local,15.54,Retail
Bono East,Kintampo North Municipal,14/09/2025,Kintampo,Garden egg,17.76,Retail
Bono East,Kintampo North Municipal,14/09/2025,Kintampo,Okro fresh,34.28,Retail
Bono East,Kintampo North Municipal,14/09/2025,Kintampo,Onion,14.33,Retail
Bono East,Kintampo North Municipal,14/09/2025,Kintampo,Dried pepper,83.81,Retail
Bono East,Kintampo North Municipal,14/09/2025,Kintampo,Fresh pepper,38.96,Retail
Bono East,Kintampo North Municipal,14/09/2025,Kintampo,Groundnut red,12.68,Retail
Bono East,Kintampo North Municipal,14/09/2025,Kintampo,Cowpea white,12.54,Retail
Bono East,Kintampo North Municipal,14/09/2025,Kintampo,Melon seeds neri,11.29,Retail
Bono East,Kintampo North Municipal,14/09/2025,Kintampo,Sorghum,9.52,Retail
Bono East,Kintampo North Municipal,14/09/2025,Kintampo,Yam puna,18.18,Retail
Bono East,Kintampo North Municipal,14/09/2025,Kintampo,Okro dried,50.53,Retail
Bono East,Kintampo North Municipal,14/09/2025,Kintampo,Dried cassava chips kokonte,6.67,Retail
Ahafo,Asunafo North Municipal,14/09/2025,Goaso,White maize,6.74,Retail
Ahafo,Asunafo North Municipal,14/09/2025,Goaso,Maize yellow,6.64,Retail
Ahafo,Asunafo North Municipal,14/09/2025,Goaso,Millet,14.33,Retail
Ahafo,Asunafo North Municipal,14/09/2025,Goaso,Rice local perfumed,12.45,Retail
Ahafo,Asunafo North Municipal,14/09/2025,Goaso,Cocoyam,9.41,Retail
Ahafo,Asunafo North Municipal,14/09/2025,Goaso,Cassava,3.37,Retail
Ahafo,Asunafo North Municipal,14/09/2025,Goaso,Gari,10.00,Retail
Ahafo,Asunafo North Municipal,14/09/2025,Goaso,Dried cassava powder kokonte,9.38,Retail
Ahafo,Asunafo North Municipal,14/09/2025,Goaso,Plantain apentu,7.50,Retail
Ahafo,Asunafo North Municipal,14/09/2025,Goaso,Plantain apem,8.52,Retail
Ahafo,Asunafo North Municipal,14/09/2025,Goaso,Orange,4.57,Retail
Ahafo,Asunafo North Municipal,14/09/2025,Goaso,Tomato local,9.70,Retail
Ahafo,Asunafo North Municipal,14/09/2025,Goaso,Garden egg,13.89,Retail
Ahafo,Asunafo North Municipal,14/09/2025,Goaso,Okro fresh,15.28,Retail
Ahafo,Asunafo North Municipal,14/09/2025,Goaso,Onion,16.67,Retail
Ahafo,Asunafo North Municipal,14/09/2025,Goaso,Ginger,15.28,Retail
Ahafo,Asunafo North Municipal,14/09/2025,Goaso,Fresh pepper bonnet,20.83,Retail
Ahafo,Asunafo North Municipal,14/09/2025,Goaso,Palm fruit,4.92,Retail
Ahafo,Asunafo North Municipal,14/09/2025,Goaso,Groundnut red,17.22,Retail
Ahafo,Asunafo North Municipal,14/09/2025,Goaso,Cowpea white,15.33,Retail
Ahafo,Asunafo North Municipal,14/09/2025,Goaso,Palm oil,20.00,Retail
Ahafo,Asunafo North Municipal,14/09/2025,Goaso,Egg commercial,50.00,Retail
Ahafo,Asunafo North Municipal,14/09/2025,Goaso,Nkontomire,12.50,Retail
Ahafo,Asunafo North Municipal,14/09/2025,Goaso,Pawpaw,1.72,Retail
Ahafo,Asunafo North Municipal,14/09/2025,Goaso,Sorghum,12.33,Retail
Ahafo,Asunafo North Municipal,14/09/2025,Goaso,Yam puna,8.77,Retail
Ahafo,Asunafo North Municipal,14/09/2025,Goaso,Tomato navrongo,10.74,Retail
Ahafo,Asunafo North Municipal,14/09/2025,Goaso,Coconut fresh,4.82,Retail
Ahafo,Asunafo North Municipal,14/09/2025,Goaso,Unshelled groundnut,18.91,Retail
Ahafo,Asunafo North Municipal,14/09/2025,Goaso,Dried cassava chips kokonte,8.84,Retail
North East,East Mamprusi Municipal,31/08/2025,Gbintiri,White maize,4.02,Retail
North East,East Mamprusi Municipal,31/08/2025,Gbintiri,Maize yellow,3.85,Retail
North East,East Mamprusi Municipal,31/08/2025,Gbintiri,Millet,7.63,Retail
North East,East Mamprusi Municipal,31/08/2025,Gbintiri,Gari,15.20,Retail
North East,East Mamprusi Municipal,31/08/2025,Gbintiri,Dried pepper,32.61,Retail
North East,East Mamprusi Municipal,31/08/2025,Gbintiri,Cowpea white,15.25,Retail
North East,East Mamprusi Municipal,31/08/2025,Gbintiri,Soya bean,6.30,Retail
North East,East Mamprusi Municipal,31/08/2025,Gbintiri,Melon seeds neri,7.15,Retail
North East,East Mamprusi Municipal,31/08/2025,Gbintiri,Bambara bean,15.53,Retail
North East,East Mamprusi Municipal,31/08/2025,Gbintiri,Sorghum,7.42,Retail
North East,East Mamprusi Municipal,31/08/2025,Gbintiri,Yam puna,13.13,Retail
North East,East Mamprusi Municipal,31/08/2025,Gbintiri,Okro dried,48.64,Retail
North East,East Mamprusi Municipal,31/08/2025,Gbintiri,Unshelled groundnut,4.23,Retail
Upper West,Wa Municipal,14/09/2025,Wa,White maize,4.76,Retail
Upper West,Wa Municipal,14/09/2025,Wa,Maize yellow,5.00,Retail
Upper West,Wa Municipal,14/09/2025,Wa,Millet,10.00,Retail
Upper West,Wa Municipal,14/09/2025,Wa,Rice local perfumed,13.56,Retail
Upper West,Wa Municipal,14/09/2025,Wa,Rice local non perfumed,10.34,Retail
Upper West,Wa Municipal,14/09/2025,Wa,Rice imported perfumed,18.97,Retail
Upper West,Wa Municipal,14/09/2025,Wa,Rice imported non perfumed,10.34,Retail
Upper West,Wa Municipal,14/09/2025,Wa,Yam white,7.75,Retail
Upper West,Wa Municipal,14/09/2025,Wa,Gari,12.50,Retail
Upper West,Wa Municipal,14/09/2025,Wa,Dried cassava powder kokonte,25.00,Retail
Upper West,Wa Municipal,14/09/2025,Wa,Orange,10.00,Retail
Upper West,Wa Municipal,14/09/2025,Wa,Tomato local,3.33,Retail
Upper West,Wa Municipal,14/09/2025,Wa,Okro fresh,50.00,Retail
Upper West,Wa Municipal,14/09/2025,Wa,Dried pepper,57.69,Retail
Upper West,Wa Municipal,14/09/2025,Wa,Fresh pepper,13.89,Retail
Upper West,Wa Municipal,14/09/2025,Wa,Fresh pepper bonnet,22.22,Retail
Upper West,Wa Municipal,14/09/2025,Wa,Groundnut red,13.04,Retail
Upper West,Wa Municipal,14/09/2025,Wa,Cowpea white,21.74,Retail
Upper West,Wa Municipal,14/09/2025,Wa,Soya bean,5.33,Retail
Upper West,Wa Municipal,14/09/2025,Wa,Melon seeds agushi,75.00,Retail
Upper West,Wa Municipal,14/09/2025,Wa,Melon seeds agushi powder,16.67,Retail
Upper West,Wa Municipal,14/09/2025,Wa,Melon seeds neri,16.67,Retail
Upper West,Wa Municipal,14/09/2025,Wa,Melon seeds neri powder,18.00,Retail
Upper West,Wa Municipal,14/09/2025,Wa,Bambara bean,14.76,Retail
Upper West,Wa Municipal,14/09/2025,Wa,Sorghum,6.15,Retail
Upper West,Wa Municipal,14/09/2025,Wa,Yam puna,12.61,Retail
Upper West,Wa Municipal,14/09/2025,Wa,Tomato navrongo,5.00,Retail
Upper West,Wa Municipal,14/09/2025,Wa,Okro dried,38.46,Retail
Upper West,Wa Municipal,14/09/2025,Wa,Unshelled groundnut,11.35,Retail
Upper West,Wa Municipal,14/09/2025,Wa,Dried cassava chips kokonte,9.62,Retail
Upper West,Wa Municipal,14/09/2025,Wa,Groundnut Oil,28.37,Retail
Savannah,Bole,13/09/2025,Bamboi,White maize,9.73,Retail
Savannah,Bole,13/09/2025,Bamboi,Maize yellow,8.00,Retail
Savannah,Bole,13/09/2025,Bamboi,Millet,12.79,Retail
Savannah,Bole,13/09/2025,Bamboi,Rice local perfumed,17.71,Retail
Savannah,Bole,13/09/2025,Bamboi,Rice local non perfumed,13.54,Retail
Savannah,Bole,13/09/2025,Bamboi,Rice imported perfumed,17.19,Retail
Savannah,Bole,13/09/2025,Bamboi,Rice imported non perfumed,16.67,Retail
Savannah,Bole,13/09/2025,Bamboi,Yam white,18.03,Retail
Savannah,Bole,13/09/2025,Bamboi,Gari,13.89,Retail
Savannah,Bole,13/09/2025,Bamboi,Tomato local,24.45,Retail
Savannah,Bole,13/09/2025,Bamboi,Garden egg,24.20,Retail
Savannah,Bole,13/09/2025,Bamboi,Okro fresh,34.62,Retail
Savannah,Bole,13/09/2025,Bamboi,Onion,21.11,Retail
Savannah,Bole,13/09/2025,Bamboi,Dried pepper,44.33,Retail
Savannah,Bole,13/09/2025,Bamboi,Fresh pepper bonnet,27.52,Retail
Savannah,Bole,13/09/2025,Bamboi,Groundnut red,15.38,Retail
Savannah,Bole,13/09/2025,Bamboi,Cowpea white,15.38,Retail
Savannah,Bole,13/09/2025,Bamboi,Soya bean,10.00,Retail
Savannah,Bole,13/09/2025,Bamboi,Melon seeds agushi,41.25,Retail
Savannah,Bole,13/09/2025,Bamboi,Melon seeds neri,42.12,Retail
Savannah,Bole,13/09/2025,Bamboi,Palm oil,40.45,Retail
Savannah,Bole,13/09/2025,Bamboi,Beef,80.00,Retail
Savannah,Bole,13/09/2025,Bamboi,Egg commercial,70.00,Retail
Savannah,Bole,13/09/2025,Bamboi,Sorghum,10.32,Retail
Savannah,Bole,13/09/2025,Bamboi,Yam puna,17.54,Retail
Savannah,Bole,13/09/2025,Bamboi,Okro dried,25.03,Retail
Central,Mfantsiman Municipal,17/09/2025,Mankessim,White maize,4.74,Retail
Central,Mfantsiman Municipal,17/09/2025,Mankessim,Maize yellow,5.52,Retail
Central,Mfantsiman Municipal,17/09/2025,Mankessim,Millet,21.13,Retail
Central,Mfantsiman Municipal,17/09/2025,Mankessim,Rice local perfumed,20.58,Retail
Central,Mfantsiman Municipal,17/09/2025,Mankessim,Rice local non perfumed,16.33,Retail
Central,Mfantsiman Municipal,17/09/2025,Mankessim,Rice imported perfumed,22.50,Retail
Central,Mfantsiman Municipal,17/09/2025,Mankessim,Rice imported non perfumed,13.56,Retail
Central,Mfantsiman Municipal,17/09/2025,Mankessim,Cocoyam,18.71,Retail
Central,Mfantsiman Municipal,17/09/2025,Mankessim,Cassava,7.71,Retail
Central,Mfantsiman Municipal,17/09/2025,Mankessim,Gari,13.56,Retail
Central,Mfantsiman Municipal,17/09/2025,Mankessim,Dried cassava powder kokonte,10.76,Retail
Central,Mfantsiman Municipal,17/09/2025,Mankessim,Plantain apentu,13.99,Retail
Central,Mfantsiman Municipal,17/09/2025,Mankessim,Plantain apem,13.89,Retail
Central,Mfantsiman Municipal,17/09/2025,Mankessim,Banana exotic,12.94,Retail
Central,Mfantsiman Municipal,17/09/2025,Mankessim,Banana local,13.10,Retail
Central,Mfantsiman Municipal,17/09/2025,Mankessim,Orange,4.70,Retail
Central,Mfantsiman Municipal,17/09/2025,Mankessim,Watermelon,6.92,Retail
Central,Mfantsiman Municipal,17/09/2025,Mankessim,Pineapple,8.35,Retail
Central,Mfantsiman Municipal,17/09/2025,Mankessim,Tomato local,18.25,Retail
Central,Mfantsiman Municipal,17/09/2025,Mankessim,Garden egg,21.83,Retail
Central,Mfantsiman Municipal,17/09/2025,Mankessim,Okro fresh,21.76,Retail
Central,Mfantsiman Municipal,17/09/2025,Mankessim,Onion,12.60,Retail
Central,Mfantsiman Municipal,17/09/2025,Mankessim,Ginger,62.66,Retail
Central,Mfantsiman Municipal,17/09/2025,Mankessim,Dried pepper,108.49,Retail
Central,Mfantsiman Municipal,17/09/2025,Mankessim,Fresh pepper,66.67,Retail
Central,Mfantsiman Municipal,17/09/2025,Mankessim,Fresh pepper bonnet,31.74,Retail
Central,Mfantsiman Municipal,17/09/2025,Mankessim,Palm fruit,9.25,Retail
Central,Mfantsiman Municipal,17/09/2025,Mankessim,Tiger nut,68.81,Retail
Central,Mfantsiman Municipal,17/09/2025,Mankessim,Groundnut red,25.68,Retail
Central,Mfantsiman Municipal,17/09/2025,Mankessim,Cowpea white,26.42,Retail
Central,Mfantsiman Municipal,17/09/2025,Mankessim,Soya bean,20.01,Retail
Central,Mfantsiman Municipal,17/09/2025,Mankessim,Melon seeds agushi,63.60,Retail
Central,Mfantsiman Municipal,17/09/2025,Mankessim,Melon seeds agushi powder,60.19,Retail
Central,Mfantsiman Municipal,17/09/2025,Mankessim,Melon seeds neri,25.00,Retail
Central,Mfantsiman Municipal,17/09/2025,Mankessim,Melon seeds neri powder,20.74,Retail
Central,Mfantsiman Municipal,17/09/2025,Mankessim,Palm oil,21.11,Retail
Central,Mfantsiman Municipal,17/09/2025,Mankessim,Coconut oil,50.00,Retail
Central,Mfantsiman Municipal,17/09/2025,Mankessim,Beef,60.00,Retail
Central,Mfantsiman Municipal,17/09/2025,Mankessim,Smoked herring,64.55,Retail
Central,Mfantsiman Municipal,17/09/2025,Mankessim,Salted dried tilapia koobi,92.34,Retail
Central,Mfantsiman Municipal,17/09/2025,Mankessim,Anchovy,85.75,Retail
Central,Mfantsiman Municipal,17/09/2025,Mankessim,Kako,91.31,Retail
Central,Mfantsiman Municipal,17/09/2025,Mankessim,Egg commercial,60.00,Retail
Central,Mfantsiman Municipal,17/09/2025,Mankessim,Chicken,42.67,Retail
Central,Mfantsiman Municipal,17/09/2025,Mankessim,Nkontomire,13.65,Retail
Central,Mfantsiman Municipal,17/09/2025,Mankessim,Ademe ayoyo jute mallow,12.96,Retail
Central,Mfantsiman Municipal,17/09/2025,Mankessim,Cabbage,10.48,Retail
Central,Mfantsiman Municipal,17/09/2025,Mankessim,Lettuce,42.23,Retail
Central,Mfantsiman Municipal,17/09/2025,Mankessim,Carrot,48.33,Retail
Central,Mfantsiman Municipal,17/09/2025,Mankessim,Pawpaw,7.78,Retail
Central,Mfantsiman Municipal,17/09/2025,Mankessim,Bambara bean,29.80,Retail
Central,Mfantsiman Municipal,17/09/2025,Mankessim,Mutton sheep meat,60.00,Retail
Central,Mfantsiman Municipal,17/09/2025,Mankessim,Chevon goat meat,60.00,Retail
Central,Mfantsiman Municipal,17/09/2025,Mankessim,Snail,59.25,Retail
Central,Mfantsiman Municipal,17/09/2025,Mankessim,Sweet potato general white pinkish,7.49,Retail
Central,Mfantsiman Municipal,17/09/2025,Mankessim,Cassava dough,7.86,Retail
Central,Mfantsiman Municipal,17/09/2025,Mankessim,Fresh red fish,50.00,Retail
Central,Mfantsiman Municipal,17/09/2025,Mankessim,Fresh salmon mackerel fish,40.00,Retail
Central,Mfantsiman Municipal,17/09/2025,Mankessim,Fresh kpanla fish,35.00,Retail
Central,Mfantsiman Municipal,17/09/2025,Mankessim,Plantain riped,15.78,Retail
Central,Mfantsiman Municipal,17/09/2025,Mankessim,Yam puna,10.45,Retail
Central,Mfantsiman Municipal,17/09/2025,Mankessim,Tomato navrongo,23.52,Retail
Central,Mfantsiman Municipal,17/09/2025,Mankessim,Coconut fresh,3.52,Retail
Oti,Nkwanta South Municipal,08/09/2025,Nkwanta,White maize,7.19,Retail
Oti,Nkwanta South Municipal,08/09/2025,Nkwanta,Maize yellow,8.00,Retail
Oti,Nkwanta South Municipal,08/09/2025,Nkwanta,Millet,12.17,Retail
Oti,Nkwanta South Municipal,08/09/2025,Nkwanta,Rice local perfumed,11.97,Retail
Oti,Nkwanta South Municipal,08/09/2025,Nkwanta,Rice local non perfumed,10.71,Retail
Oti,Nkwanta South Municipal,08/09/2025,Nkwanta,Rice imported perfumed,23.00,Retail
Oti,Nkwanta South Municipal,08/09/2025,Nkwanta,Rice imported non perfumed,15.38,Retail
Oti,Nkwanta South Municipal,08/09/2025,Nkwanta,Cocoyam,5.00,Retail
Oti,Nkwanta South Municipal,08/09/2025,Nkwanta,Cassava,5.00,Retail
Oti,Nkwanta South Municipal,08/09/2025,Nkwanta,Gari,10.28,Retail
Oti,Nkwanta South Municipal,08/09/2025,Nkwanta,Dried cassava powder kokonte,10.00,Retail
Oti,Nkwanta South Municipal,08/09/2025,Nkwanta,Plantain apentu,9.68,Retail
Oti,Nkwanta South Municipal,08/09/2025,Nkwanta,Plantain apem,10.00,Retail
Oti,Nkwanta South Municipal,08/09/2025,Nkwanta,Banana exotic,6.25,Retail
Oti,Nkwanta South Municipal,08/09/2025,Nkwanta,Banana local,6.38,Retail
Oti,Nkwanta South Municipal,08/09/2025,Nkwanta,Orange,9.05,Retail
Oti,Nkwanta South Municipal,08/09/2025,Nkwanta,Watermelon,5.81,Retail
Oti,Nkwanta South Municipal,08/09/2025,Nkwanta,Pineapple,8.56,Retail
Oti,Nkwanta South Municipal,08/09/2025,Nkwanta,Tomato local,9.44,Retail
Oti,Nkwanta South Municipal,08/09/2025,Nkwanta,Garden egg,10.00,Retail
Oti,Nkwanta South Municipal,08/09/2025,Nkwanta,Okro fresh,9.44,Retail
Oti,Nkwanta South Municipal,08/09/2025,Nkwanta,Onion,25.00,Retail
Oti,Nkwanta South Municipal,08/09/2025,Nkwanta,Ginger,46.67,Retail
Oti,Nkwanta South Municipal,08/09/2025,Nkwanta,Dried pepper,80.00,Retail
Oti,Nkwanta South Municipal,08/09/2025,Nkwanta,Fresh pepper bonnet,23.33,Retail
Oti,Nkwanta South Municipal,08/09/2025,Nkwanta,Palm fruit,7.14,Retail
Oti,Nkwanta South Municipal,08/09/2025,Nkwanta,Cowpea white,19.99,Retail
Oti,Nkwanta South Municipal,08/09/2025,Nkwanta,Soya bean,9.62,Retail
Oti,Nkwanta South Municipal,08/09/2025,Nkwanta,Melon seeds agushi,50.00,Retail
Oti,Nkwanta South Municipal,08/09/2025,Nkwanta,Melon seeds neri,12.32,Retail
Oti,Nkwanta South Municipal,08/09/2025,Nkwanta,Palm oil,33.33,Retail
Oti,Nkwanta South Municipal,08/09/2025,Nkwanta,Beef,63.64,Retail
Oti,Nkwanta South Municipal,08/09/2025,Nkwanta,Smoked herring,46.67,Retail
Oti,Nkwanta South Municipal,08/09/2025,Nkwanta,Salted dried tilapia koobi,20.00,Retail
Oti,Nkwanta South Municipal,08/09/2025,Nkwanta,Egg commercial,68.00,Retail
Oti,Nkwanta South Municipal,08/09/2025,Nkwanta,Chicken,40.00,Retail
Oti,Nkwanta South Municipal,08/09/2025,Nkwanta,Nkontomire,5.00,Retail
Oti,Nkwanta South Municipal,08/09/2025,Nkwanta,Ademe ayoyo jute mallow,10.00,Retail
Oti,Nkwanta South Municipal,08/09/2025,Nkwanta,Cabbage,5.91,Retail
Oti,Nkwanta South Municipal,08/09/2025,Nkwanta,Lettuce,16.67,Retail
Oti,Nkwanta South Municipal,08/09/2025,Nkwanta,Carrot,25.00,Retail
Oti,Nkwanta South Municipal,08/09/2025,Nkwanta,Bambara bean,26.00,Retail
Oti,Nkwanta South Municipal,08/09/2025,Nkwanta,Chevon goat meat,22.73,Retail
Oti,Nkwanta South Municipal,08/09/2025,Nkwanta,Cassava dough,4.00,Retail
Oti,Nkwanta South Municipal,08/09/2025,Nkwanta,Fresh salmon mackerel fish,30.00,Retail
Oti,Nkwanta South Municipal,08/09/2025,Nkwanta,Fresh kpanla fish,15.00,Retail
Oti,Nkwanta South Municipal,08/09/2025,Nkwanta,Plantain riped,10.00,Retail
Oti,Nkwanta South Municipal,08/09/2025,Nkwanta,Sorghum,10.42,Retail
Oti,Nkwanta South Municipal,08/09/2025,Nkwanta,Yam puna,7.53,Retail
Oti,Nkwanta South Municipal,08/09/2025,Nkwanta,Tomato navrongo,12.86,Retail
Oti,Nkwanta South Municipal,08/09/2025,Nkwanta,Coconut fresh,12.19,Retail
Oti,Nkwanta South Municipal,08/09/2025,Nkwanta,Okro dried,40.00,Retail
Oti,Nkwanta South Municipal,08/09/2025,Nkwanta,Dried cassava chips kokonte,8.75,Retail
Greater Accra,Tema East,10/09/2025,Tema Community One,White maize,12.00,Retail
Greater Accra,Tema East,10/09/2025,Tema Community One,Maize yellow,13.52,Retail
Greater Accra,Tema East,10/09/2025,Tema Community One,Millet,25.00,Retail
Greater Accra,Tema East,10/09/2025,Tema Community One,Rice local perfumed,20.00,Retail
Greater Accra,Tema East,10/09/2025,Tema Community One,Rice imported perfumed,20.00,Retail
Greater Accra,Tema East,10/09/2025,Tema Community One,Cocoyam,31.62,Retail
Greater Accra,Tema East,10/09/2025,Tema Community One,Gari,20.00,Retail
Greater Accra,Tema East,10/09/2025,Tema Community One,Dried cassava powder kokonte,23.33,Retail
Greater Accra,Tema East,10/09/2025,Tema Community One,Plantain apentu,39.29,Retail
Greater Accra,Tema East,10/09/2025,Tema Community One,Plantain apem,62.50,Retail
Greater Accra,Tema East,10/09/2025,Tema Community One,Banana exotic,37.78,Retail
Greater Accra,Tema East,10/09/2025,Tema Community One,Banana local,35.55,Retail
Greater Accra,Tema East,10/09/2025,Tema Community One,Orange,17.78,Retail
Greater Accra,Tema East,10/09/2025,Tema Community One,Watermelon,15.08,Retail
Greater Accra,Tema East,10/09/2025,Tema Community One,Pineapple,20.00,Retail
Greater Accra,Tema East,10/09/2025,Tema Community One,Mango exotic,33.33,Retail
Greater Accra,Tema East,10/09/2025,Tema Community One,Tomato local,10.00,Retail
Greater Accra,Tema East,10/09/2025,Tema Community One,Garden egg,61.11,Retail
Greater Accra,Tema East,10/09/2025,Tema Community One,Okro fresh,100.00,Retail
Greater Accra,Tema East,10/09/2025,Tema Community One,Onion,28.57,Retail
Greater Accra,Tema East,10/09/2025,Tema Community One,Ginger,122.22,Retail
Greater Accra,Tema East,10/09/2025,Tema Community One,Dried pepper,66.67,Retail
Greater Accra,Tema East,10/09/2025,Tema Community One,Fresh pepper,43.33,Retail
Greater Accra,Tema East,10/09/2025,Tema Community One,Fresh pepper bonnet,41.11,Retail
Greater Accra,Tema East,10/09/2025,Tema Community One,Palm fruit,12.17,Retail
Greater Accra,Tema East,10/09/2025,Tema Community One,Groundnut red,38.67,Retail
Greater Accra,Tema East,10/09/2025,Tema Community One,Cowpea white,23.33,Retail
Greater Accra,Tema East,10/09/2025,Tema Community One,Soya bean,20.00,Retail
Greater Accra,Tema East,10/09/2025,Tema Community One,Melon seeds agushi,93.33,Retail
Greater Accra,Tema East,10/09/2025,Tema Community One,Melon seeds agushi powder,91.67,Retail
Greater Accra,Tema East,10/09/2025,Tema Community One,Palm oil,27.78,Retail
Greater Accra,Tema East,10/09/2025,Tema Community One,Beef,60.00,Retail
Greater Accra,Tema East,10/09/2025,Tema Community One,Smoked herring,70.00,Retail
Greater Accra,Tema East,10/09/2025,Tema Community One,Egg commercial,80.00,Retail
Greater Accra,Tema East,10/09/2025,Tema Community One,Chicken,52.33,Retail
Greater Accra,Tema East,10/09/2025,Tema Community One,Nkontomire,44.44,Retail
Greater Accra,Tema East,10/09/2025,Tema Community One,Ademe ayoyo jute mallow,33.33,Retail
Greater Accra,Tema East,10/09/2025,Tema Community One,Cabbage,38.33,Retail
Greater Accra,Tema East,10/09/2025,Tema Community One,Lettuce,50.00,Retail
Greater Accra,Tema East,10/09/2025,Tema Community One,Carrot,54.17,Retail
Greater Accra,Tema East,10/09/2025,Tema Community One,Avocado pear,40.00,Retail
Greater Accra,Tema East,10/09/2025,Tema Community One,Bambara bean,27.62,Retail
Greater Accra,Tema East,10/09/2025,Tema Community One,Chevon goat meat,60.00,Retail
Greater Accra,Tema East,10/09/2025,Tema Community One,Sweet potato general white pinkish,35.04,Retail
Greater Accra,Tema East,10/09/2025,Tema Community One,Fresh red fish,69.33,Retail
Greater Accra,Tema East,10/09/2025,Tema Community One,Fresh salmon mackerel fish,41.00,Retail
Greater Accra,Tema East,10/09/2025,Tema Community One,Fresh kpanla fish,39.00,Retail
Greater Accra,Tema East,10/09/2025,Tema Community One,Plantain riped,37.50,Retail
Greater Accra,Tema East,10/09/2025,Tema Community One,Sorghum,27.50,Retail
Greater Accra,Tema East,10/09/2025,Tema Community One,Yam puna,30.71,Retail
Greater Accra,Tema East,10/09/2025,Tema Community One,Tomato navrongo,16.67,Retail
Greater Accra,Tema East,10/09/2025,Tema Community One,Alefu amaranthus,33.33,Retail
Bono,Sunyani Municipal,18/09/2025,Nana Bosomah,White maize,4.29,Retail
Bono,Sunyani Municipal,18/09/2025,Nana Bosomah,Maize yellow,4.29,Retail
Bono,Sunyani Municipal,18/09/2025,Nana Bosomah,Millet,12.50,Retail
Bono,Sunyani Municipal,18/09/2025,Nana Bosomah,Rice local perfumed,14.81,Retail
Bono,Sunyani Municipal,18/09/2025,Nana Bosomah,Rice local non perfumed,10.37,Retail
Bono,Sunyani Municipal,18/09/2025,Nana Bosomah,Rice imported perfumed,17.40,Retail
Bono,Sunyani Municipal,18/09/2025,Nana Bosomah,Rice imported non perfumed,13.33,Retail
Bono,Sunyani Municipal,18/09/2025,Nana Bosomah,Yam white,8.58,Retail
Bono,Sunyani Municipal,18/09/2025,Nana Bosomah,Cocoyam,18.58,Retail
Bono,Sunyani Municipal,18/09/2025,Nana Bosomah,Cassava,3.58,Retail
Bono,Sunyani Municipal,18/09/2025,Nana Bosomah,Gari,12.50,Retail
Bono,Sunyani Municipal,18/09/2025,Nana Bosomah,Dried cassava powder kokonte,20.00,Retail
Bono,Sunyani Municipal,18/09/2025,Nana Bosomah,Plantain apentu,30.16,Retail
Bono,Sunyani Municipal,18/09/2025,Nana Bosomah,Plantain apem,33.33,Retail
Bono,Sunyani Municipal,18/09/2025,Nana Bosomah,Banana exotic,75.00,Retail
Bono,Sunyani Municipal,18/09/2025,Nana Bosomah,Banana local,75.00,Retail
Bono,Sunyani Municipal,18/09/2025,Nana Bosomah,Orange,5.00,Retail
Bono,Sunyani Municipal,18/09/2025,Nana Bosomah,Watermelon,4.09,Retail
Bono,Sunyani Municipal,18/09/2025,Nana Bosomah,Pineapple,4.85,Retail
Bono,Sunyani Municipal,18/09/2025,Nana Bosomah,Mango exotic,10.00,Retail
Bono,Sunyani Municipal,18/09/2025,Nana Bosomah,Garden egg,13.56,Retail
Bono,Sunyani Municipal,18/09/2025,Nana Bosomah,Okro fresh,10.00,Retail
Bono,Sunyani Municipal,18/09/2025,Nana Bosomah,Onion,12.20,Retail
Bono,Sunyani Municipal,18/09/2025,Nana Bosomah,Ginger,40.00,Retail
Bono,Sunyani Municipal,18/09/2025,Nana Bosomah,Dried pepper,133.33,Retail
Bono,Sunyani Municipal,18/09/2025,Nana Bosomah,Fresh pepper bonnet,87.50,Retail
Bono,Sunyani Municipal,18/09/2025,Nana Bosomah,Palm fruit,9.09,Retail
Bono,Sunyani Municipal,18/09/2025,Nana Bosomah,Sorghum,12.00,Retail
Bono,Sunyani Municipal,18/09/2025,Nana Bosomah,Yam puna,12.50,Retail
Bono,Sunyani Municipal,18/09/2025,Nana Bosomah,Tomato navrongo,23.66,Retail
Bono,Sunyani Municipal,18/09/2025,Nana Bosomah,Coconut fresh,2.26,Retail
Bono,Sunyani Municipal,18/09/2025,Nana Bosomah,Okro dried,53.33,Retail
Bono,Sunyani Municipal,18/09/2025,Nana Bosomah,Dried cassava chips kokonte,6.69,Retail
Bono,Sunyani Municipal,10/09/2025,Nana Bosomah,White maize,4.29,Retail
Bono,Sunyani Municipal,10/09/2025,Nana Bosomah,Maize yellow,4.29,Retail
Bono,Sunyani Municipal,10/09/2025,Nana Bosomah,Millet,12.50,Retail
Bono,Sunyani Municipal,10/09/2025,Nana Bosomah,Rice local perfumed,14.81,Retail
Bono,Sunyani Municipal,10/09/2025,Nana Bosomah,Rice local non perfumed,10.37,Retail
Bono,Sunyani Municipal,10/09/2025,Nana Bosomah,Rice imported perfumed,17.40,Retail
Bono,Sunyani Municipal,10/09/2025,Nana Bosomah,Rice imported non perfumed,13.33,Retail
Bono,Sunyani Municipal,10/09/2025,Nana Bosomah,Yam white,8.42,Retail
Bono,Sunyani Municipal,10/09/2025,Nana Bosomah,Cocoyam,19.87,Retail
Bono,Sunyani Municipal,10/09/2025,Nana Bosomah,Cassava,3.41,Retail
Bono,Sunyani Municipal,10/09/2025,Nana Bosomah,Gari,12.50,Retail
Bono,Sunyani Municipal,10/09/2025,Nana Bosomah,Dried cassava powder kokonte,20.00,Retail
Bono,Sunyani Municipal,10/09/2025,Nana Bosomah,Plantain apentu,28.57,Retail
Bono,Sunyani Municipal,10/09/2025,Nana Bosomah,Plantain apem,35.55,Retail
Bono,Sunyani Municipal,10/09/2025,Nana Bosomah,Banana exotic,75.00,Retail
Bono,Sunyani Municipal,10/09/2025,Nana Bosomah,Banana local,75.00,Retail
Bono,Sunyani Municipal,10/09/2025,Nana Bosomah,Orange,5.00,Retail
Bono,Sunyani Municipal,10/09/2025,Nana Bosomah,Watermelon,4.13,Retail
Bono,Sunyani Municipal,10/09/2025,Nana Bosomah,Pineapple,4.85,Retail
Bono,Sunyani Municipal,10/09/2025,Nana Bosomah,Mango exotic,15.81,Retail
Bono,Sunyani Municipal,10/09/2025,Nana Bosomah,Garden egg,11.87,Retail
Bono,Sunyani Municipal,10/09/2025,Nana Bosomah,Okro fresh,10.00,Retail
Bono,Sunyani Municipal,10/09/2025,Nana Bosomah,Onion,12.40,Retail
Bono,Sunyani Municipal,10/09/2025,Nana Bosomah,Ginger,40.00,Retail
Bono,Sunyani Municipal,10/09/2025,Nana Bosomah,Dried pepper,100.00,Retail
Bono,Sunyani Municipal,10/09/2025,Nana Bosomah,Fresh pepper,87.50,Retail
Bono,Sunyani Municipal,10/09/2025,Nana Bosomah,Fresh pepper bonnet,87.50,Retail
Bono,Sunyani Municipal,10/09/2025,Nana Bosomah,Palm fruit,9.09,Retail
Bono,Sunyani Municipal,10/09/2025,Nana Bosomah,Tiger nut,27.27,Retail
Bono,Sunyani Municipal,10/09/2025,Nana Bosomah,Groundnut red,18.18,Retail
Bono,Sunyani Municipal,10/09/2025,Nana Bosomah,Cowpea white,16.67,Retail
Bono,Sunyani Municipal,10/09/2025,Nana Bosomah,Soya bean,12.50,Retail
Bono,Sunyani Municipal,10/09/2025,Nana Bosomah,Melon seeds agushi,40.00,Retail
Bono,Sunyani Municipal,10/09/2025,Nana Bosomah,Melon seeds agushi powder,40.91,Retail
Bono,Sunyani Municipal,10/09/2025,Nana Bosomah,Melon seeds neri,26.67,Retail
Bono,Sunyani Municipal,10/09/2025,Nana Bosomah,Melon seeds neri powder,29.41,Retail
Bono,Sunyani Municipal,10/09/2025,Nana Bosomah,Palm oil,26.67,Retail
Bono,Sunyani Municipal,10/09/2025,Nana Bosomah,Bambara bean,28.85,Retail
Bono,Sunyani Municipal,10/09/2025,Nana Bosomah,Sorghum,12.00,Retail
Bono,Sunyani Municipal,10/09/2025,Nana Bosomah,Tomato navrongo,21.94,Retail
Bono,Sunyani Municipal,10/09/2025,Nana Bosomah,Coconut fresh,3.26,Retail
Bono,Sunyani Municipal,10/09/2025,Nana Bosomah,Okro dried,53.33,Retail
Bono,Sunyani Municipal,10/09/2025,Nana Bosomah,Dried cassava chips kokonte,6.75,Retail
Bono East,Techiman Municipal,10/09/2025,Techiman,White maize,5.49,Retail
Bono East,Techiman Municipal,10/09/2025,Techiman,Maize yellow,5.49,Retail
Bono East,Techiman Municipal,10/09/2025,Techiman,Millet,11.85,Retail
Bono East,Techiman Municipal,10/09/2025,Techiman,Rice local perfumed,13.33,Retail
Bono East,Techiman Municipal,10/09/2025,Techiman,Rice local non perfumed,11.01,Retail
Bono East,Techiman Municipal,10/09/2025,Techiman,Rice imported perfumed,21.22,Retail
Bono East,Techiman Municipal,10/09/2025,Techiman,Rice imported non perfumed,15.52,Retail
Bono East,Techiman Municipal,10/09/2025,Techiman,Yam white,8.68,Retail
Bono East,Techiman Municipal,10/09/2025,Techiman,Cassava,2.40,Retail
Bono East,Techiman Municipal,10/09/2025,Techiman,Gari,11.81,Retail
Bono East,Techiman Municipal,10/09/2025,Techiman,Dried cassava powder kokonte,11.28,Retail
Bono East,Techiman Municipal,10/09/2025,Techiman,Plantain apentu,16.38,Retail
Bono East,Techiman Municipal,10/09/2025,Techiman,Plantain apem,17.17,Retail
Bono East,Techiman Municipal,10/09/2025,Techiman,Banana exotic,17.78,Retail
Bono East,Techiman Municipal,10/09/2025,Techiman,Banana local,15.88,Retail
Bono East,Techiman Municipal,10/09/2025,Techiman,Orange,7.54,Retail
Bono East,Techiman Municipal,10/09/2025,Techiman,Watermelon,7.21,Retail
Bono East,Techiman Municipal,10/09/2025,Techiman,Pineapple,11.92,Retail
Bono East,Techiman Municipal,10/09/2025,Techiman,Mango exotic,12.80,Retail
Bono East,Techiman Municipal,10/09/2025,Techiman,Garden egg,17.78,Retail
Bono East,Techiman Municipal,10/09/2025,Techiman,Okro fresh,21.67,Retail
Bono East,Techiman Municipal,10/09/2025,Techiman,Onion,17.17,Retail
Bono East,Techiman Municipal,10/09/2025,Techiman,Ginger,37.78,Retail
Bono East,Techiman Municipal,10/09/2025,Techiman,Dried pepper,116.67,Retail
Bono East,Techiman Municipal,10/09/2025,Techiman,Fresh pepper bonnet,25.76,Retail
Bono East,Techiman Municipal,10/09/2025,Techiman,Palm fruit,9.10,Retail
Bono East,Techiman Municipal,10/09/2025,Techiman,Tiger nut,25.00,Retail
Bono East,Techiman Municipal,10/09/2025,Techiman,Groundnut red,19.68,Retail
Bono East,Techiman Municipal,10/09/2025,Techiman,Cowpea white,16.67,Retail
Bono East,Techiman Municipal,10/09/2025,Techiman,Soya bean,9.26,Retail
Bono East,Techiman Municipal,10/09/2025,Techiman,Melon seeds agushi,46.67,Retail
Bono East,Techiman Municipal,10/09/2025,Techiman,Melon seeds neri,17.50,Retail
Bono East,Techiman Municipal,10/09/2025,Techiman,Beef,110.00,Retail
Bono East,Techiman Municipal,10/09/2025,Techiman,Smoked herring,194.45,Retail
Bono East,Techiman Municipal,10/09/2025,Techiman,Salted dried tilapia koobi,116.67,Retail
Bono East,Techiman Municipal,10/09/2025,Techiman,Anchovy,70.20,Retail
Bono East,Techiman Municipal,10/09/2025,Techiman,Egg commercial,64.67,Retail
Bono East,Techiman Municipal,10/09/2025,Techiman,Chicken,38.33,Retail
Bono East,Techiman Municipal,10/09/2025,Techiman,Nkontomire,21.67,Retail
Bono East,Techiman Municipal,10/09/2025,Techiman,Ademe ayoyo jute mallow,8.89,Retail
Bono East,Techiman Municipal,10/09/2025,Techiman,Cabbage,8.61,Retail
Bono East,Techiman Municipal,10/09/2025,Techiman,Lettuce,15.28,Retail
Bono East,Techiman Municipal,10/09/2025,Techiman,Carrot,15.88,Retail
Bono East,Techiman Municipal,10/09/2025,Techiman,Bambara bean,24.07,Retail
Bono East,Techiman Municipal,10/09/2025,Techiman,Mutton sheep meat,130.00,Retail
Bono East,Techiman Municipal,10/09/2025,Techiman,Chevon goat meat,130.00,Retail
Bono East,Techiman Municipal,10/09/2025,Techiman,Cassava dough,7.54,Retail
Bono East,Techiman Municipal,10/09/2025,Techiman,Fresh red fish,60.67,Retail
Bono East,Techiman Municipal,10/09/2025,Techiman,Fresh salmon mackerel fish,63.33,Retail
Bono East,Techiman Municipal,10/09/2025,Techiman,Fresh kpanla fish,38.00,Retail
Bono East,Techiman Municipal,10/09/2025,Techiman,Sorghum,9.26,Retail
Bono East,Techiman Municipal,10/09/2025,Techiman,Yam puna,11.61,Retail
Bono East,Techiman Municipal,10/09/2025,Techiman,Tomato navrongo,18.93,Retail
Bono East,Techiman Municipal,10/09/2025,Techiman,Alefu amaranthus,9.44,Retail
Bono East,Techiman Municipal,10/09/2025,Techiman,Coconut fresh,5.82,Retail
Bono East,Techiman Municipal,10/09/2025,Techiman,Unshelled groundnut,23.54,Retail
Bono East,Techiman Municipal,10/09/2025,Techiman,Dried cassava chips kokonte,7.66,Retail
Oti,Nkwanta South Municipal,01/09/2025,Nkwanta,White maize,8.07,Retail
Oti,Nkwanta South Municipal,01/09/2025,Nkwanta,Maize yellow,7.95,Retail
Oti,Nkwanta South Municipal,01/09/2025,Nkwanta,Millet,12.00,Retail
Oti,Nkwanta South Municipal,01/09/2025,Nkwanta,Rice local perfumed,14.67,Retail
Oti,Nkwanta South Municipal,01/09/2025,Nkwanta,Rice local non perfumed,10.84,Retail
Oti,Nkwanta South Municipal,01/09/2025,Nkwanta,Rice imported perfumed,24.00,Retail
Oti,Nkwanta South Municipal,01/09/2025,Nkwanta,Rice imported non perfumed,19.74,Retail
Oti,Nkwanta South Municipal,01/09/2025,Nkwanta,Cocoyam,8.12,Retail
Oti,Nkwanta South Municipal,01/09/2025,Nkwanta,Cassava,6.11,Retail
Oti,Nkwanta South Municipal,01/09/2025,Nkwanta,Gari,10.42,Retail
Oti,Nkwanta South Municipal,01/09/2025,Nkwanta,Dried cassava powder kokonte,13.33,Retail
Oti,Nkwanta South Municipal,01/09/2025,Nkwanta,Plantain apentu,9.68,Retail
Oti,Nkwanta South Municipal,01/09/2025,Nkwanta,Plantain apem,10.00,Retail
Oti,Nkwanta South Municipal,01/09/2025,Nkwanta,Banana exotic,6.25,Retail
Oti,Nkwanta South Municipal,01/09/2025,Nkwanta,Banana local,6.38,Retail
Oti,Nkwanta South Municipal,01/09/2025,Nkwanta,Orange,8.09,Retail
Oti,Nkwanta South Municipal,01/09/2025,Nkwanta,Watermelon,5.81,Retail
Oti,Nkwanta South Municipal,01/09/2025,Nkwanta,Pineapple,8.56,Retail
Oti,Nkwanta South Municipal,01/09/2025,Nkwanta,Tomato local,10.28,Retail
Oti,Nkwanta South Municipal,01/09/2025,Nkwanta,Garden egg,14.29,Retail
Oti,Nkwanta South Municipal,01/09/2025,Nkwanta,Okro fresh,10.00,Retail
Oti,Nkwanta South Municipal,01/09/2025,Nkwanta,Onion,25.00,Retail
Oti,Nkwanta South Municipal,01/09/2025,Nkwanta,Ginger,46.67,Retail
Oti,Nkwanta South Municipal,01/09/2025,Nkwanta,Dried pepper,90.00,Retail
Oti,Nkwanta South Municipal,01/09/2025,Nkwanta,Fresh pepper bonnet,23.33,Retail
Oti,Nkwanta South Municipal,01/09/2025,Nkwanta,Palm fruit,7.14,Retail
Oti,Nkwanta South Municipal,01/09/2025,Nkwanta,Cowpea white,19.99,Retail
Oti,Nkwanta South Municipal,01/09/2025,Nkwanta,Soya bean,9.62,Retail
Oti,Nkwanta South Municipal,01/09/2025,Nkwanta,Melon seeds agushi,50.00,Retail
Oti,Nkwanta South Municipal,01/09/2025,Nkwanta,Melon seeds neri,13.04,Retail
Oti,Nkwanta South Municipal,01/09/2025,Nkwanta,Palm oil,33.33,Retail
Oti,Nkwanta South Municipal,01/09/2025,Nkwanta,Beef,63.64,Retail
Oti,Nkwanta South Municipal,01/09/2025,Nkwanta,Smoked herring,46.67,Retail
Oti,Nkwanta South Municipal,01/09/2025,Nkwanta,Salted dried tilapia koobi,20.00,Retail
Oti,Nkwanta South Municipal,01/09/2025,Nkwanta,Egg commercial,68.00,Retail
Oti,Nkwanta South Municipal,01/09/2025,Nkwanta,Chicken,55.56,Retail
Oti,Nkwanta South Municipal,01/09/2025,Nkwanta,Nkontomire,5.00,Retail
Oti,Nkwanta South Municipal,01/09/2025,Nkwanta,Ademe ayoyo jute mallow,10.00,Retail
Oti,Nkwanta South Municipal,01/09/2025,Nkwanta,Cabbage,5.85,Retail
Oti,Nkwanta South Municipal,01/09/2025,Nkwanta,Lettuce,16.67,Retail
Oti,Nkwanta South Municipal,01/09/2025,Nkwanta,Carrot,25.00,Retail
Oti,Nkwanta South Municipal,01/09/2025,Nkwanta,Bambara bean,20.67,Retail
Oti,Nkwanta South Municipal,01/09/2025,Nkwanta,Chevon goat meat,22.73,Retail
Oti,Nkwanta South Municipal,01/09/2025,Nkwanta,Cassava dough,4.00,Retail
Oti,Nkwanta South Municipal,01/09/2025,Nkwanta,Fresh salmon mackerel fish,33.33,Retail
Oti,Nkwanta South Municipal,01/09/2025,Nkwanta,Fresh kpanla fish,21.67,Retail
Oti,Nkwanta South Municipal,01/09/2025,Nkwanta,Plantain riped,10.00,Retail
Oti,Nkwanta South Municipal,01/09/2025,Nkwanta,Sorghum,10.42,Retail
Oti,Nkwanta South Municipal,01/09/2025,Nkwanta,Yam puna,10.56,Retail
Oti,Nkwanta South Municipal,01/09/2025,Nkwanta,Tomato navrongo,16.19,Retail
Oti,Nkwanta South Municipal,01/09/2025,Nkwanta,Coconut fresh,12.86,Retail
Oti,Nkwanta South Municipal,01/09/2025,Nkwanta,Okro dried,43.33,Retail
Oti,Nkwanta South Municipal,01/09/2025,Nkwanta,Dried cassava chips kokonte,8.34,Retail
Eastern,New Juaben South Municipal,18/09/2025,Koforidua Central,Gari,12.65,Retail
Eastern,New Juaben South Municipal,18/09/2025,Koforidua Central,Dried cassava powder kokonte,10.78,Retail
Eastern,New Juaben South Municipal,18/09/2025,Koforidua Central,Plantain apentu,14.92,Retail
Eastern,New Juaben South Municipal,18/09/2025,Koforidua Central,Watermelon,7.80,Retail
Eastern,New Juaben South Municipal,18/09/2025,Koforidua Central,Tomato local,13.89,Retail
Eastern,New Juaben South Municipal,18/09/2025,Koforidua Central,Okro fresh,28.67,Retail
Eastern,New Juaben South Municipal,18/09/2025,Koforidua Central,Fresh pepper bonnet,14.64,Retail
Eastern,New Juaben South Municipal,18/09/2025,Koforidua Central,Egg commercial,71.67,Retail
Eastern,New Juaben South Municipal,18/09/2025,Koforidua Central,Carrot,19.63,Retail
Eastern,New Juaben South Municipal,18/09/2025,Koforidua Central,Cassava dough,5.70,Retail
Eastern,New Juaben South Municipal,18/09/2025,Koforidua Central,Yam puna,15.83,Retail
Ashanti,Obuasi Municipal,20/09/2025,Obuasi Central ,Groundnut red,23.94,Retail
Ashanti,Obuasi Municipal,20/09/2025,Obuasi Central ,Cowpea white,20.99,Retail
Ashanti,Obuasi Municipal,20/09/2025,Obuasi Central ,Salted dried tilapia koobi,121.43,Retail
Ashanti,Obuasi Municipal,20/09/2025,Obuasi Central ,Egg commercial,63.33,Retail
Ashanti,Obuasi Municipal,20/09/2025,Obuasi Central ,Tomato local,24.73,Retail
Ashanti,Obuasi Municipal,20/09/2025,Obuasi Central ,Okro fresh,44.64,Retail
Ashanti,Obuasi Municipal,20/09/2025,Obuasi Central ,Onion,21.06,Retail
Ashanti,Obuasi Municipal,20/09/2025,Obuasi Central ,Fresh pepper,70.04,Retail
Ashanti,Obuasi Municipal,20/09/2025,Obuasi Central ,Fresh pepper bonnet,72.43,Retail
Ashanti,Obuasi Municipal,20/09/2025,Obuasi Central ,Cabbage,14.11,Retail
Ashanti,Obuasi Municipal,20/09/2025,Obuasi Central ,Lettuce,13.06,Retail
Ashanti,Obuasi Municipal,20/09/2025,Obuasi Central ,Carrot,17.87,Retail
Ashanti,Obuasi Municipal,20/09/2025,Obuasi Central ,Cassava,3.68,Retail
Ashanti,Obuasi Municipal,20/09/2025,Obuasi Central ,Plantain apentu,9.25,Retail
Ashanti,Obuasi Municipal,20/09/2025,Obuasi Central ,Plantain apem,12.25,Retail
Ashanti,Obuasi Municipal,20/09/2025,Obuasi Central ,Garden egg,11.04,Retail
Ashanti,Obuasi Municipal,20/09/2025,Obuasi Central ,Ginger,55.34,Retail
Ashanti,Obuasi Municipal,20/09/2025,Obuasi Central ,Nkontomire,16.99,Retail
Ashanti,Obuasi Municipal,20/09/2025,Obuasi Central ,Plantain riped,27.78,Retail
Ashanti,Obuasi Municipal,20/09/2025,Obuasi Central ,Yam puna,13.63,Retail
Ashanti,Obuasi Municipal,20/09/2025,Obuasi Central ,White maize,10.54,Retail
Ashanti,Obuasi Municipal,20/09/2025,Obuasi Central ,Maize yellow,10.88,Retail
Ashanti,Obuasi Municipal,20/09/2025,Obuasi Central ,Rice local perfumed,14.59,Retail
Ashanti,Obuasi Municipal,20/09/2025,Obuasi Central ,Rice local non perfumed,16.49,Retail
Ashanti,Obuasi Municipal,20/09/2025,Obuasi Central ,Rice imported perfumed,17.40,Retail
Bono,Sunyani Municipal,18/09/2025,Nana Bosomah,Palm oil,26.67,Retail
Bono,Sunyani Municipal,18/09/2025,Nana Bosomah,Beef,100.00,Retail
Bono,Sunyani Municipal,18/09/2025,Nana Bosomah,Smoked herring,133.33,Retail
Bono,Sunyani Municipal,18/09/2025,Nana Bosomah,Salted dried tilapia koobi,666.67,Retail
Bono,Sunyani Municipal,18/09/2025,Nana Bosomah,Anchovy,200.00,Retail
Bono,Sunyani Municipal,18/09/2025,Nana Bosomah,Egg commercial,50.00,Retail
Bono,Sunyani Municipal,18/09/2025,Nana Bosomah,Chicken,50.00,Retail
Bono,Sunyani Municipal,18/09/2025,Nana Bosomah,Nkontomire,15.00,Retail
Bono,Sunyani Municipal,18/09/2025,Nana Bosomah,Ademe ayoyo jute mallow,20.00,Retail
Bono,Sunyani Municipal,18/09/2025,Nana Bosomah,Cabbage,7.01,Retail
Bono,Sunyani Municipal,18/09/2025,Nana Bosomah,Lettuce,100.00,Retail
Bono,Sunyani Municipal,18/09/2025,Nana Bosomah,Carrot,100.00,Retail
Bono,Sunyani Municipal,18/09/2025,Nana Bosomah,Mutton sheep meat,160.00,Retail
Bono,Sunyani Municipal,18/09/2025,Nana Bosomah,Chevon goat meat,160.00,Retail
Bono,Sunyani Municipal,18/09/2025,Nana Bosomah,Fresh red fish,55.00,Retail
Bono,Sunyani Municipal,18/09/2025,Nana Bosomah,Fresh salmon mackerel fish,42.00,Retail
Bono,Sunyani Municipal,18/09/2025,Nana Bosomah,Fresh kpanla fish,40.00,Retail
Bono,Sunyani Municipal,18/09/2025,Nana Bosomah,Alefu amaranthus,20.00,Retail
Bono,Sunyani Municipal,18/09/2025,Nana Bosomah,Fresh cow milk,33.33,Retail
Ahafo,Asunafo North Municipal,20/09/2025,Goaso,White maize,6.64,Retail
Ahafo,Asunafo North Municipal,20/09/2025,Goaso,Maize yellow,6.74,Retail
Ahafo,Asunafo North Municipal,20/09/2025,Goaso,Millet,13.67,Retail
Ahafo,Asunafo North Municipal,20/09/2025,Goaso,Rice local perfumed,12.45,Retail
Ahafo,Asunafo North Municipal,20/09/2025,Goaso,Cocoyam,9.14,Retail
Ahafo,Asunafo North Municipal,20/09/2025,Goaso,Gari,10.83,Retail
Ahafo,Asunafo North Municipal,20/09/2025,Goaso,Dried cassava powder kokonte,9.40,Retail
Ahafo,Asunafo North Municipal,20/09/2025,Goaso,Plantain apentu,8.12,Retail
Ahafo,Asunafo North Municipal,20/09/2025,Goaso,Plantain apem,7.17,Retail
Ahafo,Asunafo North Municipal,20/09/2025,Goaso,Orange,4.25,Retail
Ahafo,Asunafo North Municipal,20/09/2025,Goaso,Tomato local,9.14,Retail
Ahafo,Asunafo North Municipal,20/09/2025,Goaso,Garden egg,13.89,Retail
Ahafo,Asunafo North Municipal,20/09/2025,Goaso,Okro fresh,13.69,Retail
Ahafo,Asunafo North Municipal,20/09/2025,Goaso,Ginger,20.56,Retail
Ahafo,Asunafo North Municipal,20/09/2025,Goaso,Fresh pepper bonnet,22.22,Retail
Ahafo,Asunafo North Municipal,20/09/2025,Goaso,Palm fruit,3.96,Retail
Ahafo,Asunafo North Municipal,20/09/2025,Goaso,Groundnut red,18.33,Retail
Ahafo,Asunafo North Municipal,20/09/2025,Goaso,Cowpea white,15.33,Retail
Ahafo,Asunafo North Municipal,20/09/2025,Goaso,Melon seeds agushi,33.33,Retail
Ahafo,Asunafo North Municipal,20/09/2025,Goaso,Melon seeds agushi powder,37.50,Retail
Ahafo,Asunafo North Municipal,20/09/2025,Goaso,Palm oil,20.00,Retail
Ahafo,Asunafo North Municipal,20/09/2025,Goaso,Egg commercial,48.33,Retail
Ahafo,Asunafo North Municipal,20/09/2025,Goaso,Nkontomire,13.33,Retail
Ahafo,Asunafo North Municipal,20/09/2025,Goaso,Ademe ayoyo jute mallow,14.72,Retail
Ahafo,Asunafo North Municipal,20/09/2025,Goaso,Pawpaw,1.83,Retail
Ahafo,Asunafo North Municipal,20/09/2025,Goaso,Sorghum,12.00,Retail
Ahafo,Asunafo North Municipal,20/09/2025,Goaso,Yam puna,8.25,Retail
Ahafo,Asunafo North Municipal,20/09/2025,Goaso,Tomato navrongo,9.14,Retail
Ahafo,Asunafo North Municipal,20/09/2025,Goaso,Alefu amaranthus,12.50,Retail
Ahafo,Asunafo North Municipal,20/09/2025,Goaso,Coconut fresh,4.41,Retail
Ahafo,Asunafo North Municipal,20/09/2025,Goaso,Unshelled groundnut,20.56,Retail
Ahafo,Asunafo North Municipal,20/09/2025,Goaso,Dried cassava chips kokonte,9.10,Retail
Bono East,Kintampo North Municipal,22/09/2025,Kintampo,White maize,4.53,Retail
Bono East,Kintampo North Municipal,22/09/2025,Kintampo,Maize yellow,4.36,Retail
Bono East,Kintampo North Municipal,22/09/2025,Kintampo,Millet,12.10,Retail
Bono East,Kintampo North Municipal,22/09/2025,Kintampo,Rice local perfumed,13.97,Retail
Bono East,Kintampo North Municipal,22/09/2025,Kintampo,Rice local non perfumed,10.47,Retail
Bono East,Kintampo North Municipal,22/09/2025,Kintampo,Cassava,2.74,Retail
Bono East,Kintampo North Municipal,22/09/2025,Kintampo,Gari,9.00,Retail
Bono East,Kintampo North Municipal,22/09/2025,Kintampo,Plantain apentu,12.31,Retail
Bono East,Kintampo North Municipal,22/09/2025,Kintampo,Plantain apem,13.05,Retail
Bono East,Kintampo North Municipal,22/09/2025,Kintampo,Garden egg,15.02,Retail
Bono East,Kintampo North Municipal,22/09/2025,Kintampo,Okro fresh,26.19,Retail
Bono East,Kintampo North Municipal,22/09/2025,Kintampo,Onion,15.38,Retail
Bono East,Kintampo North Municipal,22/09/2025,Kintampo,Fresh pepper bonnet,23.53,Retail
Bono East,Kintampo North Municipal,22/09/2025,Kintampo,Groundnut red,11.85,Retail
Bono East,Kintampo North Municipal,22/09/2025,Kintampo,Cowpea white,13.56,Retail
Bono East,Kintampo North Municipal,22/09/2025,Kintampo,Soya bean,10.35,Retail
Bono East,Kintampo North Municipal,22/09/2025,Kintampo,Melon seeds agushi,53.76,Retail
Bono East,Kintampo North Municipal,22/09/2025,Kintampo,Melon seeds neri,11.20,Retail
Bono East,Kintampo North Municipal,22/09/2025,Kintampo,Beef,80.00,Retail
Bono East,Kintampo North Municipal,22/09/2025,Kintampo,Sorghum,9.88,Retail
Bono East,Kintampo North Municipal,22/09/2025,Kintampo,Yam puna,11.57,Retail
Bono East,Kintampo North Municipal,22/09/2025,Kintampo,Tomato navrongo,13.97,Retail
Bono East,Kintampo North Municipal,22/09/2025,Kintampo,Dried cassava chips kokonte,6.30,Retail
Upper West,Wa Municipal,22/09/2025,Wa,White maize,4.64,Retail
Upper West,Wa Municipal,22/09/2025,Wa,Maize yellow,5.00,Retail
Upper West,Wa Municipal,22/09/2025,Wa,Millet,10.00,Retail
Upper West,Wa Municipal,22/09/2025,Wa,Rice local perfumed,10.34,Retail
Upper West,Wa Municipal,22/09/2025,Wa,Rice local non perfumed,10.34,Retail
Upper West,Wa Municipal,22/09/2025,Wa,Rice imported perfumed,18.97,Retail
Upper West,Wa Municipal,22/09/2025,Wa,Rice imported non perfumed,12.07,Retail
Upper West,Wa Municipal,22/09/2025,Wa,Yam white,16.03,Retail
Upper West,Wa Municipal,22/09/2025,Wa,Gari,9.19,Retail
Upper West,Wa Municipal,22/09/2025,Wa,Dried cassava powder kokonte,25.00,Retail
Upper West,Wa Municipal,22/09/2025,Wa,Tomato local,8.33,Retail
Upper West,Wa Municipal,22/09/2025,Wa,Garden egg,9.05,Retail
Upper West,Wa Municipal,22/09/2025,Wa,Okro fresh,10.28,Retail
Upper West,Wa Municipal,22/09/2025,Wa,Onion,26.23,Retail
Upper West,Wa Municipal,22/09/2025,Wa,Dried pepper,57.69,Retail
Upper West,Wa Municipal,22/09/2025,Wa,Fresh pepper,32.41,Retail
Upper West,Wa Municipal,22/09/2025,Wa,Fresh pepper bonnet,29.41,Retail
Upper West,Wa Municipal,22/09/2025,Wa,Groundnut red,12.18,Retail
Upper West,Wa Municipal,22/09/2025,Wa,Cowpea white,16.67,Retail
Upper West,Wa Municipal,22/09/2025,Wa,Soya bean,9.41,Retail
Upper West,Wa Municipal,22/09/2025,Wa,Melon seeds agushi,25.00,Retail
Upper West,Wa Municipal,22/09/2025,Wa,Melon seeds agushi powder,14.59,Retail
Upper West,Wa Municipal,22/09/2025,Wa,Melon seeds neri,14.44,Retail
Upper West,Wa Municipal,22/09/2025,Wa,Melon seeds neri powder,14.22,Retail
Upper West,Wa Municipal,22/09/2025,Wa,Anchovy,296.67,Retail
Upper West,Wa Municipal,22/09/2025,Wa,Egg commercial,50.00,Retail
Upper West,Wa Municipal,22/09/2025,Wa,Cabbage,83.33,Retail
Upper West,Wa Municipal,22/09/2025,Wa,Bambara bean,14.58,Retail
Upper West,Wa Municipal,22/09/2025,Wa,Sorghum,6.15,Retail
Upper West,Wa Municipal,22/09/2025,Wa,Yam puna,23.12,Retail
Upper West,Wa Municipal,22/09/2025,Wa,Tomato navrongo,10.00,Retail
Upper West,Wa Municipal,22/09/2025,Wa,Okro dried,56.41,Retail
Upper West,Wa Municipal,22/09/2025,Wa,Unshelled groundnut,9.38,Retail
Upper West,Wa Municipal,22/09/2025,Wa,Dried cassava chips kokonte,20.83,Retail
Upper West,Wa Municipal,22/09/2025,Wa,Groundnut Oil,40.20,Retail
Oti,Nkwanta South Municipal,15/09/2025,Nkwanta,White maize,6.69,Retail
Oti,Nkwanta South Municipal,15/09/2025,Nkwanta,Maize yellow,7.41,Retail
Oti,Nkwanta South Municipal,15/09/2025,Nkwanta,Millet,11.54,Retail
Oti,Nkwanta South Municipal,15/09/2025,Nkwanta,Rice local perfumed,12.65,Retail
Oti,Nkwanta South Municipal,15/09/2025,Nkwanta,Rice local non perfumed,10.71,Retail
Oti,Nkwanta South Municipal,15/09/2025,Nkwanta,Rice imported perfumed,20.00,Retail
Oti,Nkwanta South Municipal,15/09/2025,Nkwanta,Rice imported non perfumed,15.38,Retail
Oti,Nkwanta South Municipal,15/09/2025,Nkwanta,Cocoyam,6.67,Retail
Oti,Nkwanta South Municipal,15/09/2025,Nkwanta,Cassava,5.64,Retail
Oti,Nkwanta South Municipal,15/09/2025,Nkwanta,Gari,9.17,Retail
Oti,Nkwanta South Municipal,15/09/2025,Nkwanta,Dried cassava powder kokonte,8.70,Retail
Oti,Nkwanta South Municipal,15/09/2025,Nkwanta,Plantain apentu,9.39,Retail
Oti,Nkwanta South Municipal,15/09/2025,Nkwanta,Plantain apem,10.00,Retail
Oti,Nkwanta South Municipal,15/09/2025,Nkwanta,Banana exotic,6.25,Retail
Oti,Nkwanta South Municipal,15/09/2025,Nkwanta,Banana local,6.00,Retail
Oti,Nkwanta South Municipal,15/09/2025,Nkwanta,Orange,9.05,Retail
Oti,Nkwanta South Municipal,15/09/2025,Nkwanta,Watermelon,6.51,Retail
Oti,Nkwanta South Municipal,15/09/2025,Nkwanta,Pineapple,9.44,Retail
Oti,Nkwanta South Municipal,15/09/2025,Nkwanta,Tomato local,8.33,Retail
Oti,Nkwanta South Municipal,15/09/2025,Nkwanta,Garden egg,8.09,Retail
Oti,Nkwanta South Municipal,15/09/2025,Nkwanta,Okro fresh,10.00,Retail
Oti,Nkwanta South Municipal,15/09/2025,Nkwanta,Onion,13.21,Retail
Oti,Nkwanta South Municipal,15/09/2025,Nkwanta,Ginger,46.67,Retail
Oti,Nkwanta South Municipal,15/09/2025,Nkwanta,Dried pepper,80.00,Retail
Oti,Nkwanta South Municipal,15/09/2025,Nkwanta,Fresh pepper bonnet,23.33,Retail
Oti,Nkwanta South Municipal,15/09/2025,Nkwanta,Palm fruit,7.14,Retail
Oti,Nkwanta South Municipal,15/09/2025,Nkwanta,Cowpea white,18.76,Retail
Oti,Nkwanta South Municipal,15/09/2025,Nkwanta,Soya bean,9.57,Retail
Oti,Nkwanta South Municipal,15/09/2025,Nkwanta,Melon seeds agushi,50.00,Retail
Oti,Nkwanta South Municipal,15/09/2025,Nkwanta,Melon seeds neri,12.50,Retail
Oti,Nkwanta South Municipal,15/09/2025,Nkwanta,Palm oil,33.33,Retail
Oti,Nkwanta South Municipal,15/09/2025,Nkwanta,Beef,68.18,Retail
Oti,Nkwanta South Municipal,15/09/2025,Nkwanta,Smoked herring,42.86,Retail
Oti,Nkwanta South Municipal,15/09/2025,Nkwanta,Salted dried tilapia koobi,36.67,Retail
Oti,Nkwanta South Municipal,15/09/2025,Nkwanta,Egg commercial,70.00,Retail
Oti,Nkwanta South Municipal,15/09/2025,Nkwanta,Chicken,40.00,Retail
Oti,Nkwanta South Municipal,15/09/2025,Nkwanta,Nkontomire,5.00,Retail
Oti,Nkwanta South Municipal,15/09/2025,Nkwanta,Ademe ayoyo jute mallow,10.00,Retail
Oti,Nkwanta South Municipal,15/09/2025,Nkwanta,Cabbage,5.91,Retail
Oti,Nkwanta South Municipal,15/09/2025,Nkwanta,Lettuce,16.67,Retail
Oti,Nkwanta South Municipal,15/09/2025,Nkwanta,Carrot,25.00,Retail
Oti,Nkwanta South Municipal,15/09/2025,Nkwanta,Bambara bean,22.67,Retail
Oti,Nkwanta South Municipal,15/09/2025,Nkwanta,Chevon goat meat,22.73,Retail
Oti,Nkwanta South Municipal,15/09/2025,Nkwanta,Cassava dough,4.00,Retail
Oti,Nkwanta South Municipal,15/09/2025,Nkwanta,Fresh salmon mackerel fish,33.33,Retail
Oti,Nkwanta South Municipal,15/09/2025,Nkwanta,Fresh kpanla fish,20.00,Retail
Oti,Nkwanta South Municipal,15/09/2025,Nkwanta,Plantain riped,10.00,Retail
Oti,Nkwanta South Municipal,15/09/2025,Nkwanta,Sorghum,9.17,Retail
Oti,Nkwanta South Municipal,15/09/2025,Nkwanta,Yam puna,7.23,Retail
Oti,Nkwanta South Municipal,15/09/2025,Nkwanta,Tomato navrongo,12.86,Retail
Oti,Nkwanta South Municipal,15/09/2025,Nkwanta,Coconut fresh,14.29,Retail
Oti,Nkwanta South Municipal,15/09/2025,Nkwanta,Okro dried,42.22,Retail
Oti,Nkwanta South Municipal,15/09/2025,Nkwanta,Dried cassava chips kokonte,8.13,Retail
Bono East,Techiman Municipal,19/09/2025,Techiman,White maize,5.06,Retail
Bono East,Techiman Municipal,19/09/2025,Techiman,Maize yellow,5.63,Retail
Bono East,Techiman Municipal,19/09/2025,Techiman,Millet,12.17,Retail
Bono East,Techiman Municipal,19/09/2025,Techiman,Rice local perfumed,13.33,Retail
Bono East,Techiman Municipal,19/09/2025,Techiman,Rice local non perfumed,10.98,Retail
Bono East,Techiman Municipal,19/09/2025,Techiman,Rice imported perfumed,20.33,Retail
Bono East,Techiman Municipal,19/09/2025,Techiman,Rice imported non perfumed,14.83,Retail
Bono East,Techiman Municipal,19/09/2025,Techiman,Yam white,8.04,Retail
Bono East,Techiman Municipal,19/09/2025,Techiman,Cassava,2.59,Retail
Bono East,Techiman Municipal,19/09/2025,Techiman,Gari,11.67,Retail
Bono East,Techiman Municipal,19/09/2025,Techiman,Dried cassava powder kokonte,10.86,Retail
Bono East,Techiman Municipal,19/09/2025,Techiman,Plantain apentu,9.14,Retail
Bono East,Techiman Municipal,19/09/2025,Techiman,Plantain apem,11.20,Retail
Bono East,Techiman Municipal,19/09/2025,Techiman,Banana exotic,18.95,Retail
Bono East,Techiman Municipal,19/09/2025,Techiman,Banana local,21.03,Retail
Bono East,Techiman Municipal,19/09/2025,Techiman,Orange,6.84,Retail
Bono East,Techiman Municipal,19/09/2025,Techiman,Pineapple,10.95,Retail
Bono East,Techiman Municipal,19/09/2025,Techiman,Mango exotic,14.27,Retail
Bono East,Techiman Municipal,19/09/2025,Techiman,Garden egg,12.04,Retail
Bono East,Techiman Municipal,19/09/2025,Techiman,Okro fresh,16.67,Retail
Bono East,Techiman Municipal,19/09/2025,Techiman,Onion,11.11,Retail
Bono East,Techiman Municipal,19/09/2025,Techiman,Ginger,74.44,Retail
Bono East,Techiman Municipal,19/09/2025,Techiman,Dried pepper,121.67,Retail
Bono East,Techiman Municipal,19/09/2025,Techiman,Fresh pepper bonnet,23.15,Retail
Bono East,Techiman Municipal,19/09/2025,Techiman,Palm fruit,9.54,Retail
Bono East,Techiman Municipal,19/09/2025,Techiman,Tiger nut,28.00,Retail
Bono East,Techiman Municipal,19/09/2025,Techiman,Groundnut red,18.83,Retail
Bono East,Techiman Municipal,19/09/2025,Techiman,Cowpea white,18.52,Retail
Bono East,Techiman Municipal,19/09/2025,Techiman,Soya bean,9.26,Retail
Bono East,Techiman Municipal,19/09/2025,Techiman,Melon seeds agushi,50.00,Retail
Bono East,Techiman Municipal,19/09/2025,Techiman,Melon seeds neri,17.00,Retail
Bono East,Techiman Municipal,19/09/2025,Techiman,Palm oil,32.86,Retail
Bono East,Techiman Municipal,19/09/2025,Techiman,Beef,110.00,Retail
Bono East,Techiman Municipal,19/09/2025,Techiman,Smoked herring,138.89,Retail
Bono East,Techiman Municipal,19/09/2025,Techiman,Anchovy,77.08,Retail
Bono East,Techiman Municipal,19/09/2025,Techiman,Egg commercial,64.33,Retail
Bono East,Techiman Municipal,19/09/2025,Techiman,Chicken,41.97,Retail
Bono East,Techiman Municipal,19/09/2025,Techiman,Nkontomire,15.08,Retail
Bono East,Techiman Municipal,19/09/2025,Techiman,Ademe ayoyo jute mallow,9.44,Retail
Bono East,Techiman Municipal,19/09/2025,Techiman,Cabbage,8.96,Retail
Bono East,Techiman Municipal,19/09/2025,Techiman,Lettuce,10.83,Retail
Bono East,Techiman Municipal,19/09/2025,Techiman,Carrot,10.83,Retail
Bono East,Techiman Municipal,19/09/2025,Techiman,Pawpaw,3.91,Retail
Bono East,Techiman Municipal,19/09/2025,Techiman,Bambara bean,24.07,Retail
Bono East,Techiman Municipal,19/09/2025,Techiman,Mutton sheep meat,130.00,Retail
Bono East,Techiman Municipal,19/09/2025,Techiman,Chevon goat meat,130.00,Retail
Bono East,Techiman Municipal,19/09/2025,Techiman,Cassava dough,6.84,Retail
Bono East,Techiman Municipal,19/09/2025,Techiman,Fresh red fish,60.00,Retail
Bono East,Techiman Municipal,19/09/2025,Techiman,Fresh salmon mackerel fish,61.33,Retail
Bono East,Techiman Municipal,19/09/2025,Techiman,Fresh kpanla fish,40.30,Retail
Bono East,Techiman Municipal,19/09/2025,Techiman,Plantain riped,16.64,Retail
Bono East,Techiman Municipal,19/09/2025,Techiman,Sorghum,9.01,Retail
Bono East,Techiman Municipal,19/09/2025,Techiman,Yam puna,11.53,Retail
Bono East,Techiman Municipal,19/09/2025,Techiman,Tomato navrongo,18.47,Retail
Bono East,Techiman Municipal,19/09/2025,Techiman,Alefu amaranthus,9.44,Retail
Bono East,Techiman Municipal,19/09/2025,Techiman,Coconut fresh,6.27,Retail
Bono East,Techiman Municipal,19/09/2025,Techiman,Dried cassava chips kokonte,6.53,Retail
Central,Mfantsiman Municipal,24/09/2025,Mankessim,White maize,4.76,Retail
Central,Mfantsiman Municipal,24/09/2025,Mankessim,Maize yellow,5.52,Retail
Central,Mfantsiman Municipal,24/09/2025,Mankessim,Millet,20.78,Retail
Central,Mfantsiman Municipal,24/09/2025,Mankessim,Rice local perfumed,24.17,Retail
Central,Mfantsiman Municipal,24/09/2025,Mankessim,Rice local non perfumed,16.52,Retail
Central,Mfantsiman Municipal,24/09/2025,Mankessim,Rice imported perfumed,24.17,Retail
Central,Mfantsiman Municipal,24/09/2025,Mankessim,Rice imported non perfumed,15.34,Retail
Central,Mfantsiman Municipal,24/09/2025,Mankessim,Cocoyam,20.67,Retail
Central,Mfantsiman Municipal,24/09/2025,Mankessim,Cassava,12.16,Retail
Central,Mfantsiman Municipal,24/09/2025,Mankessim,Gari,13.18,Retail
Central,Mfantsiman Municipal,24/09/2025,Mankessim,Dried cassava powder kokonte,11.64,Retail
Central,Mfantsiman Municipal,24/09/2025,Mankessim,Plantain apentu,23.83,Retail
Central,Mfantsiman Municipal,24/09/2025,Mankessim,Plantain apem,12.50,Retail
Central,Mfantsiman Municipal,24/09/2025,Mankessim,Banana exotic,13.10,Retail
Central,Mfantsiman Municipal,24/09/2025,Mankessim,Banana local,12.50,Retail
Central,Mfantsiman Municipal,24/09/2025,Mankessim,Orange,9.17,Retail
Central,Mfantsiman Municipal,24/09/2025,Mankessim,Watermelon,5.68,Retail
Central,Mfantsiman Municipal,24/09/2025,Mankessim,Pineapple,9.36,Retail
Central,Mfantsiman Municipal,24/09/2025,Mankessim,Tomato local,23.91,Retail
Central,Mfantsiman Municipal,24/09/2025,Mankessim,Garden egg,19.17,Retail
Central,Mfantsiman Municipal,24/09/2025,Mankessim,Okro fresh,21.42,Retail
Central,Mfantsiman Municipal,24/09/2025,Mankessim,Onion,13.28,Retail
Central,Mfantsiman Municipal,24/09/2025,Mankessim,Ginger,255.95,Retail
Central,Mfantsiman Municipal,24/09/2025,Mankessim,Dried pepper,122.39,Retail
Central,Mfantsiman Municipal,24/09/2025,Mankessim,Fresh pepper,57.42,Retail
Central,Mfantsiman Municipal,24/09/2025,Mankessim,Fresh pepper bonnet,25.19,Retail
Central,Mfantsiman Municipal,24/09/2025,Mankessim,Palm fruit,9.31,Retail
Central,Mfantsiman Municipal,24/09/2025,Mankessim,Tiger nut,73.26,Retail
Central,Mfantsiman Municipal,24/09/2025,Mankessim,Groundnut red,27.79,Retail
Central,Mfantsiman Municipal,24/09/2025,Mankessim,Cowpea white,27.50,Retail
Central,Mfantsiman Municipal,24/09/2025,Mankessim,Soya bean,20.35,Retail
Central,Mfantsiman Municipal,24/09/2025,Mankessim,Melon seeds agushi,67.11,Retail
Central,Mfantsiman Municipal,24/09/2025,Mankessim,Melon seeds agushi powder,76.52,Retail
Central,Mfantsiman Municipal,24/09/2025,Mankessim,Melon seeds neri,26.60,Retail
Central,Mfantsiman Municipal,24/09/2025,Mankessim,Melon seeds neri powder,23.23,Retail
Central,Mfantsiman Municipal,24/09/2025,Mankessim,Palm oil,20.00,Retail
Central,Mfantsiman Municipal,24/09/2025,Mankessim,Coconut oil,48.89,Retail
Central,Mfantsiman Municipal,24/09/2025,Mankessim,Beef,60.00,Retail
Central,Mfantsiman Municipal,24/09/2025,Mankessim,Smoked herring,81.10,Retail
Central,Mfantsiman Municipal,24/09/2025,Mankessim,Salted dried tilapia koobi,108.91,Retail
Central,Mfantsiman Municipal,24/09/2025,Mankessim,Anchovy,92.63,Retail
Central,Mfantsiman Municipal,24/09/2025,Mankessim,Kako,92.47,Retail
Central,Mfantsiman Municipal,24/09/2025,Mankessim,Egg commercial,57.50,Retail
Central,Mfantsiman Municipal,24/09/2025,Mankessim,Chicken,42.33,Retail
Central,Mfantsiman Municipal,24/09/2025,Mankessim,Nkontomire,12.13,Retail
Central,Mfantsiman Municipal,24/09/2025,Mankessim,Ademe ayoyo jute mallow,10.37,Retail
Central,Mfantsiman Municipal,24/09/2025,Mankessim,Cabbage,12.10,Retail
Central,Mfantsiman Municipal,24/09/2025,Mankessim,Lettuce,40.60,Retail
Central,Mfantsiman Municipal,24/09/2025,Mankessim,Carrot,44.44,Retail
Central,Mfantsiman Municipal,24/09/2025,Mankessim,Pawpaw,10.19,Retail
Central,Mfantsiman Municipal,24/09/2025,Mankessim,Bambara bean,31.63,Retail
Central,Mfantsiman Municipal,24/09/2025,Mankessim,Mutton sheep meat,60.00,Retail
Central,Mfantsiman Municipal,24/09/2025,Mankessim,Chevon goat meat,60.00,Retail
Central,Mfantsiman Municipal,24/09/2025,Mankessim,Snail,42.38,Retail
Central,Mfantsiman Municipal,24/09/2025,Mankessim,Sweet potato general white pinkish,9.82,Retail
Central,Mfantsiman Municipal,24/09/2025,Mankessim,Cassava dough,7.02,Retail
Central,Mfantsiman Municipal,24/09/2025,Mankessim,Fresh red fish,50.00,Retail
Central,Mfantsiman Municipal,24/09/2025,Mankessim,Fresh salmon mackerel fish,40.00,Retail
Central,Mfantsiman Municipal,24/09/2025,Mankessim,Fresh kpanla fish,35.00,Retail
Central,Mfantsiman Municipal,24/09/2025,Mankessim,Plantain riped,21.10,Retail
Central,Mfantsiman Municipal,24/09/2025,Mankessim,Yam puna,12.84,Retail
Central,Mfantsiman Municipal,24/09/2025,Mankessim,Tomato navrongo,21.64,Retail
Central,Mfantsiman Municipal,24/09/2025,Mankessim,Coconut fresh,3.97,Retail
Greater Accra,Tema East,20/09/2025,Tema Community One,White maize,10.00,Retail
Greater Accra,Tema East,20/09/2025,Tema Community One,Maize yellow,11.14,Retail
Greater Accra,Tema East,20/09/2025,Tema Community One,Millet,22.50,Retail
Greater Accra,Tema East,20/09/2025,Tema Community One,Rice local perfumed,17.11,Retail
Greater Accra,Tema East,20/09/2025,Tema Community One,Rice imported perfumed,21.33,Retail
Greater Accra,Tema East,20/09/2025,Tema Community One,Cocoyam,23.08,Retail
Greater Accra,Tema East,20/09/2025,Tema Community One,Gari,20.00,Retail
Greater Accra,Tema East,20/09/2025,Tema Community One,Dried cassava powder kokonte,23.33,Retail
Greater Accra,Tema East,20/09/2025,Tema Community One,Plantain apentu,42.86,Retail
Greater Accra,Tema East,20/09/2025,Tema Community One,Plantain apem,62.50,Retail
Greater Accra,Tema East,20/09/2025,Tema Community One,Banana exotic,33.33,Retail
Greater Accra,Tema East,20/09/2025,Tema Community One,Banana local,33.33,Retail
Greater Accra,Tema East,20/09/2025,Tema Community One,Orange,17.78,Retail
Greater Accra,Tema East,20/09/2025,Tema Community One,Watermelon,11.32,Retail
Greater Accra,Tema East,20/09/2025,Tema Community One,Pineapple,20.00,Retail
Greater Accra,Tema East,20/09/2025,Tema Community One,Garden egg,56.95,Retail
Greater Accra,Tema East,20/09/2025,Tema Community One,Okro fresh,97.22,Retail
Greater Accra,Tema East,20/09/2025,Tema Community One,Onion,28.57,Retail
Greater Accra,Tema East,20/09/2025,Tema Community One,Ginger,133.33,Retail
Greater Accra,Tema East,20/09/2025,Tema Community One,Dried pepper,64.45,Retail
Greater Accra,Tema East,20/09/2025,Tema Community One,Fresh pepper,37.78,Retail
Greater Accra,Tema East,20/09/2025,Tema Community One,Fresh pepper bonnet,37.78,Retail
Greater Accra,Tema East,20/09/2025,Tema Community One,Palm fruit,12.00,Retail
Greater Accra,Tema East,20/09/2025,Tema Community One,Groundnut red,38.67,Retail
Greater Accra,Tema East,20/09/2025,Tema Community One,Cowpea white,25.00,Retail
Greater Accra,Tema East,20/09/2025,Tema Community One,Soya bean,20.00,Retail
Greater Accra,Tema East,20/09/2025,Tema Community One,Melon seeds agushi,179.17,Retail
Greater Accra,Tema East,20/09/2025,Tema Community One,Melon seeds agushi powder,100.00,Retail
Greater Accra,Tema East,20/09/2025,Tema Community One,Palm oil,26.67,Retail
Greater Accra,Tema East,20/09/2025,Tema Community One,Beef,50.00,Retail
Greater Accra,Tema East,20/09/2025,Tema Community One,Smoked herring,92.22,Retail
Greater Accra,Tema East,20/09/2025,Tema Community One,Egg commercial,80.00,Retail
Greater Accra,Tema East,20/09/2025,Tema Community One,Chicken,52.33,Retail
Greater Accra,Tema East,20/09/2025,Tema Community One,Nkontomire,38.89,Retail
Greater Accra,Tema East,20/09/2025,Tema Community One,Ademe ayoyo jute mallow,41.67,Retail
Greater Accra,Tema East,20/09/2025,Tema Community One,Cabbage,37.78,Retail
Greater Accra,Tema East,20/09/2025,Tema Community One,Lettuce,50.00,Retail
Greater Accra,Tema East,20/09/2025,Tema Community One,Carrot,58.33,Retail
Greater Accra,Tema East,20/09/2025,Tema Community One,Pawpaw,20.00,Retail
Greater Accra,Tema East,20/09/2025,Tema Community One,Avocado pear,43.33,Retail
Greater Accra,Tema East,20/09/2025,Tema Community One,Bambara bean,28.57,Retail
Greater Accra,Tema East,20/09/2025,Tema Community One,Chevon goat meat,50.00,Retail
Greater Accra,Tema East,20/09/2025,Tema Community One,Sweet potato general white pinkish,30.55,Retail
Greater Accra,Tema East,20/09/2025,Tema Community One,Fresh red fish,69.33,Retail
Greater Accra,Tema East,20/09/2025,Tema Community One,Fresh salmon mackerel fish,33.67,Retail
Greater Accra,Tema East,20/09/2025,Tema Community One,Fresh kpanla fish,39.00,Retail
Greater Accra,Tema East,20/09/2025,Tema Community One,Plantain riped,37.50,Retail
Greater Accra,Tema East,20/09/2025,Tema Community One,Sorghum,22.50,Retail
Greater Accra,Tema East,20/09/2025,Tema Community One,Yam puna,31.11,Retail
Greater Accra,Tema East,20/09/2025,Tema Community One,Tomato navrongo,16.67,Retail
Greater Accra,Tema East,20/09/2025,Tema Community One,Alefu amaranthus,50.00,Retail
Eastern,New Juaben South Municipal,25/09/2025,Central marketm,Rice imported perfumed,20.83,Retail
Eastern,New Juaben South Municipal,25/09/2025,Central marketm,Cassava,2.17,Retail
Eastern,New Juaben South Municipal,25/09/2025,Central marketm,Plantain apentu,16.52,Retail
Eastern,New Juaben South Municipal,25/09/2025,Central marketm,Banana local,15.76,Retail
Eastern,New Juaben South Municipal,25/09/2025,Central marketm,Orange,6.00,Retail
Eastern,New Juaben South Municipal,25/09/2025,Central marketm,Watermelon,10.19,Retail
Eastern,New Juaben South Municipal,25/09/2025,Central marketm,Pineapple,10.23,Retail
Eastern,New Juaben South Municipal,25/09/2025,Central marketm,Tomato local,10.25,Retail
Eastern,New Juaben South Municipal,25/09/2025,Central marketm,Garden egg,10.30,Retail
Eastern,New Juaben South Municipal,25/09/2025,Central marketm,Onion,11.65,Retail
Eastern,New Juaben South Municipal,25/09/2025,Central marketm,Fresh pepper bonnet,14.06,Retail
Eastern,New Juaben South Municipal,25/09/2025,Central marketm,Cabbage,8.22,Retail
Eastern,New Juaben South Municipal,25/09/2025,Central marketm,Carrot,17.68,Retail
Eastern,New Juaben South Municipal,25/09/2025,Central marketm,Cassava dough,5.64,Retail
Eastern,New Juaben South Municipal,25/09/2025,Central marketm,Yam puna,15.52,Retail
Savannah,Bole,16/09/2025,Bamboi,White maize,6.00,Retail
Savannah,Bole,16/09/2025,Bamboi,Maize yellow,6.00,Retail
Savannah,Bole,16/09/2025,Bamboi,Millet,12.44,Retail
Savannah,Bole,16/09/2025,Bamboi,Rice local perfumed,16.67,Retail
Savannah,Bole,16/09/2025,Bamboi,Rice local non perfumed,14.58,Retail
Savannah,Bole,16/09/2025,Bamboi,Rice imported perfumed,20.83,Retail
Savannah,Bole,16/09/2025,Bamboi,Yam white,19.65,Retail
Savannah,Bole,16/09/2025,Bamboi,Gari,11.81,Retail
Savannah,Bole,16/09/2025,Bamboi,Tomato local,25.90,Retail
Savannah,Bole,16/09/2025,Bamboi,Garden egg,22.65,Retail
Savannah,Bole,16/09/2025,Bamboi,Okro fresh,13.91,Retail
Savannah,Bole,16/09/2025,Bamboi,Onion,16.40,Retail
Savannah,Bole,16/09/2025,Bamboi,Ginger,65.39,Retail
Savannah,Bole,16/09/2025,Bamboi,Dried pepper,44.61,Retail
Savannah,Bole,16/09/2025,Bamboi,Fresh pepper bonnet,31.30,Retail
Savannah,Bole,16/09/2025,Bamboi,Palm fruit,35.90,Retail
Savannah,Bole,16/09/2025,Bamboi,Groundnut red,15.38,Retail
Savannah,Bole,16/09/2025,Bamboi,Cowpea white,15.38,Retail
Savannah,Bole,16/09/2025,Bamboi,Soya bean,11.71,Retail
Savannah,Bole,16/09/2025,Bamboi,Melon seeds agushi,36.31,Retail
Savannah,Bole,16/09/2025,Bamboi,Melon seeds neri,59.17,Retail
Savannah,Bole,16/09/2025,Bamboi,Palm oil,26.67,Retail
Savannah,Bole,16/09/2025,Bamboi,Beef,80.00,Retail
Savannah,Bole,16/09/2025,Bamboi,Egg commercial,70.00,Retail
Savannah,Bole,16/09/2025,Bamboi,Sorghum,11.46,Retail
Savannah,Bole,16/09/2025,Bamboi,Yam puna,20.55,Retail
Savannah,Bole,16/09/2025,Bamboi,Okro dried,33.93,Retail
Western North,Bibiani Anhwiaso Bekwai Municipal,25/09/2025,Bibiani ,White maize,7.01,Retail
Western North,Bibiani Anhwiaso Bekwai Municipal,25/09/2025,Bibiani ,Maize yellow,7.42,Retail
Western North,Bibiani Anhwiaso Bekwai Municipal,25/09/2025,Bibiani ,Millet,15.50,Retail
Western North,Bibiani Anhwiaso Bekwai Municipal,25/09/2025,Bibiani ,Rice local perfumed,26.25,Retail
Western North,Bibiani Anhwiaso Bekwai Municipal,25/09/2025,Bibiani ,Rice local non perfumed,28.89,Retail
Western North,Bibiani Anhwiaso Bekwai Municipal,25/09/2025,Bibiani ,Rice imported perfumed,28.89,Retail
Western North,Bibiani Anhwiaso Bekwai Municipal,25/09/2025,Bibiani ,Rice imported non perfumed,24.17,Retail
Western North,Bibiani Anhwiaso Bekwai Municipal,25/09/2025,Bibiani ,Yam white,6.47,Retail
Western North,Bibiani Anhwiaso Bekwai Municipal,25/09/2025,Bibiani ,Cocoyam,13.15,Retail
Western North,Bibiani Anhwiaso Bekwai Municipal,25/09/2025,Bibiani ,Cassava,3.15,Retail
Western North,Bibiani Anhwiaso Bekwai Municipal,25/09/2025,Bibiani ,Gari,15.83,Retail
Western North,Bibiani Anhwiaso Bekwai Municipal,25/09/2025,Bibiani ,Dried cassava powder kokonte,13.33,Retail
Western North,Bibiani Anhwiaso Bekwai Municipal,25/09/2025,Bibiani ,Plantain apentu,6.18,Retail
Western North,Bibiani Anhwiaso Bekwai Municipal,25/09/2025,Bibiani ,Plantain apem,9.08,Retail
Western North,Bibiani Anhwiaso Bekwai Municipal,25/09/2025,Bibiani ,Banana local,6.58,Retail
Western North,Bibiani Anhwiaso Bekwai Municipal,25/09/2025,Bibiani ,Orange,7.93,Retail
Western North,Bibiani Anhwiaso Bekwai Municipal,25/09/2025,Bibiani ,Pineapple,13.38,Retail
Western North,Bibiani Anhwiaso Bekwai Municipal,25/09/2025,Bibiani ,Tomato local,8.31,Retail
Western North,Bibiani Anhwiaso Bekwai Municipal,25/09/2025,Bibiani ,Garden egg,12.73,Retail
Western North,Bibiani Anhwiaso Bekwai Municipal,25/09/2025,Bibiani ,Okro fresh,23.00,Retail
Western North,Bibiani Anhwiaso Bekwai Municipal,25/09/2025,Bibiani ,Onion,24.56,Retail
Western North,Bibiani Anhwiaso Bekwai Municipal,25/09/2025,Bibiani ,Ginger,42.56,Retail
Western North,Bibiani Anhwiaso Bekwai Municipal,25/09/2025,Bibiani ,Dried pepper,35.28,Retail
Western North,Bibiani Anhwiaso Bekwai Municipal,25/09/2025,Bibiani ,Fresh pepper bonnet,33.44,Retail
Western North,Bibiani Anhwiaso Bekwai Municipal,25/09/2025,Bibiani ,Palm fruit,8.70,Retail
Western North,Bibiani Anhwiaso Bekwai Municipal,25/09/2025,Bibiani ,Groundnut red,28.61,Retail
Western North,Bibiani Anhwiaso Bekwai Municipal,25/09/2025,Bibiani ,Cowpea white,32.22,Retail
Western North,Bibiani Anhwiaso Bekwai Municipal,25/09/2025,Bibiani ,Soya bean,18.89,Retail
Western North,Bibiani Anhwiaso Bekwai Municipal,25/09/2025,Bibiani ,Palm oil,44.67,Retail
Western North,Bibiani Anhwiaso Bekwai Municipal,25/09/2025,Bibiani ,Egg commercial,61.75,Retail
Western North,Bibiani Anhwiaso Bekwai Municipal,25/09/2025,Bibiani ,Chicken,38.33,Retail
Western North,Bibiani Anhwiaso Bekwai Municipal,25/09/2025,Bibiani ,Nkontomire,15.83,Retail
Western North,Bibiani Anhwiaso Bekwai Municipal,25/09/2025,Bibiani ,Cabbage,19.72,Retail
Western North,Bibiani Anhwiaso Bekwai Municipal,25/09/2025,Bibiani ,Lettuce,15.31,Retail
Western North,Bibiani Anhwiaso Bekwai Municipal,25/09/2025,Bibiani ,Carrot,20.56,Retail
Western North,Bibiani Anhwiaso Bekwai Municipal,25/09/2025,Bibiani ,Pawpaw,13.28,Retail
Western North,Bibiani Anhwiaso Bekwai Municipal,25/09/2025,Bibiani ,Fresh kpanla fish,28.33,Retail
Western North,Bibiani Anhwiaso Bekwai Municipal,25/09/2025,Bibiani ,Yam puna,9.97,Retail
Western North,Bibiani Anhwiaso Bekwai Municipal,25/09/2025,Bibiani ,Tomato navrongo,20.54,Retail
Western North,Bibiani Anhwiaso Bekwai Municipal,25/09/2025,Bibiani ,Coconut fresh,12.83,Retail
Western North,Bibiani Anhwiaso Bekwai Municipal,25/09/2025,Bibiani ,Okro dried,153.89,Retail
Western North,Bibiani Anhwiaso Bekwai Municipal,25/09/2025,Bibiani ,Unshelled groundnut,13.24,Retail
Ahafo,Asunafo North Municipal,27/09/2025,Goaso,White maize,6.88,Retail
Ahafo,Asunafo North Municipal,27/09/2025,Goaso,Maize yellow,7.04,Retail
Ahafo,Asunafo North Municipal,27/09/2025,Goaso,Millet,13.67,Retail
Ahafo,Asunafo North Municipal,27/09/2025,Goaso,Rice local perfumed,12.00,Retail
Ahafo,Asunafo North Municipal,27/09/2025,Goaso,Cocoyam,8.67,Retail
Ahafo,Asunafo North Municipal,27/09/2025,Goaso,Gari,12.50,Retail
Ahafo,Asunafo North Municipal,27/09/2025,Goaso,Dried cassava powder kokonte,10.42,Retail
Ahafo,Asunafo North Municipal,27/09/2025,Goaso,Plantain apentu,8.56,Retail
Ahafo,Asunafo North Municipal,27/09/2025,Goaso,Plantain apem,8.49,Retail
Ahafo,Asunafo North Municipal,27/09/2025,Goaso,Orange,6.70,Retail
Ahafo,Asunafo North Municipal,27/09/2025,Goaso,Tomato local,11.11,Retail
Ahafo,Asunafo North Municipal,27/09/2025,Goaso,Garden egg,8.49,Retail
Ahafo,Asunafo North Municipal,27/09/2025,Goaso,Okro fresh,10.83,Retail
Ahafo,Asunafo North Municipal,27/09/2025,Goaso,Ginger,19.45,Retail
Ahafo,Asunafo North Municipal,27/09/2025,Goaso,Fresh pepper bonnet,19.17,Retail
Ahafo,Asunafo North Municipal,27/09/2025,Goaso,Palm fruit,4.30,Retail
Ahafo,Asunafo North Municipal,27/09/2025,Goaso,Groundnut red,20.00,Retail
Ahafo,Asunafo North Municipal,27/09/2025,Goaso,Cowpea white,14.00,Retail
Ahafo,Asunafo North Municipal,27/09/2025,Goaso,Melon seeds neri,25.00,Retail
Ahafo,Asunafo North Municipal,27/09/2025,Goaso,Palm oil,20.00,Retail
Ahafo,Asunafo North Municipal,27/09/2025,Goaso,Egg commercial,53.33,Retail
Ahafo,Asunafo North Municipal,27/09/2025,Goaso,Nkontomire,10.83,Retail
Ahafo,Asunafo North Municipal,27/09/2025,Goaso,Ademe ayoyo jute mallow,13.06,Retail
Ahafo,Asunafo North Municipal,27/09/2025,Goaso,Carrot,25.00,Retail
Ahafo,Asunafo North Municipal,27/09/2025,Goaso,Sorghum,14.00,Retail
Ahafo,Asunafo North Municipal,27/09/2025,Goaso,Yam puna,8.16,Retail
Ahafo,Asunafo North Municipal,27/09/2025,Goaso,Tomato navrongo,10.83,Retail
Ahafo,Asunafo North Municipal,27/09/2025,Goaso,Alefu amaranthus,11.67,Retail
Ahafo,Asunafo North Municipal,27/09/2025,Goaso,Coconut fresh,4.77,Retail
Ahafo,Asunafo North Municipal,27/09/2025,Goaso,Unshelled groundnut,20.79,Retail
Ahafo,Asunafo North Municipal,27/09/2025,Goaso,Dried cassava chips kokonte,9.70,Retail
Bono East,Kintampo North Municipal,28/09/2025,Kintampo,White maize,4.36,Retail
Bono East,Kintampo North Municipal,28/09/2025,Kintampo,Maize yellow,4.39,Retail
Bono East,Kintampo North Municipal,28/09/2025,Kintampo,Millet,12.08,Retail
Bono East,Kintampo North Municipal,28/09/2025,Kintampo,Rice local perfumed,13.97,Retail
Bono East,Kintampo North Municipal,28/09/2025,Kintampo,Rice local non perfumed,10.71,Retail
Bono East,Kintampo North Municipal,28/09/2025,Kintampo,Cassava,2.74,Retail
Bono East,Kintampo North Municipal,28/09/2025,Kintampo,Gari,9.23,Retail
Bono East,Kintampo North Municipal,28/09/2025,Kintampo,Plantain apentu,13.05,Retail
Bono East,Kintampo North Municipal,28/09/2025,Kintampo,Plantain apem,12.78,Retail
Bono East,Kintampo North Municipal,28/09/2025,Kintampo,Garden egg,12.25,Retail
Bono East,Kintampo North Municipal,28/09/2025,Kintampo,Okro fresh,23.15,Retail
Bono East,Kintampo North Municipal,28/09/2025,Kintampo,Onion,15.38,Retail
Bono East,Kintampo North Municipal,28/09/2025,Kintampo,Fresh pepper bonnet,21.48,Retail
Bono East,Kintampo North Municipal,28/09/2025,Kintampo,Groundnut red,12.50,Retail
Bono East,Kintampo North Municipal,28/09/2025,Kintampo,Cowpea white,13.46,Retail
Bono East,Kintampo North Municipal,28/09/2025,Kintampo,Soya bean,10.35,Retail
Bono East,Kintampo North Municipal,28/09/2025,Kintampo,Melon seeds agushi,53.76,Retail
Bono East,Kintampo North Municipal,28/09/2025,Kintampo,Melon seeds neri,12.17,Retail
Bono East,Kintampo North Municipal,28/09/2025,Kintampo,Sorghum,11.04,Retail
Bono East,Kintampo North Municipal,28/09/2025,Kintampo,Yam puna,11.57,Retail
Bono East,Kintampo North Municipal,28/09/2025,Kintampo,Tomato navrongo,16.24,Retail
Bono East,Kintampo North Municipal,28/09/2025,Kintampo,Dried cassava chips kokonte,7.03,Retail
Bono East,Techiman Municipal,25/09/2025,Techiman,White maize,5.19,Retail
Bono East,Techiman Municipal,25/09/2025,Techiman,Maize yellow,5.68,Retail
Bono East,Techiman Municipal,25/09/2025,Techiman,Millet,12.00,Retail
Bono East,Techiman Municipal,25/09/2025,Techiman,Rice local perfumed,13.33,Retail
Bono East,Techiman Municipal,25/09/2025,Techiman,Rice local non perfumed,10.72,Retail
Bono East,Techiman Municipal,25/09/2025,Techiman,Rice imported perfumed,19.68,Retail
Bono East,Techiman Municipal,25/09/2025,Techiman,Rice imported non perfumed,14.09,Retail
Bono East,Techiman Municipal,25/09/2025,Techiman,Yam white,9.09,Retail
Bono East,Techiman Municipal,25/09/2025,Techiman,Cocoyam,24.07,Retail
Bono East,Techiman Municipal,25/09/2025,Techiman,Cassava,2.31,Retail
Bono East,Techiman Municipal,25/09/2025,Techiman,Gari,11.13,Retail
Bono East,Techiman Municipal,25/09/2025,Techiman,Dried cassava powder kokonte,11.27,Retail
Bono East,Techiman Municipal,25/09/2025,Techiman,Plantain apentu,10.28,Retail
Bono East,Techiman Municipal,25/09/2025,Techiman,Plantain apem,10.90,Retail
Bono East,Techiman Municipal,25/09/2025,Techiman,Banana exotic,21.30,Retail
Bono East,Techiman Municipal,25/09/2025,Techiman,Banana local,12.04,Retail
Bono East,Techiman Municipal,25/09/2025,Techiman,Orange,6.94,Retail
Bono East,Techiman Municipal,25/09/2025,Techiman,Watermelon,6.05,Retail
Bono East,Techiman Municipal,25/09/2025,Techiman,Pineapple,12.86,Retail
Bono East,Techiman Municipal,25/09/2025,Techiman,Mango exotic,12.65,Retail
Bono East,Techiman Municipal,25/09/2025,Techiman,Garden egg,12.50,Retail
Bono East,Techiman Municipal,25/09/2025,Techiman,Okro fresh,14.49,Retail
Bono East,Techiman Municipal,25/09/2025,Techiman,Onion,11.18,Retail
Bono East,Techiman Municipal,25/09/2025,Techiman,Ginger,46.67,Retail
Bono East,Techiman Municipal,25/09/2025,Techiman,Dried pepper,129.17,Retail
Bono East,Techiman Municipal,25/09/2025,Techiman,Fresh pepper bonnet,22.41,Retail
Bono East,Techiman Municipal,25/09/2025,Techiman,Palm fruit,8.83,Retail
Bono East,Techiman Municipal,25/09/2025,Techiman,Tiger nut,15.50,Retail
Bono East,Techiman Municipal,25/09/2025,Techiman,Groundnut red,18.87,Retail
Bono East,Techiman Municipal,25/09/2025,Techiman,Cowpea white,18.08,Retail
Bono East,Techiman Municipal,25/09/2025,Techiman,Soya bean,8.83,Retail
Bono East,Techiman Municipal,25/09/2025,Techiman,Melon seeds agushi,43.33,Retail
Bono East,Techiman Municipal,25/09/2025,Techiman,Melon seeds neri,17.50,Retail
Bono East,Techiman Municipal,25/09/2025,Techiman,Palm oil,32.86,Retail
Bono East,Techiman Municipal,25/09/2025,Techiman,Beef,110.00,Retail
Bono East,Techiman Municipal,25/09/2025,Techiman,Smoked herring,152.78,Retail
Bono East,Techiman Municipal,25/09/2025,Techiman,Salted dried tilapia koobi,108.33,Retail
Bono East,Techiman Municipal,25/09/2025,Techiman,Anchovy,70.93,Retail
Bono East,Techiman Municipal,25/09/2025,Techiman,Egg commercial,64.67,Retail
Bono East,Techiman Municipal,25/09/2025,Techiman,Chicken,40.67,Retail
Bono East,Techiman Municipal,25/09/2025,Techiman,Nkontomire,12.50,Retail
Bono East,Techiman Municipal,25/09/2025,Techiman,Ademe ayoyo jute mallow,7.34,Retail
Bono East,Techiman Municipal,25/09/2025,Techiman,Cabbage,9.52,Retail
Bono East,Techiman Municipal,25/09/2025,Techiman,Lettuce,13.06,Retail
Bono East,Techiman Municipal,25/09/2025,Techiman,Carrot,13.69,Retail
Bono East,Techiman Municipal,25/09/2025,Techiman,Pawpaw,3.63,Retail
Bono East,Techiman Municipal,25/09/2025,Techiman,Bambara bean,23.50,Retail
Bono East,Techiman Municipal,25/09/2025,Techiman,Mutton sheep meat,130.00,Retail
Bono East,Techiman Municipal,25/09/2025,Techiman,Chevon goat meat,130.00,Retail
Bono East,Techiman Municipal,25/09/2025,Techiman,Cassava dough,6.47,Retail
Bono East,Techiman Municipal,25/09/2025,Techiman,Fresh red fish,41.67,Retail
Bono East,Techiman Municipal,25/09/2025,Techiman,Fresh salmon mackerel fish,60.00,Retail
Bono East,Techiman Municipal,25/09/2025,Techiman,Fresh kpanla fish,40.67,Retail
Bono East,Techiman Municipal,25/09/2025,Techiman,Sorghum,9.26,Retail
Bono East,Techiman Municipal,25/09/2025,Techiman,Yam puna,11.88,Retail
Bono East,Techiman Municipal,25/09/2025,Techiman,Tomato navrongo,23.45,Retail
Bono East,Techiman Municipal,25/09/2025,Techiman,Alefu amaranthus,9.32,Retail
Bono East,Techiman Municipal,25/09/2025,Techiman,Coconut fresh,5.58,Retail
Bono East,Techiman Municipal,25/09/2025,Techiman,Unshelled groundnut,23.95,Retail
Bono East,Techiman Municipal,25/09/2025,Techiman,Dried cassava chips kokonte,7.38,Retail
Upper West,Wa Municipal,28/09/2025,Wa,White maize,5.00,Retail
Upper West,Wa Municipal,28/09/2025,Wa,Maize yellow,5.12,Retail
Upper West,Wa Municipal,28/09/2025,Wa,Millet,9.78,Retail
Upper West,Wa Municipal,28/09/2025,Wa,Rice local perfumed,13.79,Retail
Upper West,Wa Municipal,28/09/2025,Wa,Rice local non perfumed,10.11,Retail
Upper West,Wa Municipal,28/09/2025,Wa,Rice imported perfumed,20.12,Retail
Upper West,Wa Municipal,28/09/2025,Wa,Rice imported non perfumed,12.07,Retail
Upper West,Wa Municipal,28/09/2025,Wa,Yam white,16.71,Retail
Upper West,Wa Municipal,28/09/2025,Wa,Gari,9.54,Retail
Upper West,Wa Municipal,28/09/2025,Wa,Dried cassava powder kokonte,25.00,Retail
Upper West,Wa Municipal,28/09/2025,Wa,Tomato local,6.45,Retail
Upper West,Wa Municipal,28/09/2025,Wa,Garden egg,10.74,Retail
Upper West,Wa Municipal,28/09/2025,Wa,Okro fresh,13.06,Retail
Upper West,Wa Municipal,28/09/2025,Wa,Onion,47.22,Retail
Upper West,Wa Municipal,28/09/2025,Wa,Dried pepper,32.05,Retail
Upper West,Wa Municipal,28/09/2025,Wa,Fresh pepper,15.37,Retail
Upper West,Wa Municipal,28/09/2025,Wa,Fresh pepper bonnet,22.22,Retail
Upper West,Wa Municipal,28/09/2025,Wa,Groundnut red,11.28,Retail
Upper West,Wa Municipal,28/09/2025,Wa,Cowpea white,16.45,Retail
Upper West,Wa Municipal,28/09/2025,Wa,Soya bean,9.41,Retail
Upper West,Wa Municipal,28/09/2025,Wa,Melon seeds agushi,75.00,Retail
Upper West,Wa Municipal,28/09/2025,Wa,Melon seeds agushi powder,12.50,Retail
Upper West,Wa Municipal,28/09/2025,Wa,Melon seeds neri,57.78,Retail
Upper West,Wa Municipal,28/09/2025,Wa,Melon seeds neri powder,13.33,Retail
Upper West,Wa Municipal,28/09/2025,Wa,Anchovy,131.14,Retail
Upper West,Wa Municipal,28/09/2025,Wa,Egg commercial,90.00,Retail
Upper West,Wa Municipal,28/09/2025,Wa,Cabbage,23.75,Retail
Upper West,Wa Municipal,28/09/2025,Wa,Bambara bean,25.00,Retail
Upper West,Wa Municipal,28/09/2025,Wa,Sorghum,6.41,Retail
Upper West,Wa Municipal,28/09/2025,Wa,Yam puna,20.99,Retail
Upper West,Wa Municipal,28/09/2025,Wa,Tomato navrongo,10.00,Retail
Upper West,Wa Municipal,28/09/2025,Wa,Okro dried,44.87,Retail
Upper West,Wa Municipal,28/09/2025,Wa,Unshelled groundnut,14.29,Retail
Upper West,Wa Municipal,28/09/2025,Wa,Dried cassava chips kokonte,20.83,Retail
Upper West,Wa Municipal,28/09/2025,Wa,Groundnut Oil,38.24,Retail
Bono,Sunyani Municipal,24/09/2025,Nana Bosomah,White maize,4.29,Retail
Bono,Sunyani Municipal,24/09/2025,Nana Bosomah,Maize yellow,4.29,Retail
Bono,Sunyani Municipal,24/09/2025,Nana Bosomah,Millet,12.50,Retail
Bono,Sunyani Municipal,24/09/2025,Nana Bosomah,Rice local perfumed,14.81,Retail
Bono,Sunyani Municipal,24/09/2025,Nana Bosomah,Rice local non perfumed,10.37,Retail
Bono,Sunyani Municipal,24/09/2025,Nana Bosomah,Rice imported perfumed,16.00,Retail
Bono,Sunyani Municipal,24/09/2025,Nana Bosomah,Rice imported non perfumed,13.33,Retail
Bono,Sunyani Municipal,24/09/2025,Nana Bosomah,Yam white,8.33,Retail
Bono,Sunyani Municipal,24/09/2025,Nana Bosomah,Cocoyam,19.17,Retail
Bono,Sunyani Municipal,24/09/2025,Nana Bosomah,Cassava,3.60,Retail
Bono,Sunyani Municipal,24/09/2025,Nana Bosomah,Gari,12.50,Retail
Bono,Sunyani Municipal,24/09/2025,Nana Bosomah,Dried cassava powder kokonte,20.00,Retail
Bono,Sunyani Municipal,24/09/2025,Nana Bosomah,Plantain apentu,25.00,Retail
Bono,Sunyani Municipal,24/09/2025,Nana Bosomah,Plantain apem,27.38,Retail
Bono,Sunyani Municipal,24/09/2025,Nana Bosomah,Banana exotic,33.33,Retail
Bono,Sunyani Municipal,24/09/2025,Nana Bosomah,Banana local,33.33,Retail
Bono,Sunyani Municipal,24/09/2025,Nana Bosomah,Orange,4.85,Retail
Bono,Sunyani Municipal,24/09/2025,Nana Bosomah,Watermelon,3.71,Retail
Bono,Sunyani Municipal,24/09/2025,Nana Bosomah,Pineapple,4.55,Retail
Bono,Sunyani Municipal,24/09/2025,Nana Bosomah,Garden egg,14.33,Retail
Bono,Sunyani Municipal,24/09/2025,Nana Bosomah,Okro fresh,10.00,Retail
Bono,Sunyani Municipal,24/09/2025,Nana Bosomah,Onion,13.40,Retail
Bono,Sunyani Municipal,24/09/2025,Nana Bosomah,Ginger,37.57,Retail
Bono,Sunyani Municipal,24/09/2025,Nana Bosomah,Dried pepper,133.33,Retail
Bono,Sunyani Municipal,24/09/2025,Nana Bosomah,Fresh pepper bonnet,75.00,Retail
Bono,Sunyani Municipal,24/09/2025,Nana Bosomah,Palm fruit,9.39,Retail
Bono,Sunyani Municipal,24/09/2025,Nana Bosomah,Tiger nut,27.27,Retail
Bono,Sunyani Municipal,24/09/2025,Nana Bosomah,Groundnut red,18.18,Retail
Bono,Sunyani Municipal,24/09/2025,Nana Bosomah,Cowpea white,16.67,Retail
Bono,Sunyani Municipal,24/09/2025,Nana Bosomah,Soya bean,12.50,Retail
Bono,Sunyani Municipal,24/09/2025,Nana Bosomah,Melon seeds agushi,40.00,Retail
Bono,Sunyani Municipal,24/09/2025,Nana Bosomah,Melon seeds agushi powder,40.91,Retail
Bono,Sunyani Municipal,24/09/2025,Nana Bosomah,Melon seeds neri,26.67,Retail
Bono,Sunyani Municipal,24/09/2025,Nana Bosomah,Melon seeds neri powder,29.41,Retail
Bono,Sunyani Municipal,24/09/2025,Nana Bosomah,Palm oil,26.67,Retail
Bono,Sunyani Municipal,24/09/2025,Nana Bosomah,Bambara bean,28.85,Retail
Bono,Sunyani Municipal,24/09/2025,Nana Bosomah,Sorghum,12.00,Retail
Bono,Sunyani Municipal,24/09/2025,Nana Bosomah,Yam puna,12.50,Retail
Bono,Sunyani Municipal,24/09/2025,Nana Bosomah,Tomato navrongo,30.43,Retail
Bono,Sunyani Municipal,24/09/2025,Nana Bosomah,Okro dried,53.33,Retail
Bono,Sunyani Municipal,24/09/2025,Nana Bosomah,Dried cassava chips kokonte,6.91,Retail
Central,Mfantsiman Municipal,01/10/2025,Mankessim,White maize,3.95,Retail
Central,Mfantsiman Municipal,01/10/2025,Mankessim,Maize yellow,4.74,Retail
Central,Mfantsiman Municipal,01/10/2025,Mankessim,Millet,20.78,Retail
Central,Mfantsiman Municipal,01/10/2025,Mankessim,Rice local perfumed,21.58,Retail
Central,Mfantsiman Municipal,01/10/2025,Mankessim,Rice local non perfumed,17.36,Retail
Central,Mfantsiman Municipal,01/10/2025,Mankessim,Rice imported perfumed,21.94,Retail
Central,Mfantsiman Municipal,01/10/2025,Mankessim,Rice imported non perfumed,11.85,Retail
Central,Mfantsiman Municipal,01/10/2025,Mankessim,Cocoyam,19.97,Retail
Central,Mfantsiman Municipal,01/10/2025,Mankessim,Cassava,6.61,Retail
Central,Mfantsiman Municipal,01/10/2025,Mankessim,Gari,13.47,Retail
Central,Mfantsiman Municipal,01/10/2025,Mankessim,Dried cassava powder kokonte,10.90,Retail
Central,Mfantsiman Municipal,01/10/2025,Mankessim,Plantain apentu,9.89,Retail
Central,Mfantsiman Municipal,01/10/2025,Mankessim,Plantain apem,13.89,Retail
Central,Mfantsiman Municipal,01/10/2025,Mankessim,Banana exotic,12.04,Retail
Central,Mfantsiman Municipal,01/10/2025,Mankessim,Banana local,12.35,Retail
Central,Mfantsiman Municipal,01/10/2025,Mankessim,Orange,7.08,Retail
Central,Mfantsiman Municipal,01/10/2025,Mankessim,Watermelon,6.46,Retail
Central,Mfantsiman Municipal,01/10/2025,Mankessim,Pineapple,6.45,Retail
Central,Mfantsiman Municipal,01/10/2025,Mankessim,Tomato local,25.00,Retail
Central,Mfantsiman Municipal,01/10/2025,Mankessim,Garden egg,13.89,Retail
Central,Mfantsiman Municipal,01/10/2025,Mankessim,Okro fresh,20.46,Retail
Central,Mfantsiman Municipal,01/10/2025,Mankessim,Onion,15.87,Retail
Central,Mfantsiman Municipal,01/10/2025,Mankessim,Ginger,66.21,Retail
Central,Mfantsiman Municipal,01/10/2025,Mankessim,Dried pepper,90.23,Retail
Central,Mfantsiman Municipal,01/10/2025,Mankessim,Fresh pepper,75.00,Retail
Central,Mfantsiman Municipal,01/10/2025,Mankessim,Fresh pepper bonnet,25.30,Retail
Central,Mfantsiman Municipal,01/10/2025,Mankessim,Palm fruit,8.96,Retail
Central,Mfantsiman Municipal,01/10/2025,Mankessim,Tiger nut,63.96,Retail
Central,Mfantsiman Municipal,01/10/2025,Mankessim,Groundnut red,25.68,Retail
Central,Mfantsiman Municipal,01/10/2025,Mankessim,Cowpea white,23.33,Retail
Central,Mfantsiman Municipal,01/10/2025,Mankessim,Soya bean,18.73,Retail
Central,Mfantsiman Municipal,01/10/2025,Mankessim,Melon seeds agushi,61.58,Retail
Central,Mfantsiman Municipal,01/10/2025,Mankessim,Melon seeds agushi powder,68.56,Retail
Central,Mfantsiman Municipal,01/10/2025,Mankessim,Melon seeds neri,23.13,Retail
Central,Mfantsiman Municipal,01/10/2025,Mankessim,Melon seeds neri powder,17.17,Retail
Central,Mfantsiman Municipal,01/10/2025,Mankessim,Palm oil,24.44,Retail
Central,Mfantsiman Municipal,01/10/2025,Mankessim,Coconut oil,50.00,Retail
Central,Mfantsiman Municipal,01/10/2025,Mankessim,Beef,60.00,Retail
Central,Mfantsiman Municipal,01/10/2025,Mankessim,Smoked herring,51.85,Retail
Central,Mfantsiman Municipal,01/10/2025,Mankessim,Salted dried tilapia koobi,88.36,Retail
Central,Mfantsiman Municipal,01/10/2025,Mankessim,Anchovy,96.24,Retail
Central,Mfantsiman Municipal,01/10/2025,Mankessim,Kako,100.48,Retail
Central,Mfantsiman Municipal,01/10/2025,Mankessim,Egg commercial,58.75,Retail
Central,Mfantsiman Municipal,01/10/2025,Mankessim,Chicken,42.50,Retail
Central,Mfantsiman Municipal,01/10/2025,Mankessim,Nkontomire,8.59,Retail
Central,Mfantsiman Municipal,01/10/2025,Mankessim,Ademe ayoyo jute mallow,9.99,Retail
Central,Mfantsiman Municipal,01/10/2025,Mankessim,Cabbage,9.41,Retail
Central,Mfantsiman Municipal,01/10/2025,Mankessim,Lettuce,30.00,Retail
Central,Mfantsiman Municipal,01/10/2025,Mankessim,Carrot,20.17,Retail
Central,Mfantsiman Municipal,01/10/2025,Mankessim,Pawpaw,12.45,Retail
Central,Mfantsiman Municipal,01/10/2025,Mankessim,Bambara bean,30.00,Retail
Central,Mfantsiman Municipal,01/10/2025,Mankessim,Mutton sheep meat,60.00,Retail
Central,Mfantsiman Municipal,01/10/2025,Mankessim,Chevon goat meat,60.00,Retail
Central,Mfantsiman Municipal,01/10/2025,Mankessim,Snail,34.83,Retail
Central,Mfantsiman Municipal,01/10/2025,Mankessim,Sweet potato general white pinkish,8.45,Retail
Central,Mfantsiman Municipal,01/10/2025,Mankessim,Cassava dough,6.65,Retail
Central,Mfantsiman Municipal,01/10/2025,Mankessim,Fresh red fish,50.00,Retail
Central,Mfantsiman Municipal,01/10/2025,Mankessim,Fresh salmon mackerel fish,43.33,Retail
Central,Mfantsiman Municipal,01/10/2025,Mankessim,Fresh kpanla fish,35.00,Retail
Central,Mfantsiman Municipal,01/10/2025,Mankessim,Plantain riped,10.62,Retail
Central,Mfantsiman Municipal,01/10/2025,Mankessim,Yam puna,12.29,Retail
Central,Mfantsiman Municipal,01/10/2025,Mankessim,Tomato navrongo,19.56,Retail
Central,Mfantsiman Municipal,01/10/2025,Mankessim,Coconut fresh,3.45,Retail
Eastern,New Juaben South Municipal,02/10/2025,Central market,Rice imported perfumed,17.78,Retail
Eastern,New Juaben South Municipal,02/10/2025,Central market,Gari,15.11,Retail
Eastern,New Juaben South Municipal,02/10/2025,Central market,Plantain apem,14.97,Retail
Eastern,New Juaben South Municipal,02/10/2025,Central market,Orange,4.30,Retail
Eastern,New Juaben South Municipal,02/10/2025,Central market,Watermelon,11.90,Retail
Eastern,New Juaben South Municipal,02/10/2025,Central market,Fresh pepper bonnet,8.96,Retail
Eastern,New Juaben South Municipal,02/10/2025,Central market,Cowpea white,30.00,Retail
Eastern,New Juaben South Municipal,02/10/2025,Central market,Palm oil,12.12,Retail
Eastern,New Juaben South Municipal,02/10/2025,Central market,Egg commercial,70.00,Retail
Eastern,New Juaben South Municipal,02/10/2025,Central market,Cabbage,5.56,Retail
Eastern,New Juaben South Municipal,02/10/2025,Central market,Carrot,13.69,Retail
Eastern,New Juaben South Municipal,02/10/2025,Central market,Cassava dough,6.51,Retail
Eastern,New Juaben South Municipal,02/10/2025,Central market,Plantain riped,9.31,Retail
Eastern,New Juaben South Municipal,02/10/2025,Central market,Yam puna,16.67,Retail
Eastern,New Juaben South Municipal,02/10/2025,Central market,Unshelled groundnut,24.24,Retail
Western North,Bibiani Anhwiaso Bekwai Municipal,01/10/2025,Bibiani ,White maize,7.22,Retail
Western North,Bibiani Anhwiaso Bekwai Municipal,01/10/2025,Bibiani ,Maize yellow,7.59,Retail
Western North,Bibiani Anhwiaso Bekwai Municipal,01/10/2025,Bibiani ,Millet,110.00,Retail
Western North,Bibiani Anhwiaso Bekwai Municipal,01/10/2025,Bibiani ,Rice local perfumed,15.07,Retail
Western North,Bibiani Anhwiaso Bekwai Municipal,01/10/2025,Bibiani ,Rice local non perfumed,12.56,Retail
Western North,Bibiani Anhwiaso Bekwai Municipal,01/10/2025,Bibiani ,Rice imported perfumed,18.45,Retail
Western North,Bibiani Anhwiaso Bekwai Municipal,01/10/2025,Bibiani ,Rice imported non perfumed,14.53,Retail
Western North,Bibiani Anhwiaso Bekwai Municipal,01/10/2025,Bibiani ,Yam white,5.61,Retail
Western North,Bibiani Anhwiaso Bekwai Municipal,01/10/2025,Bibiani ,Cocoyam,19.02,Retail
Western North,Bibiani Anhwiaso Bekwai Municipal,01/10/2025,Bibiani ,Cassava,3.41,Retail
Western North,Bibiani Anhwiaso Bekwai Municipal,01/10/2025,Bibiani ,Gari,17.92,Retail
Western North,Bibiani Anhwiaso Bekwai Municipal,01/10/2025,Bibiani ,Dried cassava powder kokonte,12.92,Retail
Western North,Bibiani Anhwiaso Bekwai Municipal,01/10/2025,Bibiani ,Plantain apentu,18.28,Retail
Western North,Bibiani Anhwiaso Bekwai Municipal,01/10/2025,Bibiani ,Plantain apem,21.75,Retail
Western North,Bibiani Anhwiaso Bekwai Municipal,01/10/2025,Bibiani ,Pineapple,16.73,Retail
Western North,Bibiani Anhwiaso Bekwai Municipal,01/10/2025,Bibiani ,Tomato local,18.16,Retail
Western North,Bibiani Anhwiaso Bekwai Municipal,01/10/2025,Bibiani ,Garden egg,19.07,Retail
Western North,Bibiani Anhwiaso Bekwai Municipal,01/10/2025,Bibiani ,Okro fresh,31.00,Retail
Western North,Bibiani Anhwiaso Bekwai Municipal,01/10/2025,Bibiani ,Onion,32.71,Retail
Western North,Bibiani Anhwiaso Bekwai Municipal,01/10/2025,Bibiani ,Ginger,41.45,Retail
Western North,Bibiani Anhwiaso Bekwai Municipal,01/10/2025,Bibiani ,Dried pepper,32.22,Retail
Western North,Bibiani Anhwiaso Bekwai Municipal,01/10/2025,Bibiani ,Fresh pepper,28.12,Retail
Western North,Bibiani Anhwiaso Bekwai Municipal,01/10/2025,Bibiani ,Groundnut red,30.83,Retail
Western North,Bibiani Anhwiaso Bekwai Municipal,01/10/2025,Bibiani ,Cowpea white,40.00,Retail
Western North,Bibiani Anhwiaso Bekwai Municipal,01/10/2025,Bibiani ,Palm oil,44.50,Retail
Western North,Bibiani Anhwiaso Bekwai Municipal,01/10/2025,Bibiani ,Nkontomire,20.56,Retail
Western North,Bibiani Anhwiaso Bekwai Municipal,01/10/2025,Bibiani ,Cabbage,16.30,Retail
Western North,Bibiani Anhwiaso Bekwai Municipal,01/10/2025,Bibiani ,Carrot,14.62,Retail
Western North,Bibiani Anhwiaso Bekwai Municipal,01/10/2025,Bibiani ,Pawpaw,12.33,Retail
Western North,Bibiani Anhwiaso Bekwai Municipal,01/10/2025,Bibiani ,Mutton sheep meat,96.97,Retail
Western North,Bibiani Anhwiaso Bekwai Municipal,01/10/2025,Bibiani ,Chevon goat meat,109.09,Retail
Western North,Bibiani Anhwiaso Bekwai Municipal,01/10/2025,Bibiani ,Cassava dough,6.86,Retail
Western North,Bibiani Anhwiaso Bekwai Municipal,01/10/2025,Bibiani ,Yam puna,9.54,Retail
Western North,Bibiani Anhwiaso Bekwai Municipal,01/10/2025,Bibiani ,Tomato navrongo,22.92,Retail
Western North,Bibiani Anhwiaso Bekwai Municipal,01/10/2025,Bibiani ,Coconut fresh,13.17,Retail
Western North,Bibiani Anhwiaso Bekwai Municipal,01/10/2025,Bibiani ,Okro dried,111.25,Retail
Western North,Bibiani Anhwiaso Bekwai Municipal,01/10/2025,Bibiani ,Unshelled groundnut,12.19,Retail
Western North,Bibiani Anhwiaso Bekwai Municipal,01/10/2025,Bibiani ,Dried cassava chips kokonte,9.32,Retail
Ahafo,Asunafo North Municipal,03/10/2025,Goaso,White maize,6.88,Retail
Ahafo,Asunafo North Municipal,03/10/2025,Goaso,Maize yellow,6.98,Retail
Ahafo,Asunafo North Municipal,03/10/2025,Goaso,Millet,13.67,Retail
Ahafo,Asunafo North Municipal,03/10/2025,Goaso,Rice local perfumed,11.33,Retail
Ahafo,Asunafo North Municipal,03/10/2025,Goaso,Cocoyam,9.28,Retail
Ahafo,Asunafo North Municipal,03/10/2025,Goaso,Gari,10.83,Retail
Ahafo,Asunafo North Municipal,03/10/2025,Goaso,Dried cassava powder kokonte,10.00,Retail
Ahafo,Asunafo North Municipal,03/10/2025,Goaso,Plantain apentu,8.67,Retail
Ahafo,Asunafo North Municipal,03/10/2025,Goaso,Plantain apem,9.14,Retail
Ahafo,Asunafo North Municipal,03/10/2025,Goaso,Orange,6.55,Retail
Ahafo,Asunafo North Municipal,03/10/2025,Goaso,Tomato local,9.39,Retail
Ahafo,Asunafo North Municipal,03/10/2025,Goaso,Garden egg,11.67,Retail
Ahafo,Asunafo North Municipal,03/10/2025,Goaso,Okro fresh,12.59,Retail
Ahafo,Asunafo North Municipal,03/10/2025,Goaso,Ginger,22.22,Retail
Ahafo,Asunafo North Municipal,03/10/2025,Goaso,Fresh pepper bonnet,19.45,Retail
Ahafo,Asunafo North Municipal,03/10/2025,Goaso,Palm fruit,3.42,Retail
Ahafo,Asunafo North Municipal,03/10/2025,Goaso,Groundnut red,18.67,Retail
Ahafo,Asunafo North Municipal,03/10/2025,Goaso,Cowpea white,14.00,Retail
Ahafo,Asunafo North Municipal,03/10/2025,Goaso,Palm oil,20.00,Retail
Ahafo,Asunafo North Municipal,03/10/2025,Goaso,Egg commercial,51.67,Retail
Ahafo,Asunafo North Municipal,03/10/2025,Goaso,Nkontomire,9.44,Retail
Ahafo,Asunafo North Municipal,03/10/2025,Goaso,Sorghum,12.00,Retail
Ahafo,Asunafo North Municipal,03/10/2025,Goaso,Yam puna,9.01,Retail
Ahafo,Asunafo North Municipal,03/10/2025,Goaso,Tomato navrongo,8.84,Retail
Ahafo,Asunafo North Municipal,03/10/2025,Goaso,Coconut fresh,3.94,Retail
Ahafo,Asunafo North Municipal,03/10/2025,Goaso,Dried cassava chips kokonte,9.84,Retail
Greater Accra,Tema East,27/09/2025,Tema Community One,White maize,10.00,Retail
Greater Accra,Tema East,27/09/2025,Tema Community One,Maize yellow,11.41,Retail
Greater Accra,Tema East,27/09/2025,Tema Community One,Millet,22.50,Retail
Greater Accra,Tema East,27/09/2025,Tema Community One,Rice local perfumed,20.00,Retail
Greater Accra,Tema East,27/09/2025,Tema Community One,Rice imported perfumed,21.33,Retail
Greater Accra,Tema East,27/09/2025,Tema Community One,Cocoyam,25.64,Retail
Greater Accra,Tema East,27/09/2025,Tema Community One,Gari,13.67,Retail
Greater Accra,Tema East,27/09/2025,Tema Community One,Dried cassava powder kokonte,20.00,Retail
Greater Accra,Tema East,27/09/2025,Tema Community One,Plantain apentu,41.07,Retail
Greater Accra,Tema East,27/09/2025,Tema Community One,Plantain apem,62.50,Retail
Greater Accra,Tema East,27/09/2025,Tema Community One,Banana exotic,27.38,Retail
Greater Accra,Tema East,27/09/2025,Tema Community One,Banana local,30.16,Retail
Greater Accra,Tema East,27/09/2025,Tema Community One,Orange,14.29,Retail
Greater Accra,Tema East,27/09/2025,Tema Community One,Watermelon,13.20,Retail
Greater Accra,Tema East,27/09/2025,Tema Community One,Pineapple,18.89,Retail
Greater Accra,Tema East,27/09/2025,Tema Community One,Garden egg,33.33,Retail
Greater Accra,Tema East,27/09/2025,Tema Community One,Okro fresh,83.33,Retail
Greater Accra,Tema East,27/09/2025,Tema Community One,Onion,31.74,Retail
Greater Accra,Tema East,27/09/2025,Tema Community One,Ginger,125.00,Retail
Greater Accra,Tema East,27/09/2025,Tema Community One,Dried pepper,63.89,Retail
Greater Accra,Tema East,27/09/2025,Tema Community One,Fresh pepper,37.78,Retail
Greater Accra,Tema East,27/09/2025,Tema Community One,Fresh pepper bonnet,27.78,Retail
Greater Accra,Tema East,27/09/2025,Tema Community One,Palm fruit,12.00,Retail
Greater Accra,Tema East,27/09/2025,Tema Community One,Groundnut red,34.00,Retail
Greater Accra,Tema East,27/09/2025,Tema Community One,Cowpea white,20.56,Retail
Greater Accra,Tema East,27/09/2025,Tema Community One,Soya bean,20.00,Retail
Greater Accra,Tema East,27/09/2025,Tema Community One,Melon seeds agushi,104.17,Retail
Greater Accra,Tema East,27/09/2025,Tema Community One,Melon seeds agushi powder,100.00,Retail
Greater Accra,Tema East,27/09/2025,Tema Community One,Palm oil,26.67,Retail
Greater Accra,Tema East,27/09/2025,Tema Community One,Beef,50.00,Retail
Greater Accra,Tema East,27/09/2025,Tema Community One,Smoked herring,75.00,Retail
Greater Accra,Tema East,27/09/2025,Tema Community One,Egg commercial,80.00,Retail
Greater Accra,Tema East,27/09/2025,Tema Community One,Chicken,52.00,Retail
Greater Accra,Tema East,27/09/2025,Tema Community One,Nkontomire,50.00,Retail
Greater Accra,Tema East,27/09/2025,Tema Community One,Ademe ayoyo jute mallow,50.00,Retail
Greater Accra,Tema East,27/09/2025,Tema Community One,Cabbage,35.55,Retail
Greater Accra,Tema East,27/09/2025,Tema Community One,Lettuce,50.00,Retail
Greater Accra,Tema East,27/09/2025,Tema Community One,Carrot,62.50,Retail
Greater Accra,Tema East,27/09/2025,Tema Community One,Pawpaw,23.33,Retail
Greater Accra,Tema East,27/09/2025,Tema Community One,Avocado pear,40.00,Retail
Greater Accra,Tema East,27/09/2025,Tema Community One,Bambara bean,26.66,Retail
Greater Accra,Tema East,27/09/2025,Tema Community One,Chevon goat meat,50.00,Retail
Greater Accra,Tema East,27/09/2025,Tema Community One,Sweet potato general white pinkish,30.77,Retail
Greater Accra,Tema East,27/09/2025,Tema Community One,Fresh red fish,69.00,Retail
Greater Accra,Tema East,27/09/2025,Tema Community One,Fresh salmon mackerel fish,41.33,Retail
Greater Accra,Tema East,27/09/2025,Tema Community One,Fresh kpanla fish,38.33,Retail
Greater Accra,Tema East,27/09/2025,Tema Community One,Plantain riped,41.07,Retail
Greater Accra,Tema East,27/09/2025,Tema Community One,Sorghum,22.50,Retail
Greater Accra,Tema East,27/09/2025,Tema Community One,Yam puna,30.71,Retail
Greater Accra,Tema East,27/09/2025,Tema Community One,Tomato navrongo,46.67,Retail
Greater Accra,Tema East,27/09/2025,Tema Community One,Alefu amaranthus,50.00,Retail
Bono,Sunyani Municipal,01/10/2025,Nana Bosomah,White maize,17.15,Retail
Bono,Sunyani Municipal,01/10/2025,Nana Bosomah,Maize yellow,4.23,Retail
Bono,Sunyani Municipal,01/10/2025,Nana Bosomah,Millet,14.58,Retail
Bono,Sunyani Municipal,01/10/2025,Nana Bosomah,Rice local perfumed,12.96,Retail
Bono,Sunyani Municipal,01/10/2025,Nana Bosomah,Rice local non perfumed,10.37,Retail
Bono,Sunyani Municipal,01/10/2025,Nana Bosomah,Rice imported perfumed,17.40,Retail
Bono,Sunyani Municipal,01/10/2025,Nana Bosomah,Rice imported non perfumed,13.33,Retail
Bono,Sunyani Municipal,01/10/2025,Nana Bosomah,Yam white,8.11,Retail
Bono,Sunyani Municipal,01/10/2025,Nana Bosomah,Cocoyam,19.17,Retail
Bono,Sunyani Municipal,01/10/2025,Nana Bosomah,Cassava,3.57,Retail
Bono,Sunyani Municipal,01/10/2025,Nana Bosomah,Gari,12.50,Retail
Bono,Sunyani Municipal,01/10/2025,Nana Bosomah,Dried cassava powder kokonte,20.00,Retail
Bono,Sunyani Municipal,01/10/2025,Nana Bosomah,Plantain apentu,15.13,Retail
Bono,Sunyani Municipal,01/10/2025,Nana Bosomah,Plantain apem,15.13,Retail
Bono,Sunyani Municipal,01/10/2025,Nana Bosomah,Banana exotic,44.44,Retail
Bono,Sunyani Municipal,01/10/2025,Nana Bosomah,Banana local,50.00,Retail
Bono,Sunyani Municipal,01/10/2025,Nana Bosomah,Orange,5.00,Retail
Bono,Sunyani Municipal,01/10/2025,Nana Bosomah,Watermelon,3.59,Retail
Bono,Sunyani Municipal,01/10/2025,Nana Bosomah,Pineapple,4.70,Retail
Bono,Sunyani Municipal,01/10/2025,Nana Bosomah,Garden egg,10.16,Retail
Bono,Sunyani Municipal,01/10/2025,Nana Bosomah,Okro fresh,13.17,Retail
Bono,Sunyani Municipal,01/10/2025,Nana Bosomah,Onion,13.49,Retail
Bono,Sunyani Municipal,01/10/2025,Nana Bosomah,Ginger,32.88,Retail
Bono,Sunyani Municipal,01/10/2025,Nana Bosomah,Dried pepper,133.33,Retail
Bono,Sunyani Municipal,01/10/2025,Nana Bosomah,Fresh pepper bonnet,37.50,Retail
Bono,Sunyani Municipal,01/10/2025,Nana Bosomah,Tiger nut,27.27,Retail
Bono,Sunyani Municipal,01/10/2025,Nana Bosomah,Groundnut red,18.18,Retail
Bono,Sunyani Municipal,01/10/2025,Nana Bosomah,Cowpea white,16.67,Retail
Bono,Sunyani Municipal,01/10/2025,Nana Bosomah,Soya bean,12.50,Retail
Bono,Sunyani Municipal,01/10/2025,Nana Bosomah,Melon seeds agushi,40.00,Retail
Bono,Sunyani Municipal,01/10/2025,Nana Bosomah,Melon seeds agushi powder,47.27,Retail
Bono,Sunyani Municipal,01/10/2025,Nana Bosomah,Melon seeds neri,26.67,Retail
Bono,Sunyani Municipal,01/10/2025,Nana Bosomah,Melon seeds neri powder,29.41,Retail
Bono,Sunyani Municipal,01/10/2025,Nana Bosomah,Palm oil,26.67,Retail
Bono,Sunyani Municipal,01/10/2025,Nana Bosomah,Beef,100.00,Retail
Bono,Sunyani Municipal,01/10/2025,Nana Bosomah,Smoked herring,100.00,Retail
Bono,Sunyani Municipal,01/10/2025,Nana Bosomah,Salted dried tilapia koobi,388.89,Retail
Bono,Sunyani Municipal,01/10/2025,Nana Bosomah,Anchovy,200.00,Retail
Bono,Sunyani Municipal,01/10/2025,Nana Bosomah,Egg commercial,45.00,Retail
Bono,Sunyani Municipal,01/10/2025,Nana Bosomah,Chicken,55.00,Retail
Bono,Sunyani Municipal,01/10/2025,Nana Bosomah,Nkontomire,20.00,Retail
Bono,Sunyani Municipal,01/10/2025,Nana Bosomah,Ademe ayoyo jute mallow,20.00,Retail
Bono,Sunyani Municipal,01/10/2025,Nana Bosomah,Cabbage,2.68,Retail
Bono,Sunyani Municipal,01/10/2025,Nana Bosomah,Lettuce,50.00,Retail
Bono,Sunyani Municipal,01/10/2025,Nana Bosomah,Carrot,100.00,Retail
Bono,Sunyani Municipal,01/10/2025,Nana Bosomah,Bambara bean,28.85,Retail
Bono,Sunyani Municipal,01/10/2025,Nana Bosomah,Mutton sheep meat,160.00,Retail
Bono,Sunyani Municipal,01/10/2025,Nana Bosomah,Chevon goat meat,160.00,Retail
Bono,Sunyani Municipal,01/10/2025,Nana Bosomah,Sweet potato general white pinkish,10.72,Retail
Bono,Sunyani Municipal,01/10/2025,Nana Bosomah,Fresh red fish,55.00,Retail
Bono,Sunyani Municipal,01/10/2025,Nana Bosomah,Fresh salmon mackerel fish,42.00,Retail
Bono,Sunyani Municipal,01/10/2025,Nana Bosomah,Fresh kpanla fish,40.00,Retail
Bono,Sunyani Municipal,01/10/2025,Nana Bosomah,Sorghum,14.00,Retail
Bono,Sunyani Municipal,01/10/2025,Nana Bosomah,Yam puna,10.14,Retail
Bono,Sunyani Municipal,01/10/2025,Nana Bosomah,Tomato navrongo,26.09,Retail
Bono,Sunyani Municipal,01/10/2025,Nana Bosomah,Alefu amaranthus,20.00,Retail
Bono,Sunyani Municipal,01/10/2025,Nana Bosomah,Coconut fresh,1.97,Retail
Bono,Sunyani Municipal,01/10/2025,Nana Bosomah,Okro dried,53.33,Retail
Bono,Sunyani Municipal,01/10/2025,Nana Bosomah,Dried cassava chips kokonte,6.69,Retail
Bono,Sunyani Municipal,01/10/2025,Nana Bosomah,Fresh cow milk,33.33,Retail
Bono,Sunyani Municipal,01/10/2025,Nana Bosomah,Sweet potato,40.00,Retail
Upper West,Wa Municipal,06/10/2025,Wa,White maize,4.76,Retail
Upper West,Wa Municipal,06/10/2025,Wa,Maize yellow,4.64,Retail
Upper West,Wa Municipal,06/10/2025,Wa,Millet,10.00,Retail
Upper West,Wa Municipal,06/10/2025,Wa,Rice local perfumed,13.79,Retail
Upper West,Wa Municipal,06/10/2025,Wa,Rice local non perfumed,10.34,Retail
Upper West,Wa Municipal,06/10/2025,Wa,Rice imported perfumed,17.82,Retail
Upper West,Wa Municipal,06/10/2025,Wa,Rice imported non perfumed,12.07,Retail
Upper West,Wa Municipal,06/10/2025,Wa,Yam white,8.03,Retail
Upper West,Wa Municipal,06/10/2025,Wa,Gari,9.89,Retail
Upper West,Wa Municipal,06/10/2025,Wa,Dried cassava powder kokonte,26.95,Retail
Upper West,Wa Municipal,06/10/2025,Wa,Tomato local,5.56,Retail
Upper West,Wa Municipal,06/10/2025,Wa,Garden egg,4.76,Retail
Upper West,Wa Municipal,06/10/2025,Wa,Okro fresh,50.00,Retail
Upper West,Wa Municipal,06/10/2025,Wa,Dried pepper,61.54,Retail
Upper West,Wa Municipal,06/10/2025,Wa,Fresh pepper,36.11,Retail
Upper West,Wa Municipal,06/10/2025,Wa,Fresh pepper bonnet,33.33,Retail
Upper West,Wa Municipal,06/10/2025,Wa,Groundnut red,13.04,Retail
Upper West,Wa Municipal,06/10/2025,Wa,Cowpea white,21.74,Retail
Upper West,Wa Municipal,06/10/2025,Wa,Soya bean,5.33,Retail
Upper West,Wa Municipal,06/10/2025,Wa,Melon seeds agushi,60.55,Retail
Upper West,Wa Municipal,06/10/2025,Wa,Melon seeds agushi powder,12.08,Retail
Upper West,Wa Municipal,06/10/2025,Wa,Melon seeds neri,15.28,Retail
Upper West,Wa Municipal,06/10/2025,Wa,Melon seeds neri powder,5.64,Retail
Upper West,Wa Municipal,06/10/2025,Wa,Egg commercial,110.00,Retail
Upper West,Wa Municipal,06/10/2025,Wa,Nkontomire,7.78,Retail
Upper West,Wa Municipal,06/10/2025,Wa,Lettuce,25.56,Retail
Upper West,Wa Municipal,06/10/2025,Wa,Carrot,18.89,Retail
Upper West,Wa Municipal,06/10/2025,Wa,Bambara bean,22.92,Retail
Upper West,Wa Municipal,06/10/2025,Wa,Sorghum,6.15,Retail
Upper West,Wa Municipal,06/10/2025,Wa,Yam puna,16.44,Retail
Upper West,Wa Municipal,06/10/2025,Wa,Tomato navrongo,7.22,Retail
Upper West,Wa Municipal,06/10/2025,Wa,Okro dried,50.00,Retail
Upper West,Wa Municipal,06/10/2025,Wa,Unshelled groundnut,7.37,Retail
Upper West,Wa Municipal,06/10/2025,Wa,Dried cassava chips kokonte,13.16,Retail
Upper West,Wa Municipal,06/10/2025,Wa,Groundnut Oil,29.79,Retail
North East,East Mamprusi Municipal,24/09/2025,Gbintiri,White maize,3.53,Retail
North East,East Mamprusi Municipal,24/09/2025,Gbintiri,Maize yellow,3.59,Retail
North East,East Mamprusi Municipal,24/09/2025,Gbintiri,Millet,7.69,Retail
North East,East Mamprusi Municipal,24/09/2025,Gbintiri,Rice local non perfumed,14.38,Retail
North East,East Mamprusi Municipal,24/09/2025,Gbintiri,Gari,14.80,Retail
North East,East Mamprusi Municipal,24/09/2025,Gbintiri,Dried pepper,24.55,Retail
North East,East Mamprusi Municipal,24/09/2025,Gbintiri,Groundnut red,10.85,Retail
North East,East Mamprusi Municipal,24/09/2025,Gbintiri,Cowpea white,15.20,Retail
North East,East Mamprusi Municipal,24/09/2025,Gbintiri,Melon seeds neri,8.14,Retail
North East,East Mamprusi Municipal,24/09/2025,Gbintiri,Sorghum,7.56,Retail
North East,East Mamprusi Municipal,24/09/2025,Gbintiri,Okro dried,55.45,Retail
North East,East Mamprusi Municipal,24/09/2025,Gbintiri,Unshelled groundnut,6.44,Retail
Central,Mfantsiman Municipal,08/10/2025,Mankessim,White maize,3.95,Retail
Central,Mfantsiman Municipal,08/10/2025,Mankessim,Maize yellow,4.33,Retail
Central,Mfantsiman Municipal,08/10/2025,Mankessim,Millet,20.78,Retail
Central,Mfantsiman Municipal,08/10/2025,Mankessim,Rice local perfumed,23.98,Retail
Central,Mfantsiman Municipal,08/10/2025,Mankessim,Rice local non perfumed,17.23,Retail
Central,Mfantsiman Municipal,08/10/2025,Mankessim,Rice imported perfumed,22.50,Retail
Central,Mfantsiman Municipal,08/10/2025,Mankessim,Rice imported non perfumed,13.33,Retail
Central,Mfantsiman Municipal,08/10/2025,Mankessim,Cocoyam,20.09,Retail
Central,Mfantsiman Municipal,08/10/2025,Mankessim,Cassava,6.37,Retail
Central,Mfantsiman Municipal,08/10/2025,Mankessim,Gari,13.51,Retail
Central,Mfantsiman Municipal,08/10/2025,Mankessim,Dried cassava powder kokonte,11.32,Retail
Central,Mfantsiman Municipal,08/10/2025,Mankessim,Plantain apentu,9.61,Retail
Central,Mfantsiman Municipal,08/10/2025,Mankessim,Plantain apem,10.76,Retail
Central,Mfantsiman Municipal,08/10/2025,Mankessim,Banana exotic,12.85,Retail
Central,Mfantsiman Municipal,08/10/2025,Mankessim,Banana local,15.67,Retail
Central,Mfantsiman Municipal,08/10/2025,Mankessim,Orange,8.33,Retail
Central,Mfantsiman Municipal,08/10/2025,Mankessim,Watermelon,6.10,Retail
Central,Mfantsiman Municipal,08/10/2025,Mankessim,Pineapple,7.68,Retail
Central,Mfantsiman Municipal,08/10/2025,Mankessim,Tomato local,9.92,Retail
Central,Mfantsiman Municipal,08/10/2025,Mankessim,Garden egg,12.79,Retail
Central,Mfantsiman Municipal,08/10/2025,Mankessim,Okro fresh,13.84,Retail
Central,Mfantsiman Municipal,08/10/2025,Mankessim,Onion,9.06,Retail
Central,Mfantsiman Municipal,08/10/2025,Mankessim,Ginger,65.96,Retail
Central,Mfantsiman Municipal,08/10/2025,Mankessim,Dried pepper,116.54,Retail
Central,Mfantsiman Municipal,08/10/2025,Mankessim,Fresh pepper,72.65,Retail
Central,Mfantsiman Municipal,08/10/2025,Mankessim,Fresh pepper bonnet,26.64,Retail
Central,Mfantsiman Municipal,08/10/2025,Mankessim,Palm fruit,9.10,Retail
Central,Mfantsiman Municipal,08/10/2025,Mankessim,Tiger nut,60.63,Retail
Central,Mfantsiman Municipal,08/10/2025,Mankessim,Groundnut red,26.84,Retail
Central,Mfantsiman Municipal,08/10/2025,Mankessim,Cowpea white,25.24,Retail
Central,Mfantsiman Municipal,08/10/2025,Mankessim,Soya bean,18.33,Retail
Central,Mfantsiman Municipal,08/10/2025,Mankessim,Melon seeds agushi,63.03,Retail
Central,Mfantsiman Municipal,08/10/2025,Mankessim,Melon seeds agushi powder,75.00,Retail
Central,Mfantsiman Municipal,08/10/2025,Mankessim,Melon seeds neri,15.86,Retail
Central,Mfantsiman Municipal,08/10/2025,Mankessim,Melon seeds neri powder,20.00,Retail
Central,Mfantsiman Municipal,08/10/2025,Mankessim,Palm oil,23.33,Retail
Central,Mfantsiman Municipal,08/10/2025,Mankessim,Coconut oil,50.00,Retail
Central,Mfantsiman Municipal,08/10/2025,Mankessim,Beef,60.00,Retail
Central,Mfantsiman Municipal,08/10/2025,Mankessim,Smoked herring,54.82,Retail
Central,Mfantsiman Municipal,08/10/2025,Mankessim,Salted dried tilapia koobi,84.22,Retail
Central,Mfantsiman Municipal,08/10/2025,Mankessim,Anchovy,84.29,Retail
Central,Mfantsiman Municipal,08/10/2025,Mankessim,Kako,99.41,Retail
Central,Mfantsiman Municipal,08/10/2025,Mankessim,Egg commercial,61.25,Retail
Central,Mfantsiman Municipal,08/10/2025,Mankessim,Chicken,42.75,Retail
Central,Mfantsiman Municipal,08/10/2025,Mankessim,Nkontomire,9.32,Retail
Central,Mfantsiman Municipal,08/10/2025,Mankessim,Ademe ayoyo jute mallow,10.83,Retail
Central,Mfantsiman Municipal,08/10/2025,Mankessim,Cabbage,9.62,Retail
Central,Mfantsiman Municipal,08/10/2025,Mankessim,Lettuce,26.77,Retail
Central,Mfantsiman Municipal,08/10/2025,Mankessim,Carrot,16.46,Retail
Central,Mfantsiman Municipal,08/10/2025,Mankessim,Pawpaw,8.56,Retail
Central,Mfantsiman Municipal,08/10/2025,Mankessim,Bambara bean,29.80,Retail
Central,Mfantsiman Municipal,08/10/2025,Mankessim,Mutton sheep meat,60.00,Retail
Central,Mfantsiman Municipal,08/10/2025,Mankessim,Chevon goat meat,60.00,Retail
Central,Mfantsiman Municipal,08/10/2025,Mankessim,Snail,66.93,Retail
Central,Mfantsiman Municipal,08/10/2025,Mankessim,Sweet potato general white pinkish,11.55,Retail
Central,Mfantsiman Municipal,08/10/2025,Mankessim,Cassava dough,7.90,Retail
Central,Mfantsiman Municipal,08/10/2025,Mankessim,Fresh red fish,50.00,Retail
Central,Mfantsiman Municipal,08/10/2025,Mankessim,Fresh salmon mackerel fish,40.00,Retail
Central,Mfantsiman Municipal,08/10/2025,Mankessim,Fresh kpanla fish,33.33,Retail
Central,Mfantsiman Municipal,08/10/2025,Mankessim,Plantain riped,8.92,Retail
Central,Mfantsiman Municipal,08/10/2025,Mankessim,Yam puna,11.32,Retail
Central,Mfantsiman Municipal,08/10/2025,Mankessim,Tomato navrongo,13.00,Retail
Central,Mfantsiman Municipal,08/10/2025,Mankessim,Coconut fresh,4.23,Retail
Bono East,Techiman Municipal,06/10/2025,Techiman,White maize,4.75,Retail
Bono East,Techiman Municipal,06/10/2025,Techiman,Maize yellow,5.43,Retail
Bono East,Techiman Municipal,06/10/2025,Techiman,Millet,12.17,Retail
Bono East,Techiman Municipal,06/10/2025,Techiman,Rice local perfumed,12.56,Retail
Bono East,Techiman Municipal,06/10/2025,Techiman,Rice local non perfumed,10.84,Retail
Bono East,Techiman Municipal,06/10/2025,Techiman,Rice imported perfumed,19.67,Retail
Bono East,Techiman Municipal,06/10/2025,Techiman,Rice imported non perfumed,14.09,Retail
Bono East,Techiman Municipal,06/10/2025,Techiman,Yam white,8.11,Retail
Bono East,Techiman Municipal,06/10/2025,Techiman,Cocoyam,25.26,Retail
Bono East,Techiman Municipal,06/10/2025,Techiman,Cassava,2.07,Retail
Bono East,Techiman Municipal,06/10/2025,Techiman,Gari,11.67,Retail
Bono East,Techiman Municipal,06/10/2025,Techiman,Dried cassava powder kokonte,9.66,Retail
Bono East,Techiman Municipal,06/10/2025,Techiman,Plantain apentu,10.07,Retail
Bono East,Techiman Municipal,06/10/2025,Techiman,Plantain apem,12.04,Retail
Bono East,Techiman Municipal,06/10/2025,Techiman,Banana exotic,19.63,Retail
Bono East,Techiman Municipal,06/10/2025,Techiman,Banana local,18.79,Retail
Bono East,Techiman Municipal,06/10/2025,Techiman,Orange,6.53,Retail
Bono East,Techiman Municipal,06/10/2025,Techiman,Pineapple,11.84,Retail
Bono East,Techiman Municipal,06/10/2025,Techiman,Garden egg,8.49,Retail
Bono East,Techiman Municipal,06/10/2025,Techiman,Okro fresh,16.39,Retail
Bono East,Techiman Municipal,06/10/2025,Techiman,Onion,12.04,Retail
Bono East,Techiman Municipal,06/10/2025,Techiman,Ginger,46.67,Retail
Bono East,Techiman Municipal,06/10/2025,Techiman,Dried pepper,120.83,Retail
Bono East,Techiman Municipal,06/10/2025,Techiman,Fresh pepper bonnet,17.36,Retail
Bono East,Techiman Municipal,06/10/2025,Techiman,Palm fruit,9.26,Retail
Bono East,Techiman Municipal,06/10/2025,Techiman,Tiger nut,14.17,Retail
Bono East,Techiman Municipal,06/10/2025,Techiman,Groundnut red,18.83,Retail
Bono East,Techiman Municipal,06/10/2025,Techiman,Cowpea white,18.52,Retail
Bono East,Techiman Municipal,06/10/2025,Techiman,Soya bean,9.26,Retail
Bono East,Techiman Municipal,06/10/2025,Techiman,Melon seeds agushi,48.33,Retail
Bono East,Techiman Municipal,06/10/2025,Techiman,Melon seeds neri,15.50,Retail
Bono East,Techiman Municipal,06/10/2025,Techiman,Palm oil,31.91,Retail
Bono East,Techiman Municipal,06/10/2025,Techiman,Beef,110.00,Retail
Bono East,Techiman Municipal,06/10/2025,Techiman,Smoked herring,116.67,Retail
Bono East,Techiman Municipal,06/10/2025,Techiman,Anchovy,68.35,Retail
Bono East,Techiman Municipal,06/10/2025,Techiman,Egg commercial,57.67,Retail
Bono East,Techiman Municipal,06/10/2025,Techiman,Chicken,43.33,Retail
Bono East,Techiman Municipal,06/10/2025,Techiman,Nkontomire,12.04,Retail
Bono East,Techiman Municipal,06/10/2025,Techiman,Ademe ayoyo jute mallow,8.49,Retail
Bono East,Techiman Municipal,06/10/2025,Techiman,Lettuce,14.17,Retail
Bono East,Techiman Municipal,06/10/2025,Techiman,Carrot,12.50,Retail
Bono East,Techiman Municipal,06/10/2025,Techiman,Pawpaw,3.86,Retail
Bono East,Techiman Municipal,06/10/2025,Techiman,Bambara bean,23.54,Retail
Bono East,Techiman Municipal,06/10/2025,Techiman,Mutton sheep meat,130.00,Retail
Bono East,Techiman Municipal,06/10/2025,Techiman,Chevon goat meat,130.00,Retail
Bono East,Techiman Municipal,06/10/2025,Techiman,Cassava dough,6.06,Retail
Bono East,Techiman Municipal,06/10/2025,Techiman,Fresh red fish,60.67,Retail
Bono East,Techiman Municipal,06/10/2025,Techiman,Fresh salmon mackerel fish,65.00,Retail
Bono East,Techiman Municipal,06/10/2025,Techiman,Fresh kpanla fish,40.67,Retail
Bono East,Techiman Municipal,06/10/2025,Techiman,Plantain riped,16.74,Retail
Bono East,Techiman Municipal,06/10/2025,Techiman,Sorghum,9.26,Retail
Bono East,Techiman Municipal,06/10/2025,Techiman,Yam puna,11.20,Retail
Bono East,Techiman Municipal,06/10/2025,Techiman,Tomato navrongo,23.45,Retail
Bono East,Techiman Municipal,06/10/2025,Techiman,Alefu amaranthus,9.44,Retail
Bono East,Techiman Municipal,06/10/2025,Techiman,Coconut fresh,6.00,Retail
Bono East,Techiman Municipal,06/10/2025,Techiman,Unshelled groundnut,25.24,Retail
Bono East,Techiman Municipal,06/10/2025,Techiman,Dried cassava chips kokonte,7.80,Retail
Ahafo,Asunafo North Municipal,09/10/2025,Goaso,White maize,6.46,Retail
Ahafo,Asunafo North Municipal,09/10/2025,Goaso,Maize yellow,6.60,Retail
Ahafo,Asunafo North Municipal,09/10/2025,Goaso,Millet,14.83,Retail
Ahafo,Asunafo North Municipal,09/10/2025,Goaso,Rice local perfumed,14.50,Retail
Ahafo,Asunafo North Municipal,09/10/2025,Goaso,Cocoyam,10.37,Retail
Ahafo,Asunafo North Municipal,09/10/2025,Goaso,Gari,11.67,Retail
Ahafo,Asunafo North Municipal,09/10/2025,Goaso,Plantain apentu,8.37,Retail
Ahafo,Asunafo North Municipal,09/10/2025,Goaso,Groundnut red,20.00,Retail
Ahafo,Asunafo North Municipal,09/10/2025,Goaso,Cowpea white,13.33,Retail
Ahafo,Asunafo North Municipal,09/10/2025,Goaso,Palm oil,20.00,Retail
Ahafo,Asunafo North Municipal,09/10/2025,Goaso,Egg commercial,51.67,Retail
Ahafo,Asunafo North Municipal,09/10/2025,Goaso,Sorghum,14.00,Retail
Ahafo,Asunafo North Municipal,09/10/2025,Goaso,Yam puna,9.28,Retail
Eastern,New Juaben South Municipal,10/10/2025,Koforidua Central,Rice imported perfumed,16.40,Retail
Eastern,New Juaben South Municipal,10/10/2025,Koforidua Central,Yam white,6.76,Retail
Eastern,New Juaben South Municipal,10/10/2025,Koforidua Central,Plantain apentu,14.33,Retail
Eastern,New Juaben South Municipal,10/10/2025,Koforidua Central,Plantain apem,10.38,Retail
Eastern,New Juaben South Municipal,10/10/2025,Koforidua Central,Watermelon,4.85,Retail
Eastern,New Juaben South Municipal,10/10/2025,Koforidua Central,Pineapple,13.33,Retail
Eastern,New Juaben South Municipal,10/10/2025,Koforidua Central,Tomato local,9.14,Retail
Eastern,New Juaben South Municipal,10/10/2025,Koforidua Central,Garden egg,7.66,Retail
Eastern,New Juaben South Municipal,10/10/2025,Koforidua Central,Ginger,41.67,Retail
Eastern,New Juaben South Municipal,10/10/2025,Koforidua Central,Fresh pepper,9.44,Retail
Eastern,New Juaben South Municipal,10/10/2025,Koforidua Central,Fresh pepper bonnet,13.69,Retail
Eastern,New Juaben South Municipal,10/10/2025,Koforidua Central,Yam puna,21.93,Retail
Western North,Bibiani Anhwiaso Bekwai Municipal,18/09/2025, Bibiani ,White maize,6.54,Retail
Western North,Bibiani Anhwiaso Bekwai Municipal,18/09/2025, Bibiani ,Maize yellow,8.60,Retail
Western North,Bibiani Anhwiaso Bekwai Municipal,18/09/2025, Bibiani ,Millet,21.39,Retail
Western North,Bibiani Anhwiaso Bekwai Municipal,18/09/2025, Bibiani ,Rice local perfumed,37.78,Retail
Western North,Bibiani Anhwiaso Bekwai Municipal,18/09/2025, Bibiani ,Rice local non perfumed,32.22,Retail
Western North,Bibiani Anhwiaso Bekwai Municipal,18/09/2025, Bibiani ,Rice imported perfumed,29.79,Retail
Western North,Bibiani Anhwiaso Bekwai Municipal,18/09/2025, Bibiani ,Rice imported non perfumed,25.28,Retail
Western North,Bibiani Anhwiaso Bekwai Municipal,18/09/2025, Bibiani ,Yam white,14.97,Retail
Western North,Bibiani Anhwiaso Bekwai Municipal,18/09/2025, Bibiani ,Cocoyam,18.76,Retail
Western North,Bibiani Anhwiaso Bekwai Municipal,18/09/2025, Bibiani ,Gari,20.83,Retail
Western North,Bibiani Anhwiaso Bekwai Municipal,18/09/2025, Bibiani ,Banana local,8.24,Retail
Western North,Bibiani Anhwiaso Bekwai Municipal,18/09/2025, Bibiani ,Watermelon,10.52,Retail
Western North,Bibiani Anhwiaso Bekwai Municipal,18/09/2025, Bibiani ,Pineapple,12.91,Retail
Western North,Bibiani Anhwiaso Bekwai Municipal,18/09/2025, Bibiani ,Tomato local,12.00,Retail
Western North,Bibiani Anhwiaso Bekwai Municipal,18/09/2025, Bibiani ,Garden egg,14.63,Retail
Western North,Bibiani Anhwiaso Bekwai Municipal,18/09/2025, Bibiani ,Okro fresh,21.29,Retail
Western North,Bibiani Anhwiaso Bekwai Municipal,18/09/2025, Bibiani ,Onion,27.66,Retail
Western North,Bibiani Anhwiaso Bekwai Municipal,18/09/2025, Bibiani ,Ginger,41.93,Retail
Western North,Bibiani Anhwiaso Bekwai Municipal,18/09/2025, Bibiani ,Dried pepper,28.92,Retail
Western North,Bibiani Anhwiaso Bekwai Municipal,18/09/2025, Bibiani ,Fresh pepper,35.76,Retail
Western North,Bibiani Anhwiaso Bekwai Municipal,18/09/2025, Bibiani ,Fresh pepper bonnet,40.81,Retail
Western North,Bibiani Anhwiaso Bekwai Municipal,18/09/2025, Bibiani ,Palm fruit,11.82,Retail
Western North,Bibiani Anhwiaso Bekwai Municipal,18/09/2025, Bibiani ,Groundnut red,28.17,Retail
Western North,Bibiani Anhwiaso Bekwai Municipal,18/09/2025, Bibiani ,Cowpea white,33.61,Retail
Western North,Bibiani Anhwiaso Bekwai Municipal,18/09/2025, Bibiani ,Soya bean,14.72,Retail
Western North,Bibiani Anhwiaso Bekwai Municipal,18/09/2025, Bibiani ,Palm oil,44.67,Retail
Western North,Bibiani Anhwiaso Bekwai Municipal,18/09/2025, Bibiani ,Egg commercial,65.67,Retail
Western North,Bibiani Anhwiaso Bekwai Municipal,18/09/2025, Bibiani ,Nkontomire,15.56,Retail
Western North,Bibiani Anhwiaso Bekwai Municipal,18/09/2025, Bibiani ,Cabbage,24.37,Retail
Western North,Bibiani Anhwiaso Bekwai Municipal,18/09/2025, Bibiani ,Carrot,19.45,Retail
Western North,Bibiani Anhwiaso Bekwai Municipal,18/09/2025, Bibiani ,Pawpaw,8.86,Retail
Western North,Bibiani Anhwiaso Bekwai Municipal,18/09/2025, Bibiani ,Chevon goat meat,113.33,Retail
Western North,Bibiani Anhwiaso Bekwai Municipal,18/09/2025, Bibiani ,Snail,95.83,Retail
Western North,Bibiani Anhwiaso Bekwai Municipal,18/09/2025, Bibiani ,Cassava dough,3.15,Retail
Western North,Bibiani Anhwiaso Bekwai Municipal,18/09/2025, Bibiani ,Fresh kpanla fish,25.73,Retail
Western North,Bibiani Anhwiaso Bekwai Municipal,18/09/2025, Bibiani ,Yam puna,9.09,Retail
Western North,Bibiani Anhwiaso Bekwai Municipal,18/09/2025, Bibiani ,Coconut fresh,8.78,Retail
Western North,Bibiani Anhwiaso Bekwai Municipal,18/09/2025, Bibiani ,Okro dried,197.22,Retail
Western North,Bibiani Anhwiaso Bekwai Municipal,18/09/2025, Bibiani ,Unshelled groundnut,14.59,Retail
Western North,Bibiani Anhwiaso Bekwai Municipal,18/09/2025, Bibiani ,Mango Local,12.75,Retail
Upper East,Garu,10/10/2025,Garu,White maize,3.24,Retail
Upper East,Garu,10/10/2025,Garu,Maize yellow,3.24,Retail
Upper East,Garu,10/10/2025,Garu,Millet,6.88,Retail
Upper East,Garu,10/10/2025,Garu,Rice local non perfumed,8.04,Retail
Upper East,Garu,10/10/2025,Garu,Okro fresh,14.29,Retail
Upper East,Garu,10/10/2025,Garu,Onion,20.00,Retail
Upper East,Garu,10/10/2025,Garu,Dried pepper,48.00,Retail
Upper East,Garu,10/10/2025,Garu,Fresh pepper,40.00,Retail
Upper East,Garu,10/10/2025,Garu,Groundnut red,11.84,Retail
Upper East,Garu,10/10/2025,Garu,Cowpea white,18.42,Retail
Upper East,Garu,10/10/2025,Garu,Soya bean,5.41,Retail
Upper East,Garu,10/10/2025,Garu,Bambara bean,19.47,Retail
Upper East,Garu,10/10/2025,Garu,Sorghum,6.70,Retail
Upper East,Garu,10/10/2025,Garu,Okro dried,34.29,Retail
Upper East,Garu,10/10/2025,Garu,Unshelled groundnut,10.00,Retail
Greater Accra,Tema East,07/10/2025,Tema Community One,White maize,10.00,Retail
Greater Accra,Tema East,07/10/2025,Tema Community One,Maize yellow,11.25,Retail
Greater Accra,Tema East,07/10/2025,Tema Community One,Millet,18.00,Retail
Greater Accra,Tema East,07/10/2025,Tema Community One,Rice local perfumed,18.22,Retail
Greater Accra,Tema East,07/10/2025,Tema Community One,Rice imported perfumed,22.67,Retail
Greater Accra,Tema East,07/10/2025,Tema Community One,Cocoyam,30.77,Retail
Greater Accra,Tema East,07/10/2025,Tema Community One,Gari,23.33,Retail
Greater Accra,Tema East,07/10/2025,Tema Community One,Dried cassava powder kokonte,20.00,Retail
Greater Accra,Tema East,07/10/2025,Tema Community One,Plantain apentu,42.86,Retail
Greater Accra,Tema East,07/10/2025,Tema Community One,Plantain apem,54.17,Retail
Greater Accra,Tema East,07/10/2025,Tema Community One,Banana exotic,25.00,Retail
Greater Accra,Tema East,07/10/2025,Tema Community One,Banana local,25.00,Retail
Greater Accra,Tema East,07/10/2025,Tema Community One,Orange,16.67,Retail
Greater Accra,Tema East,07/10/2025,Tema Community One,Watermelon,14.43,Retail
Greater Accra,Tema East,07/10/2025,Tema Community One,Pineapple,18.89,Retail
Greater Accra,Tema East,07/10/2025,Tema Community One,Garden egg,31.67,Retail
Greater Accra,Tema East,07/10/2025,Tema Community One,Okro fresh,72.22,Retail
Greater Accra,Tema East,07/10/2025,Tema Community One,Onion,31.74,Retail
Greater Accra,Tema East,07/10/2025,Tema Community One,Ginger,125.00,Retail
Greater Accra,Tema East,07/10/2025,Tema Community One,Dried pepper,64.45,Retail
Greater Accra,Tema East,07/10/2025,Tema Community One,Fresh pepper,40.00,Retail
Greater Accra,Tema East,07/10/2025,Tema Community One,Fresh pepper bonnet,37.78,Retail
Greater Accra,Tema East,07/10/2025,Tema Community One,Palm fruit,12.00,Retail
Greater Accra,Tema East,07/10/2025,Tema Community One,Groundnut red,30.00,Retail
Greater Accra,Tema East,07/10/2025,Tema Community One,Cowpea white,25.00,Retail
Greater Accra,Tema East,07/10/2025,Tema Community One,Soya bean,18.89,Retail
Greater Accra,Tema East,07/10/2025,Tema Community One,Melon seeds agushi,93.33,Retail
Greater Accra,Tema East,07/10/2025,Tema Community One,Melon seeds agushi powder,100.00,Retail
Greater Accra,Tema East,07/10/2025,Tema Community One,Palm oil,27.78,Retail
Greater Accra,Tema East,07/10/2025,Tema Community One,Beef,50.00,Retail
Greater Accra,Tema East,07/10/2025,Tema Community One,Smoked herring,87.75,Retail
Greater Accra,Tema East,07/10/2025,Tema Community One,Egg commercial,80.00,Retail
Greater Accra,Tema East,07/10/2025,Tema Community One,Chicken,52.67,Retail
Greater Accra,Tema East,07/10/2025,Tema Community One,Nkontomire,44.44,Retail
Greater Accra,Tema East,07/10/2025,Tema Community One,Ademe ayoyo jute mallow,41.67,Retail
Greater Accra,Tema East,07/10/2025,Tema Community One,Cabbage,35.55,Retail
Greater Accra,Tema East,07/10/2025,Tema Community One,Lettuce,50.00,Retail
Greater Accra,Tema East,07/10/2025,Tema Community One,Carrot,54.17,Retail
Greater Accra,Tema East,07/10/2025,Tema Community One,Pawpaw,23.33,Retail
Greater Accra,Tema East,07/10/2025,Tema Community One,Avocado pear,40.00,Retail
Greater Accra,Tema East,07/10/2025,Tema Community One,Bambara bean,30.16,Retail
Greater Accra,Tema East,07/10/2025,Tema Community One,Chevon goat meat,50.00,Retail
Greater Accra,Tema East,07/10/2025,Tema Community One,Sweet potato general white pinkish,35.26,Retail
Greater Accra,Tema East,07/10/2025,Tema Community One,Fresh red fish,69.33,Retail
Greater Accra,Tema East,07/10/2025,Tema Community One,Fresh salmon mackerel fish,41.33,Retail
Greater Accra,Tema East,07/10/2025,Tema Community One,Fresh kpanla fish,39.33,Retail
Greater Accra,Tema East,07/10/2025,Tema Community One,Plantain riped,42.86,Retail
Greater Accra,Tema East,07/10/2025,Tema Community One,Sorghum,22.50,Retail
Greater Accra,Tema East,07/10/2025,Tema Community One,Yam puna,31.11,Retail
Greater Accra,Tema East,07/10/2025,Tema Community One,Tomato navrongo,35.55,Retail
Greater Accra,Tema East,07/10/2025,Tema Community One,Alefu amaranthus,41.67,Retail
Savannah,Bole,11/10/2025,Bamboi,White maize,6.06,Retail
Savannah,Bole,11/10/2025,Bamboi,Maize yellow,6.00,Retail
Savannah,Bole,11/10/2025,Bamboi,Millet,14.58,Retail
Savannah,Bole,11/10/2025,Bamboi,Rice local perfumed,14.58,Retail
Savannah,Bole,11/10/2025,Bamboi,Rice local non perfumed,12.50,Retail
Savannah,Bole,11/10/2025,Bamboi,Rice imported perfumed,20.83,Retail
Savannah,Bole,11/10/2025,Bamboi,Rice imported non perfumed,16.67,Retail
Savannah,Bole,11/10/2025,Bamboi,Yam white,15.68,Retail
Savannah,Bole,11/10/2025,Bamboi,Gari,13.89,Retail
Savannah,Bole,11/10/2025,Bamboi,Tomato local,8.14,Retail
Savannah,Bole,11/10/2025,Bamboi,Garden egg,14.82,Retail
Savannah,Bole,11/10/2025,Bamboi,Okro fresh,15.00,Retail
Savannah,Bole,11/10/2025,Bamboi,Onion,9.69,Retail
Savannah,Bole,11/10/2025,Bamboi,Dried pepper,11.88,Retail
Savannah,Bole,11/10/2025,Bamboi,Fresh pepper bonnet,11.25,Retail
Savannah,Bole,11/10/2025,Bamboi,Palm fruit,11.14,Retail
Savannah,Bole,11/10/2025,Bamboi,Groundnut red,16.35,Retail
Savannah,Bole,11/10/2025,Bamboi,Cowpea white,16.35,Retail
Savannah,Bole,11/10/2025,Bamboi,Soya bean,12.00,Retail
Savannah,Bole,11/10/2025,Bamboi,Melon seeds agushi powder,20.42,Retail
Savannah,Bole,11/10/2025,Bamboi,Melon seeds neri powder,21.25,Retail
Savannah,Bole,11/10/2025,Bamboi,Palm oil,20.00,Retail
Savannah,Bole,11/10/2025,Bamboi,Beef,80.00,Retail
Savannah,Bole,11/10/2025,Bamboi,Egg commercial,52.50,Retail
Savannah,Bole,11/10/2025,Bamboi,Cabbage,50.63,Retail
Savannah,Bole,11/10/2025,Bamboi,Sorghum,10.42,Retail
Savannah,Bole,11/10/2025,Bamboi,Yam puna,15.31,Retail
Savannah,Bole,11/10/2025,Bamboi,Okro dried,13.54,Retail
Upper East,Garu,12/10/2025,Garu,White maize,2.70,Retail
Upper East,Garu,12/10/2025,Garu,Maize yellow,3.21,Retail
Upper East,Garu,12/10/2025,Garu,Millet,4.69,Retail
Upper East,Garu,12/10/2025,Garu,Groundnut red,12.95,Retail
Upper East,Garu,12/10/2025,Garu,Cowpea white,12.29,Retail
Upper East,Garu,12/10/2025,Garu,Soya bean,5.51,Retail
Upper East,Garu,12/10/2025,Garu,Bambara bean,20.00,Retail
Upper East,Garu,12/10/2025,Garu,Sorghum,5.41,Retail
Upper East,Garu,12/10/2025,Garu,Unshelled groundnut,8.00,Retail
Upper West,Wa Municipal,15/10/2025,Wa,White maize,4.88,Retail
Upper West,Wa Municipal,15/10/2025,Wa,Maize yellow,5.12,Retail
Upper West,Wa Municipal,15/10/2025,Wa,Millet,10.45,Retail
Upper West,Wa Municipal,15/10/2025,Wa,Rice local perfumed,14.02,Retail
Upper West,Wa Municipal,15/10/2025,Wa,Rice local non perfumed,10.57,Retail
Upper West,Wa Municipal,15/10/2025,Wa,Rice imported perfumed,18.39,Retail
Upper West,Wa Municipal,15/10/2025,Wa,Rice imported non perfumed,10.92,Retail
Upper West,Wa Municipal,15/10/2025,Wa,Yam white,10.38,Retail
Upper West,Wa Municipal,15/10/2025,Wa,Gari,12.50,Retail
Upper West,Wa Municipal,15/10/2025,Wa,Dried cassava powder kokonte,27.78,Retail
Upper West,Wa Municipal,15/10/2025,Wa,Tomato local,9.44,Retail
Upper West,Wa Municipal,15/10/2025,Wa,Garden egg,10.67,Retail
Upper West,Wa Municipal,15/10/2025,Wa,Okro fresh,11.67,Retail
Upper West,Wa Municipal,15/10/2025,Wa,Onion,15.28,Retail
Upper West,Wa Municipal,15/10/2025,Wa,Ginger,11.67,Retail
Upper West,Wa Municipal,15/10/2025,Wa,Dried pepper,61.54,Retail
Upper West,Wa Municipal,15/10/2025,Wa,Fresh pepper,50.00,Retail
Upper West,Wa Municipal,15/10/2025,Wa,Fresh pepper bonnet,53.33,Retail
Upper West,Wa Municipal,15/10/2025,Wa,Groundnut red,13.04,Retail
Upper West,Wa Municipal,15/10/2025,Wa,Cowpea white,21.74,Retail
Upper West,Wa Municipal,15/10/2025,Wa,Soya bean,5.33,Retail
Upper West,Wa Municipal,15/10/2025,Wa,Melon seeds agushi,78.33,Retail
Upper West,Wa Municipal,15/10/2025,Wa,Melon seeds agushi powder,12.50,Retail
Upper West,Wa Municipal,15/10/2025,Wa,Melon seeds neri,16.67,Retail
Upper West,Wa Municipal,15/10/2025,Wa,Melon seeds neri powder,7.01,Retail
Upper West,Wa Municipal,15/10/2025,Wa,Egg commercial,91.67,Retail
Upper West,Wa Municipal,15/10/2025,Wa,Nkontomire,10.00,Retail
Upper West,Wa Municipal,15/10/2025,Wa,Bambara bean,21.15,Retail
Upper West,Wa Municipal,15/10/2025,Wa,Sorghum,6.41,Retail
Upper West,Wa Municipal,15/10/2025,Wa,Yam puna,12.41,Retail
Upper West,Wa Municipal,15/10/2025,Wa,Tomato navrongo,11.67,Retail
Upper West,Wa Municipal,15/10/2025,Wa,Okro dried,82.05,Retail
Upper West,Wa Municipal,15/10/2025,Wa,Unshelled groundnut,10.71,Retail
Upper West,Wa Municipal,15/10/2025,Wa,Dried cassava chips kokonte,9.62,Retail
Upper West,Wa Municipal,15/10/2025,Wa,Groundnut Oil,28.37,Retail
Bono East,Techiman Municipal,08/10/2025,Techiman,White maize,4.88,Retail
Bono East,Techiman Municipal,08/10/2025,Techiman,Maize yellow,5.49,Retail
Bono East,Techiman Municipal,08/10/2025,Techiman,Millet,12.33,Retail
Bono East,Techiman Municipal,08/10/2025,Techiman,Rice local perfumed,12.11,Retail
Bono East,Techiman Municipal,08/10/2025,Techiman,Rice local non perfumed,10.71,Retail
Bono East,Techiman Municipal,08/10/2025,Techiman,Rice imported perfumed,22.67,Retail
Bono East,Techiman Municipal,08/10/2025,Techiman,Rice imported non perfumed,17.35,Retail
Bono East,Techiman Municipal,08/10/2025,Techiman,Yam white,7.91,Retail
Bono East,Techiman Municipal,08/10/2025,Techiman,Cocoyam,17.68,Retail
Bono East,Techiman Municipal,08/10/2025,Techiman,Cassava,2.10,Retail
Bono East,Techiman Municipal,08/10/2025,Techiman,Gari,10.67,Retail
Bono East,Techiman Municipal,08/10/2025,Techiman,Dried cassava powder kokonte,11.59,Retail
Bono East,Techiman Municipal,08/10/2025,Techiman,Plantain apentu,9.51,Retail
Bono East,Techiman Municipal,08/10/2025,Techiman,Plantain apem,11.67,Retail
Bono East,Techiman Municipal,08/10/2025,Techiman,Banana exotic,19.02,Retail
Bono East,Techiman Municipal,08/10/2025,Techiman,Banana local,20.13,Retail
Bono East,Techiman Municipal,08/10/2025,Techiman,Orange,5.14,Retail
Bono East,Techiman Municipal,08/10/2025,Techiman,Pineapple,10.00,Retail
Bono East,Techiman Municipal,08/10/2025,Techiman,Garden egg,9.72,Retail
Bono East,Techiman Municipal,08/10/2025,Techiman,Okro fresh,16.19,Retail
Bono East,Techiman Municipal,08/10/2025,Techiman,Onion,10.07,Retail
Bono East,Techiman Municipal,08/10/2025,Techiman,Ginger,50.00,Retail
Bono East,Techiman Municipal,08/10/2025,Techiman,Dried pepper,118.06,Retail
Bono East,Techiman Municipal,08/10/2025,Techiman,Fresh pepper bonnet,14.00,Retail
Bono East,Techiman Municipal,08/10/2025,Techiman,Palm fruit,9.10,Retail
Bono East,Techiman Municipal,08/10/2025,Techiman,Tiger nut,12.93,Retail
Bono East,Techiman Municipal,08/10/2025,Techiman,Groundnut red,15.75,Retail
Bono East,Techiman Municipal,08/10/2025,Techiman,Cowpea white,18.52,Retail
Bono East,Techiman Municipal,08/10/2025,Techiman,Soya bean,9.51,Retail
Bono East,Techiman Municipal,08/10/2025,Techiman,Melon seeds agushi,46.67,Retail
Bono East,Techiman Municipal,08/10/2025,Techiman,Melon seeds neri,15.00,Retail
Bono East,Techiman Municipal,08/10/2025,Techiman,Palm oil,34.76,Retail
Bono East,Techiman Municipal,08/10/2025,Techiman,Beef,110.00,Retail
Bono East,Techiman Municipal,08/10/2025,Techiman,Smoked herring,100.00,Retail
Bono East,Techiman Municipal,08/10/2025,Techiman,Salted dried tilapia koobi,108.33,Retail
Bono East,Techiman Municipal,08/10/2025,Techiman,Anchovy,72.73,Retail
Bono East,Techiman Municipal,08/10/2025,Techiman,Egg commercial,59.33,Retail
Bono East,Techiman Municipal,08/10/2025,Techiman,Chicken,44.67,Retail
Bono East,Techiman Municipal,08/10/2025,Techiman,Nkontomire,11.80,Retail
Bono East,Techiman Municipal,08/10/2025,Techiman,Ademe ayoyo jute mallow,9.44,Retail
Bono East,Techiman Municipal,08/10/2025,Techiman,Cabbage,7.24,Retail
Bono East,Techiman Municipal,08/10/2025,Techiman,Lettuce,13.89,Retail
Bono East,Techiman Municipal,08/10/2025,Techiman,Carrot,11.67,Retail
Bono East,Techiman Municipal,08/10/2025,Techiman,Pawpaw,2.86,Retail
Bono East,Techiman Municipal,08/10/2025,Techiman,Bambara bean,23.78,Retail
Bono East,Techiman Municipal,08/10/2025,Techiman,Mutton sheep meat,130.00,Retail
Bono East,Techiman Municipal,08/10/2025,Techiman,Chevon goat meat,130.00,Retail
Bono East,Techiman Municipal,08/10/2025,Techiman,Cassava dough,8.49,Retail
Bono East,Techiman Municipal,08/10/2025,Techiman,Fresh red fish,61.33,Retail
Bono East,Techiman Municipal,08/10/2025,Techiman,Fresh salmon mackerel fish,58.64,Retail
Bono East,Techiman Municipal,08/10/2025,Techiman,Fresh kpanla fish,44.00,Retail
Bono East,Techiman Municipal,08/10/2025,Techiman,Plantain riped,11.57,Retail
Bono East,Techiman Municipal,08/10/2025,Techiman,Sorghum,9.38,Retail
Bono East,Techiman Municipal,08/10/2025,Techiman,Yam puna,11.64,Retail
Bono East,Techiman Municipal,08/10/2025,Techiman,Tomato navrongo,27.78,Retail
Bono East,Techiman Municipal,08/10/2025,Techiman,Alefu amaranthus,10.28,Retail
Bono East,Techiman Municipal,08/10/2025,Techiman,Coconut fresh,7.20,Retail
Bono East,Techiman Municipal,08/10/2025,Techiman,Dried cassava chips kokonte,8.02,Retail
Central,Mfantsiman Municipal,15/10/2025,Mankessim,White maize,4.74,Retail
Central,Mfantsiman Municipal,15/10/2025,Mankessim,Maize yellow,5.54,Retail
Central,Mfantsiman Municipal,15/10/2025,Mankessim,Millet,21.10,Retail
Central,Mfantsiman Municipal,15/10/2025,Mankessim,Rice local perfumed,21.32,Retail
Central,Mfantsiman Municipal,15/10/2025,Mankessim,Rice local non perfumed,14.81,Retail
Central,Mfantsiman Municipal,15/10/2025,Mankessim,Rice imported perfumed,20.07,Retail
Central,Mfantsiman Municipal,15/10/2025,Mankessim,Rice imported non perfumed,11.97,Retail
Central,Mfantsiman Municipal,15/10/2025,Mankessim,Cocoyam,18.36,Retail
Central,Mfantsiman Municipal,15/10/2025,Mankessim,Cassava,5.86,Retail
Central,Mfantsiman Municipal,15/10/2025,Mankessim,Gari,13.58,Retail
Central,Mfantsiman Municipal,15/10/2025,Mankessim,Dried cassava powder kokonte,12.05,Retail
Central,Mfantsiman Municipal,15/10/2025,Mankessim,Plantain apentu,6.98,Retail
Central,Mfantsiman Municipal,15/10/2025,Mankessim,Plantain apem,11.55,Retail
Central,Mfantsiman Municipal,15/10/2025,Mankessim,Banana exotic,17.78,Retail
Central,Mfantsiman Municipal,15/10/2025,Mankessim,Banana local,16.32,Retail
Central,Mfantsiman Municipal,15/10/2025,Mankessim,Orange,9.85,Retail
Central,Mfantsiman Municipal,15/10/2025,Mankessim,Watermelon,6.09,Retail
Central,Mfantsiman Municipal,15/10/2025,Mankessim,Pineapple,5.64,Retail
Central,Mfantsiman Municipal,15/10/2025,Mankessim,Tomato local,11.15,Retail
Central,Mfantsiman Municipal,15/10/2025,Mankessim,Garden egg,12.74,Retail
Central,Mfantsiman Municipal,15/10/2025,Mankessim,Okro fresh,24.46,Retail
Central,Mfantsiman Municipal,15/10/2025,Mankessim,Onion,12.63,Retail
Central,Mfantsiman Municipal,15/10/2025,Mankessim,Ginger,245.01,Retail
Central,Mfantsiman Municipal,15/10/2025,Mankessim,Dried pepper,100.32,Retail
Central,Mfantsiman Municipal,15/10/2025,Mankessim,Fresh pepper,57.39,Retail
Central,Mfantsiman Municipal,15/10/2025,Mankessim,Fresh pepper bonnet,19.84,Retail
Central,Mfantsiman Municipal,15/10/2025,Mankessim,Palm fruit,9.38,Retail
Central,Mfantsiman Municipal,15/10/2025,Mankessim,Tiger nut,63.26,Retail
Central,Mfantsiman Municipal,15/10/2025,Mankessim,Groundnut red,25.49,Retail
Central,Mfantsiman Municipal,15/10/2025,Mankessim,Cowpea white,28.24,Retail
Central,Mfantsiman Municipal,15/10/2025,Mankessim,Soya bean,20.41,Retail
Central,Mfantsiman Municipal,15/10/2025,Mankessim,Melon seeds agushi,54.17,Retail
Central,Mfantsiman Municipal,15/10/2025,Mankessim,Melon seeds agushi powder,64.00,Retail
Central,Mfantsiman Municipal,15/10/2025,Mankessim,Melon seeds neri,37.50,Retail
Central,Mfantsiman Municipal,15/10/2025,Mankessim,Melon seeds neri powder,36.90,Retail
Central,Mfantsiman Municipal,15/10/2025,Mankessim,Palm oil,20.00,Retail
Central,Mfantsiman Municipal,15/10/2025,Mankessim,Coconut oil,47.78,Retail
Central,Mfantsiman Municipal,15/10/2025,Mankessim,Beef,60.00,Retail
Central,Mfantsiman Municipal,15/10/2025,Mankessim,Smoked herring,45.87,Retail
Central,Mfantsiman Municipal,15/10/2025,Mankessim,Salted dried tilapia koobi,87.53,Retail
Central,Mfantsiman Municipal,15/10/2025,Mankessim,Anchovy,83.80,Retail
Central,Mfantsiman Municipal,15/10/2025,Mankessim,Kako,107.95,Retail
Central,Mfantsiman Municipal,15/10/2025,Mankessim,Egg commercial,56.67,Retail
Central,Mfantsiman Municipal,15/10/2025,Mankessim,Chicken,42.00,Retail
Central,Mfantsiman Municipal,15/10/2025,Mankessim,Nkontomire,7.28,Retail
Central,Mfantsiman Municipal,15/10/2025,Mankessim,Ademe ayoyo jute mallow,13.10,Retail
Central,Mfantsiman Municipal,15/10/2025,Mankessim,Cabbage,8.09,Retail
Central,Mfantsiman Municipal,15/10/2025,Mankessim,Lettuce,41.12,Retail
Central,Mfantsiman Municipal,15/10/2025,Mankessim,Carrot,26.11,Retail
Central,Mfantsiman Municipal,15/10/2025,Mankessim,Pawpaw,7.90,Retail
Central,Mfantsiman Municipal,15/10/2025,Mankessim,Bambara bean,29.80,Retail
Central,Mfantsiman Municipal,15/10/2025,Mankessim,Mutton sheep meat,60.00,Retail
Central,Mfantsiman Municipal,15/10/2025,Mankessim,Chevon goat meat,60.00,Retail
Central,Mfantsiman Municipal,15/10/2025,Mankessim,Snail,94.70,Retail
Central,Mfantsiman Municipal,15/10/2025,Mankessim,Sweet potato general white pinkish,7.08,Retail
Central,Mfantsiman Municipal,15/10/2025,Mankessim,Cassava dough,7.56,Retail
Central,Mfantsiman Municipal,15/10/2025,Mankessim,Fresh red fish,50.00,Retail
Central,Mfantsiman Municipal,15/10/2025,Mankessim,Fresh salmon mackerel fish,40.00,Retail
Central,Mfantsiman Municipal,15/10/2025,Mankessim,Fresh kpanla fish,35.00,Retail
Central,Mfantsiman Municipal,15/10/2025,Mankessim,Plantain riped,12.57,Retail
Central,Mfantsiman Municipal,15/10/2025,Mankessim,Yam puna,9.32,Retail
Central,Mfantsiman Municipal,15/10/2025,Mankessim,Tomato navrongo,22.94,Retail
Central,Mfantsiman Municipal,15/10/2025,Mankessim,Coconut fresh,4.43,Retail
Eastern,New Juaben South Municipal,16/10/2025,Koforidua Central,Rice imported perfumed,15.00,Retail
Eastern,New Juaben South Municipal,16/10/2025,Koforidua Central,Dried cassava powder kokonte,22.67,Retail
Eastern,New Juaben South Municipal,16/10/2025,Koforidua Central,Orange,11.57,Retail
Eastern,New Juaben South Municipal,16/10/2025,Koforidua Central,Tomato local,8.33,Retail
Eastern,New Juaben South Municipal,16/10/2025,Koforidua Central,Garden egg,7.68,Retail
Eastern,New Juaben South Municipal,16/10/2025,Koforidua Central,Okro fresh,32.22,Retail
Eastern,New Juaben South Municipal,16/10/2025,Koforidua Central,Onion,8.31,Retail
Eastern,New Juaben South Municipal,16/10/2025,Koforidua Central,Fresh pepper bonnet,8.73,Retail
Eastern,New Juaben South Municipal,16/10/2025,Koforidua Central,Egg commercial,68.33,Retail
Eastern,New Juaben South Municipal,16/10/2025,Koforidua Central,Nkontomire,13.37,Retail
Eastern,New Juaben South Municipal,16/10/2025,Koforidua Central,Carrot,13.53,Retail
Eastern,New Juaben South Municipal,16/10/2025,Koforidua Central,Yam puna,13.37,Retail
Oti,Nkwanta South Municipal,29/09/2025,Nkwanta,White maize,5.71,Retail
Oti,Nkwanta South Municipal,29/09/2025,Nkwanta,Maize yellow,7.69,Retail
Oti,Nkwanta South Municipal,29/09/2025,Nkwanta,Millet,11.85,Retail
Oti,Nkwanta South Municipal,29/09/2025,Nkwanta,Rice local perfumed,12.78,Retail
Oti,Nkwanta South Municipal,29/09/2025,Nkwanta,Rice local non perfumed,10.71,Retail
Oti,Nkwanta South Municipal,29/09/2025,Nkwanta,Rice imported perfumed,19.33,Retail
Oti,Nkwanta South Municipal,29/09/2025,Nkwanta,Rice imported non perfumed,16.02,Retail
Oti,Nkwanta South Municipal,29/09/2025,Nkwanta,Yam white,6.73,Retail
Oti,Nkwanta South Municipal,29/09/2025,Nkwanta,Cocoyam,10.00,Retail
Oti,Nkwanta South Municipal,29/09/2025,Nkwanta,Cassava,5.49,Retail
Oti,Nkwanta South Municipal,29/09/2025,Nkwanta,Gari,10.42,Retail
Oti,Nkwanta South Municipal,29/09/2025,Nkwanta,Dried cassava powder kokonte,8.33,Retail
Oti,Nkwanta South Municipal,29/09/2025,Nkwanta,Plantain apentu,10.74,Retail
Oti,Nkwanta South Municipal,29/09/2025,Nkwanta,Plantain apem,6.41,Retail
Oti,Nkwanta South Municipal,29/09/2025,Nkwanta,Banana exotic,5.42,Retail
Oti,Nkwanta South Municipal,29/09/2025,Nkwanta,Banana local,5.53,Retail
Oti,Nkwanta South Municipal,29/09/2025,Nkwanta,Orange,9.44,Retail
Oti,Nkwanta South Municipal,29/09/2025,Nkwanta,Watermelon,8.09,Retail
Oti,Nkwanta South Municipal,29/09/2025,Nkwanta,Pineapple,8.52,Retail
Oti,Nkwanta South Municipal,29/09/2025,Nkwanta,Tomato local,10.00,Retail
Oti,Nkwanta South Municipal,29/09/2025,Nkwanta,Garden egg,14.29,Retail
Oti,Nkwanta South Municipal,29/09/2025,Nkwanta,Okro fresh,10.00,Retail
Oti,Nkwanta South Municipal,29/09/2025,Nkwanta,Onion,17.50,Retail
Oti,Nkwanta South Municipal,29/09/2025,Nkwanta,Ginger,50.00,Retail
Oti,Nkwanta South Municipal,29/09/2025,Nkwanta,Dried pepper,86.67,Retail
Oti,Nkwanta South Municipal,29/09/2025,Nkwanta,Fresh pepper bonnet,25.00,Retail
Oti,Nkwanta South Municipal,29/09/2025,Nkwanta,Palm fruit,10.00,Retail
Oti,Nkwanta South Municipal,29/09/2025,Nkwanta,Cowpea white,19.99,Retail
Oti,Nkwanta South Municipal,29/09/2025,Nkwanta,Soya bean,9.57,Retail
Oti,Nkwanta South Municipal,29/09/2025,Nkwanta,Melon seeds agushi,50.00,Retail
Oti,Nkwanta South Municipal,29/09/2025,Nkwanta,Melon seeds neri,10.42,Retail
Oti,Nkwanta South Municipal,29/09/2025,Nkwanta,Palm oil,41.67,Retail
Oti,Nkwanta South Municipal,29/09/2025,Nkwanta,Beef,68.18,Retail
Oti,Nkwanta South Municipal,29/09/2025,Nkwanta,Smoked herring,90.48,Retail
Oti,Nkwanta South Municipal,29/09/2025,Nkwanta,Salted dried tilapia koobi,20.00,Retail
Oti,Nkwanta South Municipal,29/09/2025,Nkwanta,Egg commercial,70.00,Retail
Oti,Nkwanta South Municipal,29/09/2025,Nkwanta,Chicken,46.67,Retail
Oti,Nkwanta South Municipal,29/09/2025,Nkwanta,Nkontomire,5.00,Retail
Oti,Nkwanta South Municipal,29/09/2025,Nkwanta,Ademe ayoyo jute mallow,10.00,Retail
Oti,Nkwanta South Municipal,29/09/2025,Nkwanta,Cabbage,10.74,Retail
Oti,Nkwanta South Municipal,29/09/2025,Nkwanta,Lettuce,16.67,Retail
Oti,Nkwanta South Municipal,29/09/2025,Nkwanta,Carrot,20.00,Retail
Oti,Nkwanta South Municipal,29/09/2025,Nkwanta,Pawpaw,6.53,Retail
Oti,Nkwanta South Municipal,29/09/2025,Nkwanta,Bambara bean,22.67,Retail
Oti,Nkwanta South Municipal,29/09/2025,Nkwanta,Chevon goat meat,22.73,Retail
Oti,Nkwanta South Municipal,29/09/2025,Nkwanta,Cassava dough,4.00,Retail
Oti,Nkwanta South Municipal,29/09/2025,Nkwanta,Fresh salmon mackerel fish,36.67,Retail
Oti,Nkwanta South Municipal,29/09/2025,Nkwanta,Fresh kpanla fish,25.00,Retail
Oti,Nkwanta South Municipal,29/09/2025,Nkwanta,Plantain riped,11.11,Retail
Oti,Nkwanta South Municipal,29/09/2025,Nkwanta,Sorghum,8.46,Retail
Oti,Nkwanta South Municipal,29/09/2025,Nkwanta,Yam puna,10.11,Retail
Oti,Nkwanta South Municipal,29/09/2025,Nkwanta,Tomato navrongo,20.00,Retail
Oti,Nkwanta South Municipal,29/09/2025,Nkwanta,Coconut fresh,10.00,Retail
Oti,Nkwanta South Municipal,29/09/2025,Nkwanta,Okro dried,36.67,Retail
Oti,Nkwanta South Municipal,29/09/2025,Nkwanta,Dried cassava chips kokonte,7.50,Retail
Oti,Nkwanta South Municipal,06/10/2025,Nkwanta,White maize,5.71,Retail
Oti,Nkwanta South Municipal,06/10/2025,Nkwanta,Maize yellow,7.69,Retail
Oti,Nkwanta South Municipal,06/10/2025,Nkwanta,Millet,11.85,Retail
Oti,Nkwanta South Municipal,06/10/2025,Nkwanta,Rice local perfumed,12.78,Retail
Oti,Nkwanta South Municipal,06/10/2025,Nkwanta,Rice local non perfumed,10.71,Retail
Oti,Nkwanta South Municipal,06/10/2025,Nkwanta,Rice imported perfumed,19.33,Retail
Oti,Nkwanta South Municipal,06/10/2025,Nkwanta,Rice imported non perfumed,16.02,Retail
Oti,Nkwanta South Municipal,06/10/2025,Nkwanta,Yam white,6.73,Retail
Oti,Nkwanta South Municipal,06/10/2025,Nkwanta,Cocoyam,10.00,Retail
Oti,Nkwanta South Municipal,06/10/2025,Nkwanta,Cassava,5.49,Retail
Oti,Nkwanta South Municipal,06/10/2025,Nkwanta,Gari,10.28,Retail
Oti,Nkwanta South Municipal,06/10/2025,Nkwanta,Dried cassava powder kokonte,8.33,Retail
Oti,Nkwanta South Municipal,06/10/2025,Nkwanta,Plantain apentu,10.74,Retail
Oti,Nkwanta South Municipal,06/10/2025,Nkwanta,Plantain apem,6.41,Retail
Oti,Nkwanta South Municipal,06/10/2025,Nkwanta,Banana exotic,5.42,Retail
Oti,Nkwanta South Municipal,06/10/2025,Nkwanta,Banana local,5.73,Retail
Oti,Nkwanta South Municipal,06/10/2025,Nkwanta,Orange,9.44,Retail
Oti,Nkwanta South Municipal,06/10/2025,Nkwanta,Watermelon,8.09,Retail
Oti,Nkwanta South Municipal,06/10/2025,Nkwanta,Pineapple,8.52,Retail
Oti,Nkwanta South Municipal,06/10/2025,Nkwanta,Tomato local,10.00,Retail
Oti,Nkwanta South Municipal,06/10/2025,Nkwanta,Garden egg,14.29,Retail
Oti,Nkwanta South Municipal,06/10/2025,Nkwanta,Okro fresh,10.00,Retail
Oti,Nkwanta South Municipal,06/10/2025,Nkwanta,Onion,17.50,Retail
Oti,Nkwanta South Municipal,06/10/2025,Nkwanta,Ginger,50.00,Retail
Oti,Nkwanta South Municipal,06/10/2025,Nkwanta,Dried pepper,80.00,Retail
Oti,Nkwanta South Municipal,06/10/2025,Nkwanta,Fresh pepper bonnet,25.00,Retail
Oti,Nkwanta South Municipal,06/10/2025,Nkwanta,Palm fruit,10.00,Retail
Oti,Nkwanta South Municipal,06/10/2025,Nkwanta,Cowpea white,19.99,Retail
Oti,Nkwanta South Municipal,06/10/2025,Nkwanta,Soya bean,9.57,Retail
Oti,Nkwanta South Municipal,06/10/2025,Nkwanta,Melon seeds agushi,50.00,Retail
Oti,Nkwanta South Municipal,06/10/2025,Nkwanta,Melon seeds neri,10.42,Retail
Oti,Nkwanta South Municipal,06/10/2025,Nkwanta,Palm oil,41.67,Retail
Oti,Nkwanta South Municipal,06/10/2025,Nkwanta,Beef,68.18,Retail
Oti,Nkwanta South Municipal,06/10/2025,Nkwanta,Smoked herring,42.86,Retail
Oti,Nkwanta South Municipal,06/10/2025,Nkwanta,Salted dried tilapia koobi,20.00,Retail
Oti,Nkwanta South Municipal,06/10/2025,Nkwanta,Egg commercial,70.00,Retail
Oti,Nkwanta South Municipal,06/10/2025,Nkwanta,Chicken,46.67,Retail
Oti,Nkwanta South Municipal,06/10/2025,Nkwanta,Nkontomire,5.00,Retail
Oti,Nkwanta South Municipal,06/10/2025,Nkwanta,Ademe ayoyo jute mallow,10.00,Retail
Oti,Nkwanta South Municipal,06/10/2025,Nkwanta,Cabbage,10.74,Retail
Oti,Nkwanta South Municipal,06/10/2025,Nkwanta,Lettuce,16.67,Retail
Oti,Nkwanta South Municipal,06/10/2025,Nkwanta,Carrot,20.00,Retail
Oti,Nkwanta South Municipal,06/10/2025,Nkwanta,Bambara bean,22.67,Retail
Oti,Nkwanta South Municipal,06/10/2025,Nkwanta,Chevon goat meat,22.73,Retail
Oti,Nkwanta South Municipal,06/10/2025,Nkwanta,Cassava dough,4.00,Retail
Oti,Nkwanta South Municipal,06/10/2025,Nkwanta,Fresh salmon mackerel fish,36.67,Retail
Oti,Nkwanta South Municipal,06/10/2025,Nkwanta,Fresh kpanla fish,25.00,Retail
Oti,Nkwanta South Municipal,06/10/2025,Nkwanta,Plantain riped,11.11,Retail
Oti,Nkwanta South Municipal,06/10/2025,Nkwanta,Sorghum,8.46,Retail
Oti,Nkwanta South Municipal,06/10/2025,Nkwanta,Yam puna,10.11,Retail
Oti,Nkwanta South Municipal,06/10/2025,Nkwanta,Tomato navrongo,20.00,Retail
Oti,Nkwanta South Municipal,06/10/2025,Nkwanta,Coconut fresh,10.00,Retail
Oti,Nkwanta South Municipal,06/10/2025,Nkwanta,Okro dried,36.67,Retail
Oti,Nkwanta South Municipal,06/10/2025,Nkwanta,Dried cassava chips kokonte,7.50,Retail
Bono East,Kintampo North Municipal,13/10/2025,Kintampo,White maize,4.34,Retail
Bono East,Kintampo North Municipal,13/10/2025,Kintampo,Maize yellow,4.31,Retail
Bono East,Kintampo North Municipal,13/10/2025,Kintampo,Millet,11.69,Retail
Bono East,Kintampo North Municipal,13/10/2025,Kintampo,Rice local perfumed,14.12,Retail
Bono East,Kintampo North Municipal,13/10/2025,Kintampo,Rice local non perfumed,10.59,Retail
Bono East,Kintampo North Municipal,13/10/2025,Kintampo,Gari,9.39,Retail
Bono East,Kintampo North Municipal,13/10/2025,Kintampo,Plantain apentu,12.28,Retail
Bono East,Kintampo North Municipal,13/10/2025,Kintampo,Plantain apem,12.31,Retail
Bono East,Kintampo North Municipal,13/10/2025,Kintampo,Groundnut red,11.85,Retail
Bono East,Kintampo North Municipal,13/10/2025,Kintampo,Cowpea white,12.85,Retail
Bono East,Kintampo North Municipal,13/10/2025,Kintampo,Soya bean,10.35,Retail
Bono East,Kintampo North Municipal,13/10/2025,Kintampo,Sorghum,9.67,Retail
Bono East,Kintampo North Municipal,13/10/2025,Kintampo,Dried cassava chips kokonte,6.44,Retail
Bono,Sunyani Municipal,08/10/2025,Nana Bosomah,White maize,4.29,Retail
Bono,Sunyani Municipal,08/10/2025,Nana Bosomah,Maize yellow,4.29,Retail
Bono,Sunyani Municipal,08/10/2025,Nana Bosomah,Millet,12.50,Retail
Bono,Sunyani Municipal,08/10/2025,Nana Bosomah,Rice local perfumed,12.96,Retail
Bono,Sunyani Municipal,08/10/2025,Nana Bosomah,Rice local non perfumed,10.37,Retail
Bono,Sunyani Municipal,08/10/2025,Nana Bosomah,Rice imported perfumed,22.00,Retail
Bono,Sunyani Municipal,08/10/2025,Nana Bosomah,Rice imported non perfumed,13.33,Retail
Bono,Sunyani Municipal,08/10/2025,Nana Bosomah,Yam white,8.25,Retail
Bono,Sunyani Municipal,08/10/2025,Nana Bosomah,Cocoyam,19.17,Retail
Bono,Sunyani Municipal,08/10/2025,Nana Bosomah,Cassava,4.32,Retail
Bono,Sunyani Municipal,08/10/2025,Nana Bosomah,Gari,12.50,Retail
Bono,Sunyani Municipal,08/10/2025,Nana Bosomah,Dried cassava powder kokonte,20.00,Retail
Bono,Sunyani Municipal,08/10/2025,Nana Bosomah,Plantain apentu,12.25,Retail
Bono,Sunyani Municipal,08/10/2025,Nana Bosomah,Plantain apem,12.25,Retail
Bono,Sunyani Municipal,08/10/2025,Nana Bosomah,Banana exotic,33.33,Retail
Bono,Sunyani Municipal,08/10/2025,Nana Bosomah,Banana local,33.33,Retail
Bono,Sunyani Municipal,08/10/2025,Nana Bosomah,Orange,4.85,Retail
Bono,Sunyani Municipal,08/10/2025,Nana Bosomah,Watermelon,4.84,Retail
Bono,Sunyani Municipal,08/10/2025,Nana Bosomah,Pineapple,6.34,Retail
Bono,Sunyani Municipal,08/10/2025,Nana Bosomah,Garden egg,11.03,Retail
Bono,Sunyani Municipal,08/10/2025,Nana Bosomah,Okro fresh,10.00,Retail
Bono,Sunyani Municipal,08/10/2025,Nana Bosomah,Onion,13.27,Retail
Bono,Sunyani Municipal,08/10/2025,Nana Bosomah,Ginger,27.27,Retail
Bono,Sunyani Municipal,08/10/2025,Nana Bosomah,Dried pepper,133.33,Retail
Bono,Sunyani Municipal,08/10/2025,Nana Bosomah,Fresh pepper bonnet,37.50,Retail
Bono,Sunyani Municipal,08/10/2025,Nana Bosomah,Palm fruit,9.70,Retail
Bono,Sunyani Municipal,08/10/2025,Nana Bosomah,Tiger nut,28.18,Retail
Bono,Sunyani Municipal,08/10/2025,Nana Bosomah,Groundnut red,20.00,Retail
Bono,Sunyani Municipal,08/10/2025,Nana Bosomah,Cowpea white,16.67,Retail
Bono,Sunyani Municipal,08/10/2025,Nana Bosomah,Soya bean,12.50,Retail
Bono,Sunyani Municipal,08/10/2025,Nana Bosomah,Melon seeds agushi,40.00,Retail
Bono,Sunyani Municipal,08/10/2025,Nana Bosomah,Melon seeds agushi powder,40.91,Retail
Bono,Sunyani Municipal,08/10/2025,Nana Bosomah,Melon seeds neri,26.67,Retail
Bono,Sunyani Municipal,08/10/2025,Nana Bosomah,Melon seeds neri powder,29.41,Retail
Bono,Sunyani Municipal,08/10/2025,Nana Bosomah,Palm oil,26.67,Retail
Bono,Sunyani Municipal,08/10/2025,Nana Bosomah,Beef,100.00,Retail
Bono,Sunyani Municipal,08/10/2025,Nana Bosomah,Smoked herring,100.00,Retail
Bono,Sunyani Municipal,08/10/2025,Nana Bosomah,Salted dried tilapia koobi,333.33,Retail
Bono,Sunyani Municipal,08/10/2025,Nana Bosomah,Anchovy,100.00,Retail
Bono,Sunyani Municipal,08/10/2025,Nana Bosomah,Egg commercial,50.00,Retail
Bono,Sunyani Municipal,08/10/2025,Nana Bosomah,Chicken,50.00,Retail
Bono,Sunyani Municipal,08/10/2025,Nana Bosomah,Nkontomire,20.00,Retail
Bono,Sunyani Municipal,08/10/2025,Nana Bosomah,Ademe ayoyo jute mallow,20.00,Retail
Bono,Sunyani Municipal,08/10/2025,Nana Bosomah,Cabbage,5.00,Retail
Bono,Sunyani Municipal,08/10/2025,Nana Bosomah,Bambara bean,28.85,Retail
Bono,Sunyani Municipal,08/10/2025,Nana Bosomah,Mutton sheep meat,160.00,Retail
Bono,Sunyani Municipal,08/10/2025,Nana Bosomah,Chevon goat meat,160.00,Retail
Bono,Sunyani Municipal,08/10/2025,Nana Bosomah,Fresh red fish,55.00,Retail
Bono,Sunyani Municipal,08/10/2025,Nana Bosomah,Fresh salmon mackerel fish,42.00,Retail
Bono,Sunyani Municipal,08/10/2025,Nana Bosomah,Fresh kpanla fish,40.00,Retail
Bono,Sunyani Municipal,08/10/2025,Nana Bosomah,Sorghum,12.00,Retail
Bono,Sunyani Municipal,08/10/2025,Nana Bosomah,Yam puna,10.21,Retail
Bono,Sunyani Municipal,08/10/2025,Nana Bosomah,Tomato navrongo,24.84,Retail
Bono,Sunyani Municipal,08/10/2025,Nana Bosomah,Alefu amaranthus,20.00,Retail
Bono,Sunyani Municipal,08/10/2025,Nana Bosomah,Coconut fresh,1.89,Retail
Bono,Sunyani Municipal,08/10/2025,Nana Bosomah,Okro dried,44.44,Retail
Bono,Sunyani Municipal,08/10/2025,Nana Bosomah,Dried cassava chips kokonte,7.00,Retail
Bono,Sunyani Municipal,08/10/2025,Nana Bosomah,Fresh cow milk,33.33,Retail
Western North,Bibiani Anhwiaso Bekwai Municipal,17/10/2025,Bibiani ,White maize,7.14,Retail
Western North,Bibiani Anhwiaso Bekwai Municipal,17/10/2025,Bibiani ,Maize yellow,8.17,Retail
Western North,Bibiani Anhwiaso Bekwai Municipal,17/10/2025,Bibiani ,Millet,14.31,Retail
Western North,Bibiani Anhwiaso Bekwai Municipal,17/10/2025,Bibiani ,Rice local perfumed,28.44,Retail
Western North,Bibiani Anhwiaso Bekwai Municipal,17/10/2025,Bibiani ,Rice local non perfumed,29.44,Retail
Western North,Bibiani Anhwiaso Bekwai Municipal,17/10/2025,Bibiani ,Rice imported perfumed,35.00,Retail
Western North,Bibiani Anhwiaso Bekwai Municipal,17/10/2025,Bibiani ,Rice imported non perfumed,21.81,Retail
Western North,Bibiani Anhwiaso Bekwai Municipal,17/10/2025,Bibiani ,Yam white,11.38,Retail
Western North,Bibiani Anhwiaso Bekwai Municipal,17/10/2025,Bibiani ,Cocoyam,10.80,Retail
Western North,Bibiani Anhwiaso Bekwai Municipal,17/10/2025,Bibiani ,Cassava,2.18,Retail
Western North,Bibiani Anhwiaso Bekwai Municipal,17/10/2025,Bibiani ,Gari,17.92,Retail
Western North,Bibiani Anhwiaso Bekwai Municipal,17/10/2025,Bibiani ,Plantain apentu,10.07,Retail
Western North,Bibiani Anhwiaso Bekwai Municipal,17/10/2025,Bibiani ,Plantain apem,9.75,Retail
Western North,Bibiani Anhwiaso Bekwai Municipal,17/10/2025,Bibiani ,Banana local,6.31,Retail
Western North,Bibiani Anhwiaso Bekwai Municipal,17/10/2025,Bibiani ,Pineapple,13.79,Retail
Western North,Bibiani Anhwiaso Bekwai Municipal,17/10/2025,Bibiani ,Tomato local,29.13,Retail
Western North,Bibiani Anhwiaso Bekwai Municipal,17/10/2025,Bibiani ,Garden egg,15.86,Retail
Western North,Bibiani Anhwiaso Bekwai Municipal,17/10/2025,Bibiani ,Okro fresh,19.25,Retail
Western North,Bibiani Anhwiaso Bekwai Municipal,17/10/2025,Bibiani ,Onion,29.13,Retail
Western North,Bibiani Anhwiaso Bekwai Municipal,17/10/2025,Bibiani ,Ginger,55.50,Retail
Western North,Bibiani Anhwiaso Bekwai Municipal,17/10/2025,Bibiani ,Dried pepper,30.00,Retail
Western North,Bibiani Anhwiaso Bekwai Municipal,17/10/2025,Bibiani ,Fresh pepper,15.76,Retail
Western North,Bibiani Anhwiaso Bekwai Municipal,17/10/2025,Bibiani ,Fresh pepper bonnet,17.76,Retail
Western North,Bibiani Anhwiaso Bekwai Municipal,17/10/2025,Bibiani ,Palm fruit,8.85,Retail
Western North,Bibiani Anhwiaso Bekwai Municipal,17/10/2025,Bibiani ,Groundnut red,25.42,Retail
Western North,Bibiani Anhwiaso Bekwai Municipal,17/10/2025,Bibiani ,Cowpea white,31.67,Retail
Western North,Bibiani Anhwiaso Bekwai Municipal,17/10/2025,Bibiani ,Soya bean,27.78,Retail
Western North,Bibiani Anhwiaso Bekwai Municipal,17/10/2025,Bibiani ,Egg commercial,60.67,Retail
Western North,Bibiani Anhwiaso Bekwai Municipal,17/10/2025,Bibiani ,Chicken,35.42,Retail
Western North,Bibiani Anhwiaso Bekwai Municipal,17/10/2025,Bibiani ,Fresh salmon mackerel fish,35.16,Retail
Western North,Bibiani Anhwiaso Bekwai Municipal,17/10/2025,Bibiani ,Fresh kpanla fish,32.69,Retail
Western North,Bibiani Anhwiaso Bekwai Municipal,17/10/2025,Bibiani ,Yam puna,9.05,Retail
Western North,Bibiani Anhwiaso Bekwai Municipal,17/10/2025,Bibiani ,Coconut fresh,9.58,Retail
Western North,Bibiani Anhwiaso Bekwai Municipal,17/10/2025,Bibiani ,Unshelled groundnut,17.74,Retail
Ahafo,Asunafo North Municipal,20/10/2025,Goaso,White maize,6.60,Retail
Ahafo,Asunafo North Municipal,20/10/2025,Goaso,Maize yellow,6.60,Retail
Ahafo,Asunafo North Municipal,20/10/2025,Goaso,Millet,14.08,Retail
Ahafo,Asunafo North Municipal,20/10/2025,Goaso,Rice local perfumed,13.33,Retail
Ahafo,Asunafo North Municipal,20/10/2025,Goaso,Cocoyam,12.78,Retail
Ahafo,Asunafo North Municipal,20/10/2025,Goaso,Gari,12.50,Retail
Ahafo,Asunafo North Municipal,20/10/2025,Goaso,Dried cassava powder kokonte,10.14,Retail
Ahafo,Asunafo North Municipal,20/10/2025,Goaso,Plantain apentu,7.32,Retail
Ahafo,Asunafo North Municipal,20/10/2025,Goaso,Plantain apem,9.44,Retail
Ahafo,Asunafo North Municipal,20/10/2025,Goaso,Orange,3.86,Retail
Ahafo,Asunafo North Municipal,20/10/2025,Goaso,Tomato local,15.28,Retail
Ahafo,Asunafo North Municipal,20/10/2025,Goaso,Garden egg,10.83,Retail
Ahafo,Asunafo North Municipal,20/10/2025,Goaso,Okro fresh,15.28,Retail
Ahafo,Asunafo North Municipal,20/10/2025,Goaso,Ginger,25.00,Retail
Ahafo,Asunafo North Municipal,20/10/2025,Goaso,Fresh pepper bonnet,15.56,Retail
Ahafo,Asunafo North Municipal,20/10/2025,Goaso,Palm fruit,4.30,Retail
Ahafo,Asunafo North Municipal,20/10/2025,Goaso,Groundnut red,20.21,Retail
Ahafo,Asunafo North Municipal,20/10/2025,Goaso,Cowpea white,12.00,Retail
Ahafo,Asunafo North Municipal,20/10/2025,Goaso,Palm oil,20.00,Retail
Ahafo,Asunafo North Municipal,20/10/2025,Goaso,Egg commercial,51.67,Retail
Ahafo,Asunafo North Municipal,20/10/2025,Goaso,Nkontomire,10.00,Retail
Ahafo,Asunafo North Municipal,20/10/2025,Goaso,Ademe ayoyo jute mallow,11.11,Retail
Ahafo,Asunafo North Municipal,20/10/2025,Goaso,Carrot,14.44,Retail
Ahafo,Asunafo North Municipal,20/10/2025,Goaso,Pawpaw,2.67,Retail
Ahafo,Asunafo North Municipal,20/10/2025,Goaso,Sorghum,12.33,Retail
Ahafo,Asunafo North Municipal,20/10/2025,Goaso,Yam puna,10.32,Retail
Ahafo,Asunafo North Municipal,20/10/2025,Goaso,Tomato navrongo,13.89,Retail
Ahafo,Asunafo North Municipal,20/10/2025,Goaso,Alefu amaranthus,11.67,Retail
Ahafo,Asunafo North Municipal,20/10/2025,Goaso,Coconut fresh,3.25,Retail
Ahafo,Asunafo North Municipal,20/10/2025,Goaso,Unshelled groundnut,18.32,Retail
Ahafo,Asunafo North Municipal,20/10/2025,Goaso,Dried cassava chips kokonte,9.84,Retail
Greater Accra,Tema East,15/10/2025,Tema Community One,White maize,10.00,Retail
Greater Accra,Tema East,15/10/2025,Tema Community One,Maize yellow,11.25,Retail
Greater Accra,Tema East,15/10/2025,Tema Community One,Millet,22.50,Retail
Greater Accra,Tema East,15/10/2025,Tema Community One,Rice local perfumed,23.39,Retail
Greater Accra,Tema East,15/10/2025,Tema Community One,Rice imported perfumed,26.44,Retail
Greater Accra,Tema East,15/10/2025,Tema Community One,Gari,20.00,Retail
Greater Accra,Tema East,15/10/2025,Tema Community One,Dried cassava powder kokonte,16.77,Retail
Greater Accra,Tema East,15/10/2025,Tema Community One,Plantain apentu,42.86,Retail
Greater Accra,Tema East,15/10/2025,Tema Community One,Plantain apem,62.50,Retail
Greater Accra,Tema East,15/10/2025,Tema Community One,Banana exotic,23.81,Retail
Greater Accra,Tema East,15/10/2025,Tema Community One,Banana local,23.81,Retail
Greater Accra,Tema East,15/10/2025,Tema Community One,Orange,16.67,Retail
Greater Accra,Tema East,15/10/2025,Tema Community One,Watermelon,16.03,Retail
Greater Accra,Tema East,15/10/2025,Tema Community One,Pineapple,17.78,Retail
Greater Accra,Tema East,15/10/2025,Tema Community One,Garden egg,50.00,Retail
Greater Accra,Tema East,15/10/2025,Tema Community One,Okro fresh,102.78,Retail
Greater Accra,Tema East,15/10/2025,Tema Community One,Onion,30.16,Retail
Greater Accra,Tema East,15/10/2025,Tema Community One,Ginger,108.33,Retail
Greater Accra,Tema East,15/10/2025,Tema Community One,Dried pepper,61.11,Retail
Greater Accra,Tema East,15/10/2025,Tema Community One,Fresh pepper,43.33,Retail
Greater Accra,Tema East,15/10/2025,Tema Community One,Fresh pepper bonnet,43.33,Retail
Greater Accra,Tema East,15/10/2025,Tema Community One,Palm fruit,12.33,Retail
Greater Accra,Tema East,15/10/2025,Tema Community One,Groundnut red,36.00,Retail
Greater Accra,Tema East,15/10/2025,Tema Community One,Cowpea white,23.33,Retail
Greater Accra,Tema East,15/10/2025,Tema Community One,Soya bean,20.00,Retail
Greater Accra,Tema East,15/10/2025,Tema Community One,Melon seeds agushi,100.00,Retail
Greater Accra,Tema East,15/10/2025,Tema Community One,Melon seeds agushi powder,100.00,Retail
Greater Accra,Tema East,15/10/2025,Tema Community One,Palm oil,27.78,Retail
Greater Accra,Tema East,15/10/2025,Tema Community One,Beef,50.00,Retail
Greater Accra,Tema East,15/10/2025,Tema Community One,Smoked herring,75.00,Retail
Greater Accra,Tema East,15/10/2025,Tema Community One,Egg commercial,80.00,Retail
Greater Accra,Tema East,15/10/2025,Tema Community One,Chicken,52.33,Retail
Greater Accra,Tema East,15/10/2025,Tema Community One,Nkontomire,50.00,Retail
Greater Accra,Tema East,15/10/2025,Tema Community One,Ademe ayoyo jute mallow,33.33,Retail
Greater Accra,Tema East,15/10/2025,Tema Community One,Cabbage,37.78,Retail
Greater Accra,Tema East,15/10/2025,Tema Community One,Lettuce,50.00,Retail
Greater Accra,Tema East,15/10/2025,Tema Community One,Carrot,50.00,Retail
Greater Accra,Tema East,15/10/2025,Tema Community One,Pawpaw,26.67,Retail
Greater Accra,Tema East,15/10/2025,Tema Community One,Avocado pear,40.00,Retail
Greater Accra,Tema East,15/10/2025,Tema Community One,Bambara bean,28.09,Retail
Greater Accra,Tema East,15/10/2025,Tema Community One,Chevon goat meat,50.00,Retail
Greater Accra,Tema East,15/10/2025,Tema Community One,Sweet potato general white pinkish,39.53,Retail
Greater Accra,Tema East,15/10/2025,Tema Community One,Fresh red fish,70.00,Retail
Greater Accra,Tema East,15/10/2025,Tema Community One,Fresh salmon mackerel fish,41.00,Retail
Greater Accra,Tema East,15/10/2025,Tema Community One,Fresh kpanla fish,39.00,Retail
Greater Accra,Tema East,15/10/2025,Tema Community One,Plantain riped,42.86,Retail
Greater Accra,Tema East,15/10/2025,Tema Community One,Sorghum,22.50,Retail
Greater Accra,Tema East,15/10/2025,Tema Community One,Yam puna,33.01,Retail
Greater Accra,Tema East,15/10/2025,Tema Community One,Tomato navrongo,33.33,Retail
Greater Accra,Tema East,15/10/2025,Tema Community One,Alefu amaranthus,50.00,Retail
Bono East,Techiman Municipal,15/10/2025,Techiman,White maize,4.69,Retail
Bono East,Techiman Municipal,15/10/2025,Techiman,Maize yellow,5.49,Retail
Bono East,Techiman Municipal,15/10/2025,Techiman,Millet,12.17,Retail
Bono East,Techiman Municipal,15/10/2025,Techiman,Rice local perfumed,11.67,Retail
Bono East,Techiman Municipal,15/10/2025,Techiman,Rice local non perfumed,10.84,Retail
Bono East,Techiman Municipal,15/10/2025,Techiman,Rice imported perfumed,19.33,Retail
Bono East,Techiman Municipal,15/10/2025,Techiman,Rice imported non perfumed,16.75,Retail
Bono East,Techiman Municipal,15/10/2025,Techiman,Yam white,8.23,Retail
Bono East,Techiman Municipal,15/10/2025,Techiman,Cocoyam,18.18,Retail
Bono East,Techiman Municipal,15/10/2025,Techiman,Cassava,2.29,Retail
Bono East,Techiman Municipal,15/10/2025,Techiman,Gari,10.50,Retail
Bono East,Techiman Municipal,15/10/2025,Techiman,Dried cassava powder kokonte,10.48,Retail
Bono East,Techiman Municipal,15/10/2025,Techiman,Plantain apentu,9.97,Retail
Bono East,Techiman Municipal,15/10/2025,Techiman,Plantain apem,11.43,Retail
Bono East,Techiman Municipal,15/10/2025,Techiman,Banana exotic,20.87,Retail
Bono East,Techiman Municipal,15/10/2025,Techiman,Banana local,18.79,Retail
Bono East,Techiman Municipal,15/10/2025,Techiman,Orange,4.86,Retail
Bono East,Techiman Municipal,15/10/2025,Techiman,Pineapple,8.96,Retail
Bono East,Techiman Municipal,15/10/2025,Techiman,Garden egg,8.89,Retail
Bono East,Techiman Municipal,15/10/2025,Techiman,Okro fresh,16.19,Retail
Bono East,Techiman Municipal,15/10/2025,Techiman,Onion,7.10,Retail
Bono East,Techiman Municipal,15/10/2025,Techiman,Ginger,46.67,Retail
Bono East,Techiman Municipal,15/10/2025,Techiman,Dried pepper,123.33,Retail
Bono East,Techiman Municipal,15/10/2025,Techiman,Fresh pepper bonnet,15.74,Retail
Bono East,Techiman Municipal,15/10/2025,Techiman,Palm fruit,9.38,Retail
Bono East,Techiman Municipal,15/10/2025,Techiman,Tiger nut,12.78,Retail
Bono East,Techiman Municipal,15/10/2025,Techiman,Groundnut red,16.89,Retail
Bono East,Techiman Municipal,15/10/2025,Techiman,Cowpea white,18.52,Retail
Bono East,Techiman Municipal,15/10/2025,Techiman,Soya bean,9.38,Retail
Bono East,Techiman Municipal,15/10/2025,Techiman,Melon seeds agushi,48.33,Retail
Bono East,Techiman Municipal,15/10/2025,Techiman,Melon seeds neri,15.83,Retail
Bono East,Techiman Municipal,15/10/2025,Techiman,Palm oil,30.48,Retail
Bono East,Techiman Municipal,15/10/2025,Techiman,Beef,110.00,Retail
Bono East,Techiman Municipal,15/10/2025,Techiman,Smoked herring,125.00,Retail
Bono East,Techiman Municipal,15/10/2025,Techiman,Salted dried tilapia koobi,108.33,Retail
Bono East,Techiman Municipal,15/10/2025,Techiman,Anchovy,71.99,Retail
Bono East,Techiman Municipal,15/10/2025,Techiman,Egg commercial,59.33,Retail
Bono East,Techiman Municipal,15/10/2025,Techiman,Chicken,43.00,Retail
Bono East,Techiman Municipal,15/10/2025,Techiman,Nkontomire,10.83,Retail
Bono East,Techiman Municipal,15/10/2025,Techiman,Ademe ayoyo jute mallow,8.89,Retail
Bono East,Techiman Municipal,15/10/2025,Techiman,Cabbage,10.05,Retail
Bono East,Techiman Municipal,15/10/2025,Techiman,Lettuce,20.00,Retail
Bono East,Techiman Municipal,15/10/2025,Techiman,Carrot,11.67,Retail
Bono East,Techiman Municipal,15/10/2025,Techiman,Pawpaw,3.43,Retail
Bono East,Techiman Municipal,15/10/2025,Techiman,Bambara bean,23.50,Retail
Bono East,Techiman Municipal,15/10/2025,Techiman,Mutton sheep meat,130.00,Retail
Bono East,Techiman Municipal,15/10/2025,Techiman,Chevon goat meat,130.00,Retail
Bono East,Techiman Municipal,15/10/2025,Techiman,Sweet potato general white pinkish,9.81,Retail
Bono East,Techiman Municipal,15/10/2025,Techiman,Cassava dough,7.24,Retail
Bono East,Techiman Municipal,15/10/2025,Techiman,Fresh red fish,60.00,Retail
Bono East,Techiman Municipal,15/10/2025,Techiman,Fresh salmon mackerel fish,66.67,Retail
Bono East,Techiman Municipal,15/10/2025,Techiman,Fresh kpanla fish,41.33,Retail
Bono East,Techiman Municipal,15/10/2025,Techiman,Plantain riped,13.49,Retail
Bono East,Techiman Municipal,15/10/2025,Techiman,Sorghum,9.38,Retail
Bono East,Techiman Municipal,15/10/2025,Techiman,Yam puna,12.18,Retail
Bono East,Techiman Municipal,15/10/2025,Techiman,Tomato navrongo,27.42,Retail
Bono East,Techiman Municipal,15/10/2025,Techiman,Alefu amaranthus,8.89,Retail
Bono East,Techiman Municipal,15/10/2025,Techiman,Coconut fresh,5.74,Retail
Bono East,Techiman Municipal,15/10/2025,Techiman,Unshelled groundnut,23.25,Retail
Bono East,Techiman Municipal,15/10/2025,Techiman,Dried cassava chips kokonte,7.61,Retail
North East,East Mamprusi Municipal,21/10/2025,Gbintiri,White maize,3.36,Retail
North East,East Mamprusi Municipal,21/10/2025,Gbintiri,Maize yellow,3.30,Retail
North East,East Mamprusi Municipal,21/10/2025,Gbintiri,Millet,7.69,Retail
North East,East Mamprusi Municipal,21/10/2025,Gbintiri,Rice local non perfumed,12.67,Retail
North East,East Mamprusi Municipal,21/10/2025,Gbintiri,Gari,13.98,Retail
North East,East Mamprusi Municipal,21/10/2025,Gbintiri,Tomato local,11.44,Retail
North East,East Mamprusi Municipal,21/10/2025,Gbintiri,Dried pepper,28.81,Retail
North East,East Mamprusi Municipal,21/10/2025,Gbintiri,Cowpea white,14.65,Retail
North East,East Mamprusi Municipal,21/10/2025,Gbintiri,Soya bean,6.33,Retail
North East,East Mamprusi Municipal,21/10/2025,Gbintiri,Melon seeds neri,10.76,Retail
North East,East Mamprusi Municipal,21/10/2025,Gbintiri,Bambara bean,15.09,Retail
North East,East Mamprusi Municipal,21/10/2025,Gbintiri,Sorghum,7.76,Retail
North East,East Mamprusi Municipal,21/10/2025,Gbintiri,Yam puna,18.50,Retail
North East,East Mamprusi Municipal,21/10/2025,Gbintiri,Okro dried,41.19,Retail
Central,Mfantsiman Municipal,22/10/2025,Mankessim,White maize,4.76,Retail
Central,Mfantsiman Municipal,22/10/2025,Mankessim,Maize yellow,5.52,Retail
Central,Mfantsiman Municipal,22/10/2025,Mankessim,Millet,20.45,Retail
Central,Mfantsiman Municipal,22/10/2025,Mankessim,Rice local perfumed,24.29,Retail
Central,Mfantsiman Municipal,22/10/2025,Mankessim,Rice local non perfumed,16.71,Retail
Central,Mfantsiman Municipal,22/10/2025,Mankessim,Rice imported perfumed,22.69,Retail
Central,Mfantsiman Municipal,22/10/2025,Mankessim,Rice imported non perfumed,14.27,Retail
Central,Mfantsiman Municipal,22/10/2025,Mankessim,Cocoyam,17.89,Retail
Central,Mfantsiman Municipal,22/10/2025,Mankessim,Cassava,5.74,Retail
Central,Mfantsiman Municipal,22/10/2025,Mankessim,Gari,13.31,Retail
Central,Mfantsiman Municipal,22/10/2025,Mankessim,Dried cassava powder kokonte,12.00,Retail
Central,Mfantsiman Municipal,22/10/2025,Mankessim,Plantain apentu,9.68,Retail
Central,Mfantsiman Municipal,22/10/2025,Mankessim,Plantain apem,11.01,Retail
Central,Mfantsiman Municipal,22/10/2025,Mankessim,Banana exotic,13.32,Retail
Central,Mfantsiman Municipal,22/10/2025,Mankessim,Banana local,15.88,Retail
Central,Mfantsiman Municipal,22/10/2025,Mankessim,Orange,8.94,Retail
Central,Mfantsiman Municipal,22/10/2025,Mankessim,Watermelon,6.44,Retail
Central,Mfantsiman Municipal,22/10/2025,Mankessim,Pineapple,4.82,Retail
Central,Mfantsiman Municipal,22/10/2025,Mankessim,Tomato local,31.75,Retail
Central,Mfantsiman Municipal,22/10/2025,Mankessim,Garden egg,17.78,Retail
Central,Mfantsiman Municipal,22/10/2025,Mankessim,Okro fresh,15.46,Retail
Central,Mfantsiman Municipal,22/10/2025,Mankessim,Onion,15.88,Retail
Central,Mfantsiman Municipal,22/10/2025,Mankessim,Ginger,252.16,Retail
Central,Mfantsiman Municipal,22/10/2025,Mankessim,Dried pepper,89.15,Retail
Central,Mfantsiman Municipal,22/10/2025,Mankessim,Fresh pepper,50.00,Retail
Central,Mfantsiman Municipal,22/10/2025,Mankessim,Fresh pepper bonnet,20.53,Retail
Central,Mfantsiman Municipal,22/10/2025,Mankessim,Palm fruit,8.52,Retail
Central,Mfantsiman Municipal,22/10/2025,Mankessim,Tiger nut,75.64,Retail
Central,Mfantsiman Municipal,22/10/2025,Mankessim,Groundnut red,26.87,Retail
Central,Mfantsiman Municipal,22/10/2025,Mankessim,Cowpea white,32.50,Retail
Central,Mfantsiman Municipal,22/10/2025,Mankessim,Soya bean,21.48,Retail
Central,Mfantsiman Municipal,22/10/2025,Mankessim,Melon seeds agushi,61.99,Retail
Central,Mfantsiman Municipal,22/10/2025,Mankessim,Melon seeds agushi powder,73.81,Retail
Central,Mfantsiman Municipal,22/10/2025,Mankessim,Melon seeds neri,37.20,Retail
Central,Mfantsiman Municipal,22/10/2025,Mankessim,Melon seeds neri powder,29.07,Retail
Central,Mfantsiman Municipal,22/10/2025,Mankessim,Palm oil,24.44,Retail
Central,Mfantsiman Municipal,22/10/2025,Mankessim,Coconut oil,50.00,Retail
Central,Mfantsiman Municipal,22/10/2025,Mankessim,Beef,60.00,Retail
Central,Mfantsiman Municipal,22/10/2025,Mankessim,Smoked herring,59.72,Retail
Central,Mfantsiman Municipal,22/10/2025,Mankessim,Salted dried tilapia koobi,142.22,Retail
Central,Mfantsiman Municipal,22/10/2025,Mankessim,Anchovy,84.41,Retail
Central,Mfantsiman Municipal,22/10/2025,Mankessim,Kako,104.08,Retail
Central,Mfantsiman Municipal,22/10/2025,Mankessim,Egg commercial,57.50,Retail
Central,Mfantsiman Municipal,22/10/2025,Mankessim,Chicken,42.50,Retail
Central,Mfantsiman Municipal,22/10/2025,Mankessim,Nkontomire,7.51,Retail
Central,Mfantsiman Municipal,22/10/2025,Mankessim,Ademe ayoyo jute mallow,13.43,Retail
Central,Mfantsiman Municipal,22/10/2025,Mankessim,Cabbage,9.05,Retail
Central,Mfantsiman Municipal,22/10/2025,Mankessim,Lettuce,29.86,Retail
Central,Mfantsiman Municipal,22/10/2025,Mankessim,Carrot,25.88,Retail
Central,Mfantsiman Municipal,22/10/2025,Mankessim,Pawpaw,8.78,Retail
Central,Mfantsiman Municipal,22/10/2025,Mankessim,Bambara bean,32.22,Retail
Central,Mfantsiman Municipal,22/10/2025,Mankessim,Mutton sheep meat,60.00,Retail
Central,Mfantsiman Municipal,22/10/2025,Mankessim,Chevon goat meat,60.00,Retail
Central,Mfantsiman Municipal,22/10/2025,Mankessim,Snail,83.27,Retail
Central,Mfantsiman Municipal,22/10/2025,Mankessim,Sweet potato general white pinkish,6.13,Retail
Central,Mfantsiman Municipal,22/10/2025,Mankessim,Cassava dough,7.32,Retail
Central,Mfantsiman Municipal,22/10/2025,Mankessim,Fresh red fish,46.67,Retail
Central,Mfantsiman Municipal,22/10/2025,Mankessim,Fresh salmon mackerel fish,40.00,Retail
Central,Mfantsiman Municipal,22/10/2025,Mankessim,Fresh kpanla fish,35.00,Retail
Central,Mfantsiman Municipal,22/10/2025,Mankessim,Plantain riped,11.87,Retail
Central,Mfantsiman Municipal,22/10/2025,Mankessim,Yam puna,14.40,Retail
Central,Mfantsiman Municipal,22/10/2025,Mankessim,Tomato navrongo,54.04,Retail
Central,Mfantsiman Municipal,22/10/2025,Mankessim,Coconut fresh,5.63,Retail
Upper West,Wa Municipal,22/10/2025,Wa,White maize,5.00,Retail
Upper West,Wa Municipal,22/10/2025,Wa,Maize yellow,5.36,Retail
Upper West,Wa Municipal,22/10/2025,Wa,Millet,11.19,Retail
Upper West,Wa Municipal,22/10/2025,Wa,Rice local perfumed,14.37,Retail
Upper West,Wa Municipal,22/10/2025,Wa,Rice local non perfumed,10.34,Retail
Upper West,Wa Municipal,22/10/2025,Wa,Rice imported perfumed,17.82,Retail
Upper West,Wa Municipal,22/10/2025,Wa,Rice imported non perfumed,12.07,Retail
Upper West,Wa Municipal,22/10/2025,Wa,Yam white,13.04,Retail
Upper West,Wa Municipal,22/10/2025,Wa,Gari,9.44,Retail
Upper West,Wa Municipal,22/10/2025,Wa,Dried cassava powder kokonte,11.49,Retail
Upper West,Wa Municipal,22/10/2025,Wa,Banana exotic,33.33,Retail
Upper West,Wa Municipal,22/10/2025,Wa,Banana local,20.00,Retail
Upper West,Wa Municipal,22/10/2025,Wa,Tomato local,9.38,Retail
Upper West,Wa Municipal,22/10/2025,Wa,Garden egg,5.79,Retail
Upper West,Wa Municipal,22/10/2025,Wa,Okro fresh,25.00,Retail
Upper West,Wa Municipal,22/10/2025,Wa,Ginger,12.90,Retail
Upper West,Wa Municipal,22/10/2025,Wa,Dried pepper,89.17,Retail
Upper West,Wa Municipal,22/10/2025,Wa,Fresh pepper,72.22,Retail
Upper West,Wa Municipal,22/10/2025,Wa,Fresh pepper bonnet,72.89,Retail
Upper West,Wa Municipal,22/10/2025,Wa,Groundnut red,12.05,Retail
Upper West,Wa Municipal,22/10/2025,Wa,Cowpea white,18.52,Retail
Upper West,Wa Municipal,22/10/2025,Wa,Soya bean,5.95,Retail
Upper West,Wa Municipal,22/10/2025,Wa,Melon seeds agushi,24.44,Retail
Upper West,Wa Municipal,22/10/2025,Wa,Melon seeds agushi powder,20.56,Retail
Upper West,Wa Municipal,22/10/2025,Wa,Melon seeds neri,17.78,Retail
Upper West,Wa Municipal,22/10/2025,Wa,Melon seeds neri powder,35.55,Retail
Upper West,Wa Municipal,22/10/2025,Wa,Palm oil,14.22,Retail
Upper West,Wa Municipal,22/10/2025,Wa,Egg commercial,100.00,Retail
Upper West,Wa Municipal,22/10/2025,Wa,Bambara bean,21.15,Retail
Upper West,Wa Municipal,22/10/2025,Wa,Sorghum,6.66,Retail
Upper West,Wa Municipal,22/10/2025,Wa,Yam puna,16.17,Retail
Upper West,Wa Municipal,22/10/2025,Wa,Tomato navrongo,10.94,Retail
Upper West,Wa Municipal,22/10/2025,Wa,Okro dried,51.09,Retail
Upper West,Wa Municipal,22/10/2025,Wa,Unshelled groundnut,9.38,Retail
Upper West,Wa Municipal,22/10/2025,Wa,Dried cassava chips kokonte,9.26,Retail
Upper West,Wa Municipal,22/10/2025,Wa,Groundnut Oil,28.37,Retail
Eastern,New Juaben South Municipal,23/10/2025,Koforidua Central,Plantain apem,36.36,Retail
Eastern,New Juaben South Municipal,23/10/2025,Koforidua Central,Pineapple,11.11,Retail
Eastern,New Juaben South Municipal,23/10/2025,Koforidua Central,Tomato local,7.20,Retail
Eastern,New Juaben South Municipal,23/10/2025,Koforidua Central,Garden egg,7.54,Retail
Eastern,New Juaben South Municipal,23/10/2025,Koforidua Central,Okro fresh,25.00,Retail
Eastern,New Juaben South Municipal,23/10/2025,Koforidua Central,Onion,12.84,Retail
Eastern,New Juaben South Municipal,23/10/2025,Koforidua Central,Fresh pepper bonnet,11.07,Retail
Eastern,New Juaben South Municipal,23/10/2025,Koforidua Central,Egg commercial,71.67,Retail
Eastern,New Juaben South Municipal,23/10/2025,Koforidua Central,Chicken,46.00,Retail
Eastern,New Juaben South Municipal,23/10/2025,Koforidua Central,Nkontomire,9.70,Retail
Eastern,New Juaben South Municipal,23/10/2025,Koforidua Central,Carrot,12.78,Retail
Eastern,New Juaben South Municipal,23/10/2025,Koforidua Central,Fresh salmon mackerel fish,50.42,Retail
Eastern,New Juaben South Municipal,23/10/2025,Koforidua Central,Yam puna,13.81,Retail
Western North,Bibiani Anhwiaso Bekwai Municipal,24/10/2025,Bibiani ,White maize,7.52,Retail
Western North,Bibiani Anhwiaso Bekwai Municipal,24/10/2025,Bibiani ,Maize yellow,8.21,Retail
Western North,Bibiani Anhwiaso Bekwai Municipal,24/10/2025,Bibiani ,Millet,15.77,Retail
Western North,Bibiani Anhwiaso Bekwai Municipal,24/10/2025,Bibiani ,Rice local perfumed,29.17,Retail
Western North,Bibiani Anhwiaso Bekwai Municipal,24/10/2025,Bibiani ,Rice local non perfumed,18.75,Retail
Western North,Bibiani Anhwiaso Bekwai Municipal,24/10/2025,Bibiani ,Rice imported perfumed,25.42,Retail
Western North,Bibiani Anhwiaso Bekwai Municipal,24/10/2025,Bibiani ,Rice imported non perfumed,25.56,Retail
Western North,Bibiani Anhwiaso Bekwai Municipal,24/10/2025,Bibiani ,Gari,16.94,Retail
Western North,Bibiani Anhwiaso Bekwai Municipal,24/10/2025,Bibiani ,Tomato local,62.57,Retail
Western North,Bibiani Anhwiaso Bekwai Municipal,24/10/2025,Bibiani ,Garden egg,12.18,Retail
Western North,Bibiani Anhwiaso Bekwai Municipal,24/10/2025,Bibiani ,Onion,46.99,Retail
Western North,Bibiani Anhwiaso Bekwai Municipal,24/10/2025,Bibiani ,Ginger,54.11,Retail
Western North,Bibiani Anhwiaso Bekwai Municipal,24/10/2025,Bibiani ,Dried pepper,17.30,Retail
Western North,Bibiani Anhwiaso Bekwai Municipal,24/10/2025,Bibiani ,Fresh pepper,9.95,Retail
Western North,Bibiani Anhwiaso Bekwai Municipal,24/10/2025,Bibiani ,Fresh pepper bonnet,9.47,Retail
Western North,Bibiani Anhwiaso Bekwai Municipal,24/10/2025,Bibiani ,Palm fruit,13.56,Retail
Western North,Bibiani Anhwiaso Bekwai Municipal,24/10/2025,Bibiani ,Groundnut red,26.33,Retail
Western North,Bibiani Anhwiaso Bekwai Municipal,24/10/2025,Bibiani ,Cowpea white,26.25,Retail
Western North,Bibiani Anhwiaso Bekwai Municipal,24/10/2025,Bibiani ,Soya bean,29.44,Retail
Western North,Bibiani Anhwiaso Bekwai Municipal,24/10/2025,Bibiani ,Melon seeds agushi,60.00,Retail
Western North,Bibiani Anhwiaso Bekwai Municipal,24/10/2025,Bibiani ,Melon seeds agushi powder,51.28,Retail
Western North,Bibiani Anhwiaso Bekwai Municipal,24/10/2025,Bibiani ,Egg commercial,62.67,Retail
Western North,Bibiani Anhwiaso Bekwai Municipal,24/10/2025,Bibiani ,Chicken,38.44,Retail
Western North,Bibiani Anhwiaso Bekwai Municipal,24/10/2025,Bibiani ,Nkontomire,13.72,Retail
Western North,Bibiani Anhwiaso Bekwai Municipal,24/10/2025,Bibiani ,Cabbage,12.93,Retail
Western North,Bibiani Anhwiaso Bekwai Municipal,24/10/2025,Bibiani ,Lettuce,16.45,Retail
Western North,Bibiani Anhwiaso Bekwai Municipal,24/10/2025,Bibiani ,Carrot,21.67,Retail
Western North,Bibiani Anhwiaso Bekwai Municipal,24/10/2025,Bibiani ,Pawpaw,8.19,Retail
Western North,Bibiani Anhwiaso Bekwai Municipal,24/10/2025,Bibiani ,Mutton sheep meat,91.41,Retail
Western North,Bibiani Anhwiaso Bekwai Municipal,24/10/2025,Bibiani ,Chevon goat meat,112.73,Retail
Western North,Bibiani Anhwiaso Bekwai Municipal,24/10/2025,Bibiani ,Fresh salmon mackerel fish,40.70,Retail
Western North,Bibiani Anhwiaso Bekwai Municipal,24/10/2025,Bibiani ,Fresh kpanla fish,35.83,Retail
Western North,Bibiani Anhwiaso Bekwai Municipal,24/10/2025,Bibiani ,Unshelled groundnut,12.14,Retail
Greater Accra,Tema East,22/10/2025,Tema Community One,White maize,10.00,Retail
Greater Accra,Tema East,22/10/2025,Tema Community One,Maize yellow,11.25,Retail
Greater Accra,Tema East,22/10/2025,Tema Community One,Millet,22.50,Retail
Greater Accra,Tema East,22/10/2025,Tema Community One,Rice local perfumed,25.33,Retail
Greater Accra,Tema East,22/10/2025,Tema Community One,Rice imported perfumed,26.44,Retail
Greater Accra,Tema East,22/10/2025,Tema Community One,Gari,20.00,Retail
Greater Accra,Tema East,22/10/2025,Tema Community One,Dried cassava powder kokonte,23.33,Retail
Greater Accra,Tema East,22/10/2025,Tema Community One,Plantain apentu,28.57,Retail
Greater Accra,Tema East,22/10/2025,Tema Community One,Plantain apem,50.00,Retail
Greater Accra,Tema East,22/10/2025,Tema Community One,Banana exotic,25.00,Retail
Greater Accra,Tema East,22/10/2025,Tema Community One,Banana local,25.00,Retail
Greater Accra,Tema East,22/10/2025,Tema Community One,Orange,19.45,Retail
Greater Accra,Tema East,22/10/2025,Tema Community One,Watermelon,14.43,Retail
Greater Accra,Tema East,22/10/2025,Tema Community One,Pineapple,17.78,Retail
Greater Accra,Tema East,22/10/2025,Tema Community One,Garden egg,33.33,Retail
Greater Accra,Tema East,22/10/2025,Tema Community One,Okro fresh,83.33,Retail
Greater Accra,Tema East,22/10/2025,Tema Community One,Onion,28.57,Retail
Greater Accra,Tema East,22/10/2025,Tema Community One,Ginger,108.33,Retail
Greater Accra,Tema East,22/10/2025,Tema Community One,Dried pepper,61.11,Retail
Greater Accra,Tema East,22/10/2025,Tema Community One,Fresh pepper,40.00,Retail
Greater Accra,Tema East,22/10/2025,Tema Community One,Fresh pepper bonnet,40.00,Retail
Greater Accra,Tema East,22/10/2025,Tema Community One,Palm fruit,12.50,Retail
Greater Accra,Tema East,22/10/2025,Tema Community One,Groundnut red,28.00,Retail
Greater Accra,Tema East,22/10/2025,Tema Community One,Cowpea white,23.33,Retail
Greater Accra,Tema East,22/10/2025,Tema Community One,Soya bean,20.00,Retail
Greater Accra,Tema East,22/10/2025,Tema Community One,Melon seeds agushi,100.00,Retail
Greater Accra,Tema East,22/10/2025,Tema Community One,Melon seeds agushi powder,75.00,Retail
Greater Accra,Tema East,22/10/2025,Tema Community One,Palm oil,26.67,Retail
Greater Accra,Tema East,22/10/2025,Tema Community One,Beef,50.00,Retail
Greater Accra,Tema East,22/10/2025,Tema Community One,Smoked herring,83.33,Retail
Greater Accra,Tema East,22/10/2025,Tema Community One,Egg commercial,80.00,Retail
Greater Accra,Tema East,22/10/2025,Tema Community One,Chicken,52.67,Retail
Greater Accra,Tema East,22/10/2025,Tema Community One,Nkontomire,50.00,Retail
Greater Accra,Tema East,22/10/2025,Tema Community One,Ademe ayoyo jute mallow,50.00,Retail
Greater Accra,Tema East,22/10/2025,Tema Community One,Cabbage,33.33,Retail
Greater Accra,Tema East,22/10/2025,Tema Community One,Lettuce,50.00,Retail
Greater Accra,Tema East,22/10/2025,Tema Community One,Carrot,50.00,Retail
Greater Accra,Tema East,22/10/2025,Tema Community One,Pawpaw,20.56,Retail
Greater Accra,Tema East,22/10/2025,Tema Community One,Avocado pear,40.00,Retail
Greater Accra,Tema East,22/10/2025,Tema Community One,Bambara bean,29.05,Retail
Greater Accra,Tema East,22/10/2025,Tema Community One,Chevon goat meat,50.00,Retail
Greater Accra,Tema East,22/10/2025,Tema Community One,Sweet potato general white pinkish,37.82,Retail
Greater Accra,Tema East,22/10/2025,Tema Community One,Fresh red fish,69.33,Retail
Greater Accra,Tema East,22/10/2025,Tema Community One,Fresh salmon mackerel fish,41.33,Retail
Greater Accra,Tema East,22/10/2025,Tema Community One,Fresh kpanla fish,39.33,Retail
Greater Accra,Tema East,22/10/2025,Tema Community One,Plantain riped,28.57,Retail
Greater Accra,Tema East,22/10/2025,Tema Community One,Sorghum,22.50,Retail
Greater Accra,Tema East,22/10/2025,Tema Community One,Yam puna,34.12,Retail
Greater Accra,Tema East,22/10/2025,Tema Community One,Tomato navrongo,46.67,Retail
Greater Accra,Tema East,22/10/2025,Tema Community One,Alefu amaranthus,50.00,Retail
Ahafo,Asunafo North Municipal,26/10/2025,Goaso,White maize,6.90,Retail
Ahafo,Asunafo North Municipal,26/10/2025,Goaso,Maize yellow,6.90,Retail
Ahafo,Asunafo North Municipal,26/10/2025,Goaso,Millet,12.67,Retail
Ahafo,Asunafo North Municipal,26/10/2025,Goaso,Rice local perfumed,13.33,Retail
Ahafo,Asunafo North Municipal,26/10/2025,Goaso,Cocoyam,12.04,Retail
Ahafo,Asunafo North Municipal,26/10/2025,Goaso,Gari,10.83,Retail
Ahafo,Asunafo North Municipal,26/10/2025,Goaso,Dried cassava powder kokonte,10.57,Retail
Ahafo,Asunafo North Municipal,26/10/2025,Goaso,Plantain apentu,10.07,Retail
Ahafo,Asunafo North Municipal,26/10/2025,Goaso,Plantain apem,9.42,Retail
Ahafo,Asunafo North Municipal,26/10/2025,Goaso,Orange,5.19,Retail
Ahafo,Asunafo North Municipal,26/10/2025,Goaso,Tomato local,15.28,Retail
Ahafo,Asunafo North Municipal,26/10/2025,Goaso,Garden egg,10.00,Retail
Ahafo,Asunafo North Municipal,26/10/2025,Goaso,Okro fresh,12.50,Retail
Ahafo,Asunafo North Municipal,26/10/2025,Goaso,Ginger,21.67,Retail
Ahafo,Asunafo North Municipal,26/10/2025,Goaso,Fresh pepper bonnet,33.33,Retail
Ahafo,Asunafo North Municipal,26/10/2025,Goaso,Palm fruit,5.60,Retail
Ahafo,Asunafo North Municipal,26/10/2025,Goaso,Groundnut red,18.89,Retail
Ahafo,Asunafo North Municipal,26/10/2025,Goaso,Cowpea white,13.33,Retail
Ahafo,Asunafo North Municipal,26/10/2025,Goaso,Egg commercial,51.67,Retail
Ahafo,Asunafo North Municipal,26/10/2025,Goaso,Nkontomire,9.44,Retail
Ahafo,Asunafo North Municipal,26/10/2025,Goaso,Sorghum,10.67,Retail
Ahafo,Asunafo North Municipal,26/10/2025,Goaso,Yam puna,8.71,Retail
Ahafo,Asunafo North Municipal,26/10/2025,Goaso,Tomato navrongo,13.10,Retail
Ahafo,Asunafo North Municipal,26/10/2025,Goaso,Coconut fresh,3.88,Retail
Ahafo,Asunafo North Municipal,26/10/2025,Goaso,Dried cassava chips kokonte,9.68,Retail
Oti,Nkwanta South Municipal,13/10/2025,Nkwanta ,White maize,5.80,Retail
Oti,Nkwanta South Municipal,13/10/2025,Nkwanta ,Maize yellow,8.00,Retail
Oti,Nkwanta South Municipal,13/10/2025,Nkwanta ,Millet,12.10,Retail
Oti,Nkwanta South Municipal,13/10/2025,Nkwanta ,Rice local perfumed,12.22,Retail
Oti,Nkwanta South Municipal,13/10/2025,Nkwanta ,Rice local non perfumed,8.93,Retail
Oti,Nkwanta South Municipal,13/10/2025,Nkwanta ,Rice imported perfumed,20.33,Retail
Oti,Nkwanta South Municipal,13/10/2025,Nkwanta ,Rice imported non perfumed,17.56,Retail
Oti,Nkwanta South Municipal,13/10/2025,Nkwanta ,Yam white,6.79,Retail
Oti,Nkwanta South Municipal,13/10/2025,Nkwanta ,Cocoyam,10.00,Retail
Oti,Nkwanta South Municipal,13/10/2025,Nkwanta ,Cassava,4.85,Retail
Oti,Nkwanta South Municipal,13/10/2025,Nkwanta ,Gari,10.28,Retail
Oti,Nkwanta South Municipal,13/10/2025,Nkwanta ,Dried cassava powder kokonte,9.09,Retail
Oti,Nkwanta South Municipal,13/10/2025,Nkwanta ,Plantain apentu,11.11,Retail
Oti,Nkwanta South Municipal,13/10/2025,Nkwanta ,Plantain apem,5.88,Retail
Oti,Nkwanta South Municipal,13/10/2025,Nkwanta ,Banana exotic,5.09,Retail
Oti,Nkwanta South Municipal,13/10/2025,Nkwanta ,Banana local,5.36,Retail
Oti,Nkwanta South Municipal,13/10/2025,Nkwanta ,Orange,9.44,Retail
Oti,Nkwanta South Municipal,13/10/2025,Nkwanta ,Watermelon,8.09,Retail
Oti,Nkwanta South Municipal,13/10/2025,Nkwanta ,Pineapple,8.52,Retail
Oti,Nkwanta South Municipal,13/10/2025,Nkwanta ,Tomato local,10.00,Retail
Oti,Nkwanta South Municipal,13/10/2025,Nkwanta ,Garden egg,14.29,Retail
Oti,Nkwanta South Municipal,13/10/2025,Nkwanta ,Okro fresh,10.00,Retail
Oti,Nkwanta South Municipal,13/10/2025,Nkwanta ,Onion,17.50,Retail
Oti,Nkwanta South Municipal,13/10/2025,Nkwanta ,Ginger,50.00,Retail
Oti,Nkwanta South Municipal,13/10/2025,Nkwanta ,Dried pepper,80.00,Retail
Oti,Nkwanta South Municipal,13/10/2025,Nkwanta ,Fresh pepper bonnet,25.00,Retail
Oti,Nkwanta South Municipal,13/10/2025,Nkwanta ,Palm fruit,10.00,Retail
Oti,Nkwanta South Municipal,13/10/2025,Nkwanta ,Cowpea white,19.99,Retail
Oti,Nkwanta South Municipal,13/10/2025,Nkwanta ,Soya bean,9.57,Retail
Oti,Nkwanta South Municipal,13/10/2025,Nkwanta ,Melon seeds agushi,50.00,Retail
Oti,Nkwanta South Municipal,13/10/2025,Nkwanta ,Melon seeds neri,10.42,Retail
Oti,Nkwanta South Municipal,13/10/2025,Nkwanta ,Palm oil,41.67,Retail
Oti,Nkwanta South Municipal,13/10/2025,Nkwanta ,Beef,68.18,Retail
Oti,Nkwanta South Municipal,13/10/2025,Nkwanta ,Smoked herring,42.86,Retail
Oti,Nkwanta South Municipal,13/10/2025,Nkwanta ,Salted dried tilapia koobi,20.00,Retail
Oti,Nkwanta South Municipal,13/10/2025,Nkwanta ,Egg commercial,70.00,Retail
Oti,Nkwanta South Municipal,13/10/2025,Nkwanta ,Chicken,46.67,Retail
Oti,Nkwanta South Municipal,13/10/2025,Nkwanta ,Nkontomire,5.00,Retail
Oti,Nkwanta South Municipal,13/10/2025,Nkwanta ,Ademe ayoyo jute mallow,10.00,Retail
Oti,Nkwanta South Municipal,13/10/2025,Nkwanta ,Cabbage,10.74,Retail
Oti,Nkwanta South Municipal,13/10/2025,Nkwanta ,Lettuce,16.67,Retail
Oti,Nkwanta South Municipal,13/10/2025,Nkwanta ,Carrot,20.00,Retail
Oti,Nkwanta South Municipal,13/10/2025,Nkwanta ,Pawpaw,6.67,Retail
Oti,Nkwanta South Municipal,13/10/2025,Nkwanta ,Bambara bean,22.00,Retail
Oti,Nkwanta South Municipal,13/10/2025,Nkwanta ,Chevon goat meat,22.73,Retail
Oti,Nkwanta South Municipal,13/10/2025,Nkwanta ,Cassava dough,4.00,Retail
Oti,Nkwanta South Municipal,13/10/2025,Nkwanta ,Fresh salmon mackerel fish,36.67,Retail
Oti,Nkwanta South Municipal,13/10/2025,Nkwanta ,Fresh kpanla fish,25.00,Retail
Oti,Nkwanta South Municipal,13/10/2025,Nkwanta ,Plantain riped,11.11,Retail
Oti,Nkwanta South Municipal,13/10/2025,Nkwanta ,Sorghum,9.05,Retail
Oti,Nkwanta South Municipal,13/10/2025,Nkwanta ,Yam puna,10.61,Retail
Oti,Nkwanta South Municipal,13/10/2025,Nkwanta ,Tomato navrongo,20.00,Retail
Oti,Nkwanta South Municipal,13/10/2025,Nkwanta ,Coconut fresh,10.00,Retail
Oti,Nkwanta South Municipal,13/10/2025,Nkwanta ,Okro dried,36.67,Retail
Oti,Nkwanta South Municipal,13/10/2025,Nkwanta ,Dried cassava chips kokonte,7.23,Retail
Bono East,Kintampo North Municipal,27/10/2025,Kintampo,White maize,4.05,Retail
Bono East,Kintampo North Municipal,27/10/2025,Kintampo,Maize yellow,4.00,Retail
Bono East,Kintampo North Municipal,27/10/2025,Kintampo,Millet,11.87,Retail
Bono East,Kintampo North Municipal,27/10/2025,Kintampo,Rice local perfumed,12.34,Retail
Bono East,Kintampo North Municipal,27/10/2025,Kintampo,Rice imported perfumed,16.09,Retail
Bono East,Kintampo North Municipal,27/10/2025,Kintampo,Yam white,20.67,Retail
Bono East,Kintampo North Municipal,27/10/2025,Kintampo,Cassava,3.08,Retail
Bono East,Kintampo North Municipal,27/10/2025,Kintampo,Gari,10.30,Retail
Bono East,Kintampo North Municipal,27/10/2025,Kintampo,Plantain apentu,29.97,Retail
Bono East,Kintampo North Municipal,27/10/2025,Kintampo,Plantain apem,13.37,Retail
Bono East,Kintampo North Municipal,27/10/2025,Kintampo,Tomato local,20.38,Retail
Bono East,Kintampo North Municipal,27/10/2025,Kintampo,Garden egg,12.82,Retail
Bono East,Kintampo North Municipal,27/10/2025,Kintampo,Okro fresh,25.79,Retail
Bono East,Kintampo North Municipal,27/10/2025,Kintampo,Onion,14.10,Retail
Bono East,Kintampo North Municipal,27/10/2025,Kintampo,Dried pepper,82.22,Retail
Bono East,Kintampo North Municipal,27/10/2025,Kintampo,Fresh pepper,23.38,Retail
Bono East,Kintampo North Municipal,27/10/2025,Kintampo,Groundnut red,12.22,Retail
Bono East,Kintampo North Municipal,27/10/2025,Kintampo,Cowpea white,12.27,Retail
Bono East,Kintampo North Municipal,27/10/2025,Kintampo,Sorghum,9.63,Retail
Bono East,Kintampo North Municipal,27/10/2025,Kintampo,Yam puna,26.87,Retail
Bono East,Kintampo North Municipal,27/10/2025,Kintampo,Okro dried,50.13,Retail
Bono East,Kintampo North Municipal,27/10/2025,Kintampo,Dried cassava chips kokonte,6.86,Retail
Bono,Sunyani Municipal,23/10/2025,Nana Bosomah,White maize,4.26,Retail
Bono,Sunyani Municipal,23/10/2025,Nana Bosomah,Maize yellow,4.26,Retail
Bono,Sunyani Municipal,23/10/2025,Nana Bosomah,Millet,14.58,Retail
Bono,Sunyani Municipal,23/10/2025,Nana Bosomah,Rice local perfumed,12.96,Retail
Bono,Sunyani Municipal,23/10/2025,Nana Bosomah,Rice local non perfumed,10.37,Retail
Bono,Sunyani Municipal,23/10/2025,Nana Bosomah,Rice imported perfumed,22.00,Retail
Bono,Sunyani Municipal,23/10/2025,Nana Bosomah,Rice imported non perfumed,15.56,Retail
Bono,Sunyani Municipal,23/10/2025,Nana Bosomah,Yam white,8.33,Retail
Bono,Sunyani Municipal,23/10/2025,Nana Bosomah,Cocoyam,19.14,Retail
Bono,Sunyani Municipal,23/10/2025,Nana Bosomah,Cassava,4.38,Retail
Bono,Sunyani Municipal,23/10/2025,Nana Bosomah,Gari,12.50,Retail
Bono,Sunyani Municipal,23/10/2025,Nana Bosomah,Dried cassava powder kokonte,20.00,Retail
Bono,Sunyani Municipal,23/10/2025,Nana Bosomah,Plantain apentu,9.39,Retail
Bono,Sunyani Municipal,23/10/2025,Nana Bosomah,Plantain apem,9.70,Retail
Bono,Sunyani Municipal,23/10/2025,Nana Bosomah,Banana exotic,33.33,Retail
Bono,Sunyani Municipal,23/10/2025,Nana Bosomah,Banana local,33.33,Retail
Bono,Sunyani Municipal,23/10/2025,Nana Bosomah,Orange,4.72,Retail
Bono,Sunyani Municipal,23/10/2025,Nana Bosomah,Watermelon,4.38,Retail
Bono,Sunyani Municipal,23/10/2025,Nana Bosomah,Pineapple,6.25,Retail
Bono,Sunyani Municipal,23/10/2025,Nana Bosomah,Garden egg,10.07,Retail
Bono,Sunyani Municipal,23/10/2025,Nana Bosomah,Okro fresh,9.55,Retail
Bono,Sunyani Municipal,23/10/2025,Nana Bosomah,Onion,15.31,Retail
Bono,Sunyani Municipal,23/10/2025,Nana Bosomah,Ginger,18.79,Retail
Bono,Sunyani Municipal,23/10/2025,Nana Bosomah,Dried pepper,133.33,Retail
Bono,Sunyani Municipal,23/10/2025,Nana Bosomah,Fresh pepper bonnet,37.50,Retail
Bono,Sunyani Municipal,23/10/2025,Nana Bosomah,Tiger nut,30.00,Retail
Bono,Sunyani Municipal,23/10/2025,Nana Bosomah,Groundnut red,20.00,Retail
Bono,Sunyani Municipal,23/10/2025,Nana Bosomah,Cowpea white,16.67,Retail
Bono,Sunyani Municipal,23/10/2025,Nana Bosomah,Soya bean,12.50,Retail
Bono,Sunyani Municipal,23/10/2025,Nana Bosomah,Melon seeds agushi,40.00,Retail
Bono,Sunyani Municipal,23/10/2025,Nana Bosomah,Melon seeds agushi powder,40.91,Retail
Bono,Sunyani Municipal,23/10/2025,Nana Bosomah,Melon seeds neri,26.67,Retail
Bono,Sunyani Municipal,23/10/2025,Nana Bosomah,Melon seeds neri powder,29.41,Retail
Bono,Sunyani Municipal,23/10/2025,Nana Bosomah,Palm oil,26.67,Retail
Bono,Sunyani Municipal,23/10/2025,Nana Bosomah,Beef,100.00,Retail
Bono,Sunyani Municipal,23/10/2025,Nana Bosomah,Smoked herring,100.00,Retail
Bono,Sunyani Municipal,23/10/2025,Nana Bosomah,Salted dried tilapia koobi,200.00,Retail
Bono,Sunyani Municipal,23/10/2025,Nana Bosomah,Anchovy,100.00,Retail
Bono,Sunyani Municipal,23/10/2025,Nana Bosomah,Egg commercial,46.67,Retail
Bono,Sunyani Municipal,23/10/2025,Nana Bosomah,Chicken,50.00,Retail
Bono,Sunyani Municipal,23/10/2025,Nana Bosomah,Nkontomire,20.00,Retail
Bono,Sunyani Municipal,23/10/2025,Nana Bosomah,Ademe ayoyo jute mallow,20.00,Retail
Bono,Sunyani Municipal,23/10/2025,Nana Bosomah,Bambara bean,28.85,Retail
Bono,Sunyani Municipal,23/10/2025,Nana Bosomah,Mutton sheep meat,160.00,Retail
Bono,Sunyani Municipal,23/10/2025,Nana Bosomah,Chevon goat meat,160.00,Retail
Bono,Sunyani Municipal,23/10/2025,Nana Bosomah,Fresh red fish,55.00,Retail
Bono,Sunyani Municipal,23/10/2025,Nana Bosomah,Fresh salmon mackerel fish,42.00,Retail
Bono,Sunyani Municipal,23/10/2025,Nana Bosomah,Fresh kpanla fish,40.00,Retail
Bono,Sunyani Municipal,23/10/2025,Nana Bosomah,Sorghum,12.00,Retail
Bono,Sunyani Municipal,23/10/2025,Nana Bosomah,Yam puna,10.00,Retail
Bono,Sunyani Municipal,23/10/2025,Nana Bosomah,Tomato navrongo,20.20,Retail
Bono,Sunyani Municipal,23/10/2025,Nana Bosomah,Alefu amaranthus,20.00,Retail
Bono,Sunyani Municipal,23/10/2025,Nana Bosomah,Coconut fresh,2.44,Retail
Bono,Sunyani Municipal,23/10/2025,Nana Bosomah,Okro dried,53.33,Retail
Bono,Sunyani Municipal,23/10/2025,Nana Bosomah,Dried cassava chips kokonte,7.00,Retail
Central,Mfantsiman Municipal,29/10/2025,Mankessim,White maize,4.73,Retail
Central,Mfantsiman Municipal,29/10/2025,Mankessim,Maize yellow,5.52,Retail
Central,Mfantsiman Municipal,29/10/2025,Mankessim,Millet,20.78,Retail
Central,Mfantsiman Municipal,29/10/2025,Mankessim,Rice local perfumed,24.38,Retail
Central,Mfantsiman Municipal,29/10/2025,Mankessim,Rice local non perfumed,17.65,Retail
Central,Mfantsiman Municipal,29/10/2025,Mankessim,Rice imported perfumed,22.69,Retail
Central,Mfantsiman Municipal,29/10/2025,Mankessim,Rice imported non perfumed,15.13,Retail
Central,Mfantsiman Municipal,29/10/2025,Mankessim,Cocoyam,19.37,Retail
Central,Mfantsiman Municipal,29/10/2025,Mankessim,Cassava,7.83,Retail
Central,Mfantsiman Municipal,29/10/2025,Mankessim,Gari,13.51,Retail
Central,Mfantsiman Municipal,29/10/2025,Mankessim,Dried cassava powder kokonte,12.01,Retail
Central,Mfantsiman Municipal,29/10/2025,Mankessim,Plantain apentu,7.78,Retail
Central,Mfantsiman Municipal,29/10/2025,Mankessim,Plantain apem,8.37,Retail
Central,Mfantsiman Municipal,29/10/2025,Mankessim,Banana exotic,13.80,Retail
Central,Mfantsiman Municipal,29/10/2025,Mankessim,Banana local,12.83,Retail
Central,Mfantsiman Municipal,29/10/2025,Mankessim,Orange,7.79,Retail
Central,Mfantsiman Municipal,29/10/2025,Mankessim,Watermelon,6.92,Retail
Central,Mfantsiman Municipal,29/10/2025,Mankessim,Pineapple,7.86,Retail
Central,Mfantsiman Municipal,29/10/2025,Mankessim,Tomato local,23.21,Retail
Central,Mfantsiman Municipal,29/10/2025,Mankessim,Garden egg,11.43,Retail
Central,Mfantsiman Municipal,29/10/2025,Mankessim,Okro fresh,21.83,Retail
Central,Mfantsiman Municipal,29/10/2025,Mankessim,Onion,13.50,Retail
Central,Mfantsiman Municipal,29/10/2025,Mankessim,Ginger,252.87,Retail
Central,Mfantsiman Municipal,29/10/2025,Mankessim,Dried pepper,92.66,Retail
Central,Mfantsiman Municipal,29/10/2025,Mankessim,Fresh pepper,61.11,Retail
Central,Mfantsiman Municipal,29/10/2025,Mankessim,Fresh pepper bonnet,17.86,Retail
Central,Mfantsiman Municipal,29/10/2025,Mankessim,Palm fruit,8.58,Retail
Central,Mfantsiman Municipal,29/10/2025,Mankessim,Tiger nut,86.46,Retail
Central,Mfantsiman Municipal,29/10/2025,Mankessim,Groundnut red,26.12,Retail
Central,Mfantsiman Municipal,29/10/2025,Mankessim,Cowpea white,26.84,Retail
Central,Mfantsiman Municipal,29/10/2025,Mankessim,Soya bean,20.00,Retail
Central,Mfantsiman Municipal,29/10/2025,Mankessim,Melon seeds agushi,61.99,Retail
Central,Mfantsiman Municipal,29/10/2025,Mankessim,Melon seeds agushi powder,84.87,Retail
Central,Mfantsiman Municipal,29/10/2025,Mankessim,Melon seeds neri,37.50,Retail
Central,Mfantsiman Municipal,29/10/2025,Mankessim,Melon seeds neri powder,44.57,Retail
Central,Mfantsiman Municipal,29/10/2025,Mankessim,Palm oil,23.33,Retail
Central,Mfantsiman Municipal,29/10/2025,Mankessim,Coconut oil,50.00,Retail
Central,Mfantsiman Municipal,29/10/2025,Mankessim,Beef,60.00,Retail
Central,Mfantsiman Municipal,29/10/2025,Mankessim,Smoked herring,62.20,Retail
Central,Mfantsiman Municipal,29/10/2025,Mankessim,Salted dried tilapia koobi,108.82,Retail
Central,Mfantsiman Municipal,29/10/2025,Mankessim,Anchovy,84.29,Retail
Central,Mfantsiman Municipal,29/10/2025,Mankessim,Kako,105.73,Retail
Central,Mfantsiman Municipal,29/10/2025,Mankessim,Egg commercial,58.75,Retail
Central,Mfantsiman Municipal,29/10/2025,Mankessim,Chicken,43.00,Retail
Central,Mfantsiman Municipal,29/10/2025,Mankessim,Nkontomire,13.48,Retail
Central,Mfantsiman Municipal,29/10/2025,Mankessim,Ademe ayoyo jute mallow,13.10,Retail
Central,Mfantsiman Municipal,29/10/2025,Mankessim,Cabbage,8.98,Retail
Central,Mfantsiman Municipal,29/10/2025,Mankessim,Lettuce,29.46,Retail
Central,Mfantsiman Municipal,29/10/2025,Mankessim,Carrot,33.33,Retail
Central,Mfantsiman Municipal,29/10/2025,Mankessim,Pawpaw,9.28,Retail
Central,Mfantsiman Municipal,29/10/2025,Mankessim,Bambara bean,30.20,Retail
Central,Mfantsiman Municipal,29/10/2025,Mankessim,Mutton sheep meat,60.00,Retail
Central,Mfantsiman Municipal,29/10/2025,Mankessim,Chevon goat meat,60.00,Retail
Central,Mfantsiman Municipal,29/10/2025,Mankessim,Snail,78.97,Retail
Central,Mfantsiman Municipal,29/10/2025,Mankessim,Sweet potato general white pinkish,7.89,Retail
Central,Mfantsiman Municipal,29/10/2025,Mankessim,Cassava dough,6.88,Retail
Central,Mfantsiman Municipal,29/10/2025,Mankessim,Fresh red fish,50.00,Retail
Central,Mfantsiman Municipal,29/10/2025,Mankessim,Fresh salmon mackerel fish,40.00,Retail
Central,Mfantsiman Municipal,29/10/2025,Mankessim,Fresh kpanla fish,35.00,Retail
Central,Mfantsiman Municipal,29/10/2025,Mankessim,Plantain riped,15.98,Retail
Central,Mfantsiman Municipal,29/10/2025,Mankessim,Yam puna,13.40,Retail
Central,Mfantsiman Municipal,29/10/2025,Mankessim,Tomato navrongo,30.75,Retail
Central,Mfantsiman Municipal,29/10/2025,Mankessim,Coconut fresh,3.58,Retail
Upper West,Wa Municipal,30/10/2025,Wa,White maize,4.94,Retail
Upper West,Wa Municipal,30/10/2025,Wa,Maize yellow,5.06,Retail
Upper West,Wa Municipal,30/10/2025,Wa,Millet,10.45,Retail
Upper West,Wa Municipal,30/10/2025,Wa,Rice local perfumed,13.79,Retail
Upper West,Wa Municipal,30/10/2025,Wa,Rice local non perfumed,12.07,Retail
Upper West,Wa Municipal,30/10/2025,Wa,Rice imported perfumed,15.52,Retail
Upper West,Wa Municipal,30/10/2025,Wa,Rice imported non perfumed,12.07,Retail
Upper West,Wa Municipal,30/10/2025,Wa,Yam white,7.75,Retail
Upper West,Wa Municipal,30/10/2025,Wa,Gari,15.00,Retail
Upper West,Wa Municipal,30/10/2025,Wa,Dried cassava powder kokonte,13.46,Retail
Upper West,Wa Municipal,30/10/2025,Wa,Banana exotic,25.00,Retail
Upper West,Wa Municipal,30/10/2025,Wa,Banana local,50.00,Retail
Upper West,Wa Municipal,30/10/2025,Wa,Orange,10.83,Retail
Upper West,Wa Municipal,30/10/2025,Wa,Tomato local,10.00,Retail
Upper West,Wa Municipal,30/10/2025,Wa,Garden egg,5.56,Retail
Upper West,Wa Municipal,30/10/2025,Wa,Okro fresh,38.89,Retail
Upper West,Wa Municipal,30/10/2025,Wa,Ginger,13.33,Retail
Upper West,Wa Municipal,30/10/2025,Wa,Dried pepper,61.54,Retail
Upper West,Wa Municipal,30/10/2025,Wa,Fresh pepper,22.22,Retail
Upper West,Wa Municipal,30/10/2025,Wa,Fresh pepper bonnet,32.14,Retail
Upper West,Wa Municipal,30/10/2025,Wa,Groundnut red,12.00,Retail
Upper West,Wa Municipal,30/10/2025,Wa,Cowpea white,21.74,Retail
Upper West,Wa Municipal,30/10/2025,Wa,Soya bean,6.00,Retail
Upper West,Wa Municipal,30/10/2025,Wa,Melon seeds agushi,50.00,Retail
Upper West,Wa Municipal,30/10/2025,Wa,Melon seeds agushi powder,12.50,Retail
Upper West,Wa Municipal,30/10/2025,Wa,Melon seeds neri,10.00,Retail
Upper West,Wa Municipal,30/10/2025,Wa,Melon seeds neri powder,3.96,Retail
Upper West,Wa Municipal,30/10/2025,Wa,Bambara bean,19.64,Retail
Upper West,Wa Municipal,30/10/2025,Wa,Sorghum,6.67,Retail
Upper West,Wa Municipal,30/10/2025,Wa,Yam puna,12.01,Retail
Upper West,Wa Municipal,30/10/2025,Wa,Tomato navrongo,11.67,Retail
Upper West,Wa Municipal,30/10/2025,Wa,Okro dried,64.10,Retail
Upper West,Wa Municipal,30/10/2025,Wa,Unshelled groundnut,8.77,Retail
Upper West,Wa Municipal,30/10/2025,Wa,Dried cassava chips kokonte,10.42,Retail
Upper West,Wa Municipal,30/10/2025,Wa,Groundnut Oil,28.37,Retail
Eastern,New Juaben South Municipal,30/10/2025,Koforidua Central,Rice imported perfumed,14.81,Retail
Eastern,New Juaben South Municipal,30/10/2025,Koforidua Central,Plantain apentu,13.40,Retail
Eastern,New Juaben South Municipal,30/10/2025,Koforidua Central,Watermelon,7.14,Retail
Eastern,New Juaben South Municipal,30/10/2025,Koforidua Central,Tomato local,9.39,Retail
Eastern,New Juaben South Municipal,30/10/2025,Koforidua Central,Okro fresh,9.39,Retail
Eastern,New Juaben South Municipal,30/10/2025,Koforidua Central,Onion,9.09,Retail
Eastern,New Juaben South Municipal,30/10/2025,Koforidua Central,Ginger,44.44,Retail
Eastern,New Juaben South Municipal,30/10/2025,Koforidua Central,Palm fruit,8.96,Retail
Eastern,New Juaben South Municipal,30/10/2025,Koforidua Central,Egg commercial,70.00,Retail
Eastern,New Juaben South Municipal,30/10/2025,Koforidua Central,Carrot,18.89,Retail
Eastern,New Juaben South Municipal,30/10/2025,Koforidua Central,Pawpaw,6.79,Retail
Eastern,New Juaben South Municipal,30/10/2025,Koforidua Central,Fresh salmon mackerel fish,29.05,Retail
Eastern,New Juaben South Municipal,30/10/2025,Koforidua Central,Fresh kpanla fish,36.00,Retail
Eastern,New Juaben South Municipal,30/10/2025,Koforidua Central,Yam puna,16.77,Retail
Ahafo,Asunafo North Municipal,30/10/2025,Goaso,White maize,4.94,Retail
Ahafo,Asunafo North Municipal,30/10/2025,Goaso,Maize yellow,6.98,Retail
Ahafo,Asunafo North Municipal,30/10/2025,Goaso,Millet,15.50,Retail
Ahafo,Asunafo North Municipal,30/10/2025,Goaso,Rice local perfumed,13.33,Retail
Ahafo,Asunafo North Municipal,30/10/2025,Goaso,Cocoyam,10.74,Retail
Ahafo,Asunafo North Municipal,30/10/2025,Goaso,Gari,11.67,Retail
Ahafo,Asunafo North Municipal,30/10/2025,Goaso,Dried cassava powder kokonte,10.28,Retail
Ahafo,Asunafo North Municipal,30/10/2025,Goaso,Plantain apentu,8.19,Retail
Ahafo,Asunafo North Municipal,30/10/2025,Goaso,Plantain apem,10.83,Retail
Ahafo,Asunafo North Municipal,30/10/2025,Goaso,Tomato local,13.89,Retail
Ahafo,Asunafo North Municipal,30/10/2025,Goaso,Garden egg,11.67,Retail
Ahafo,Asunafo North Municipal,30/10/2025,Goaso,Okro fresh,18.06,Retail
Ahafo,Asunafo North Municipal,30/10/2025,Goaso,Ginger,19.45,Retail
Ahafo,Asunafo North Municipal,30/10/2025,Goaso,Fresh pepper bonnet,31.67,Retail
Ahafo,Asunafo North Municipal,30/10/2025,Goaso,Groundnut red,20.00,Retail
Ahafo,Asunafo North Municipal,30/10/2025,Goaso,Cowpea white,13.33,Retail
Ahafo,Asunafo North Municipal,30/10/2025,Goaso,Palm oil,20.00,Retail
Ahafo,Asunafo North Municipal,30/10/2025,Goaso,Egg commercial,51.67,Retail
Ahafo,Asunafo North Municipal,30/10/2025,Goaso,Nkontomire,8.33,Retail
Ahafo,Asunafo North Municipal,30/10/2025,Goaso,Carrot,16.80,Retail
Ahafo,Asunafo North Municipal,30/10/2025,Goaso,Sorghum,13.17,Retail
Ahafo,Asunafo North Municipal,30/10/2025,Goaso,Tomato navrongo,16.20,Retail
Ahafo,Asunafo North Municipal,30/10/2025,Goaso,Alefu amaranthus,10.28,Retail
Ahafo,Asunafo North Municipal,30/10/2025,Goaso,Coconut fresh,3.88,Retail
Ahafo,Asunafo North Municipal,30/10/2025,Goaso,Dried cassava chips kokonte,10.00,Retail
Oti,Nkwanta South Municipal,21/10/2025,Nkwanta,White maize,5.43,Retail
Oti,Nkwanta South Municipal,21/10/2025,Nkwanta,Maize yellow,7.60,Retail
Oti,Nkwanta South Municipal,21/10/2025,Nkwanta,Millet,11.11,Retail
Oti,Nkwanta South Municipal,21/10/2025,Nkwanta,Rice local perfumed,11.97,Retail
Oti,Nkwanta South Municipal,21/10/2025,Nkwanta,Rice local non perfumed,9.19,Retail
Oti,Nkwanta South Municipal,21/10/2025,Nkwanta,Rice imported perfumed,20.33,Retail
Oti,Nkwanta South Municipal,21/10/2025,Nkwanta,Rice imported non perfumed,17.33,Retail
Oti,Nkwanta South Municipal,21/10/2025,Nkwanta,Yam white,6.29,Retail
Oti,Nkwanta South Municipal,21/10/2025,Nkwanta,Cocoyam,9.05,Retail
Oti,Nkwanta South Municipal,21/10/2025,Nkwanta,Cassava,5.14,Retail
Oti,Nkwanta South Municipal,21/10/2025,Nkwanta,Gari,10.28,Retail
Oti,Nkwanta South Municipal,21/10/2025,Nkwanta,Dried cassava powder kokonte,8.03,Retail
Oti,Nkwanta South Municipal,21/10/2025,Nkwanta,Plantain apentu,9.39,Retail
Oti,Nkwanta South Municipal,21/10/2025,Nkwanta,Plantain apem,6.42,Retail
Oti,Nkwanta South Municipal,21/10/2025,Nkwanta,Banana exotic,5.17,Retail
Oti,Nkwanta South Municipal,21/10/2025,Nkwanta,Banana local,5.36,Retail
Oti,Nkwanta South Municipal,21/10/2025,Nkwanta,Orange,8.33,Retail
Oti,Nkwanta South Municipal,21/10/2025,Nkwanta,Pineapple,6.85,Retail
Oti,Nkwanta South Municipal,21/10/2025,Nkwanta,Tomato local,10.00,Retail
Oti,Nkwanta South Municipal,21/10/2025,Nkwanta,Garden egg,10.00,Retail
Oti,Nkwanta South Municipal,21/10/2025,Nkwanta,Okro fresh,10.00,Retail
Oti,Nkwanta South Municipal,21/10/2025,Nkwanta,Onion,14.29,Retail
Oti,Nkwanta South Municipal,21/10/2025,Nkwanta,Ginger,50.00,Retail
Oti,Nkwanta South Municipal,21/10/2025,Nkwanta,Dried pepper,60.00,Retail
Oti,Nkwanta South Municipal,21/10/2025,Nkwanta,Fresh pepper bonnet,11.67,Retail
Oti,Nkwanta South Municipal,21/10/2025,Nkwanta,Palm fruit,10.00,Retail
Oti,Nkwanta South Municipal,21/10/2025,Nkwanta,Cowpea white,20.51,Retail
Oti,Nkwanta South Municipal,21/10/2025,Nkwanta,Soya bean,9.17,Retail
Oti,Nkwanta South Municipal,21/10/2025,Nkwanta,Melon seeds agushi,54.55,Retail
Oti,Nkwanta South Municipal,21/10/2025,Nkwanta,Melon seeds neri,10.42,Retail
Oti,Nkwanta South Municipal,21/10/2025,Nkwanta,Palm oil,41.67,Retail
Oti,Nkwanta South Municipal,21/10/2025,Nkwanta,Beef,36.36,Retail
Oti,Nkwanta South Municipal,21/10/2025,Nkwanta,Smoked herring,42.86,Retail
Oti,Nkwanta South Municipal,21/10/2025,Nkwanta,Salted dried tilapia koobi,20.00,Retail
Oti,Nkwanta South Municipal,21/10/2025,Nkwanta,Egg commercial,70.00,Retail
Oti,Nkwanta South Municipal,21/10/2025,Nkwanta,Chicken,45.00,Retail
Oti,Nkwanta South Municipal,21/10/2025,Nkwanta,Nkontomire,5.00,Retail
Oti,Nkwanta South Municipal,21/10/2025,Nkwanta,Ademe ayoyo jute mallow,15.00,Retail
Oti,Nkwanta South Municipal,21/10/2025,Nkwanta,Cabbage,10.46,Retail
Oti,Nkwanta South Municipal,21/10/2025,Nkwanta,Lettuce,16.67,Retail
Oti,Nkwanta South Municipal,21/10/2025,Nkwanta,Carrot,20.00,Retail
Oti,Nkwanta South Municipal,21/10/2025,Nkwanta,Pawpaw,5.00,Retail
Oti,Nkwanta South Municipal,21/10/2025,Nkwanta,Bambara bean,20.89,Retail
Oti,Nkwanta South Municipal,21/10/2025,Nkwanta,Chevon goat meat,22.73,Retail
Oti,Nkwanta South Municipal,21/10/2025,Nkwanta,Cassava dough,3.90,Retail
Oti,Nkwanta South Municipal,21/10/2025,Nkwanta,Fresh salmon mackerel fish,48.33,Retail
Oti,Nkwanta South Municipal,21/10/2025,Nkwanta,Fresh kpanla fish,20.00,Retail
Oti,Nkwanta South Municipal,21/10/2025,Nkwanta,Plantain riped,10.00,Retail
Oti,Nkwanta South Municipal,21/10/2025,Nkwanta,Sorghum,10.28,Retail
Oti,Nkwanta South Municipal,21/10/2025,Nkwanta,Yam puna,12.31,Retail
Oti,Nkwanta South Municipal,21/10/2025,Nkwanta,Tomato navrongo,20.00,Retail
Oti,Nkwanta South Municipal,21/10/2025,Nkwanta,Coconut fresh,10.00,Retail
Oti,Nkwanta South Municipal,21/10/2025,Nkwanta,Okro dried,33.33,Retail
Oti,Nkwanta South Municipal,21/10/2025,Nkwanta,Dried cassava chips kokonte,6.02,Retail
Ashanti,Obuasi Municipal,23/10/2025,Obuasi Central,Fresh pepper,34.26,Retail
Ashanti,Obuasi Municipal,30/10/2025,Obuasi Central ,Tomato local,26.10,Retail
Ashanti,Obuasi Municipal,30/10/2025,Obuasi Central ,Garden egg,11.70,Retail
Ashanti,Obuasi Municipal,30/10/2025,Obuasi Central ,Onion,30.26,Retail
Ashanti,Obuasi Municipal,30/10/2025,Obuasi Central ,Dried pepper,103.64,Retail
Ashanti,Obuasi Municipal,30/10/2025,Obuasi Central ,Groundnut red,18.08,Retail
Ashanti,Obuasi Municipal,30/10/2025,Obuasi Central ,Cowpea white,21.41,Retail
Ashanti,Obuasi Municipal,30/10/2025,Obuasi Central ,White maize,9.61,Retail
Ashanti,Obuasi Municipal,30/10/2025,Obuasi Central ,Maize yellow,8.56,Retail
Ashanti,Obuasi Municipal,30/10/2025,Obuasi Central ,Millet,10.83,Retail
Ashanti,Obuasi Municipal,30/10/2025,Obuasi Central ,Rice local non perfumed,13.81,Retail
Ashanti,Obuasi Municipal,30/10/2025,Obuasi Central ,Soya bean,9.93,Retail
Ashanti,Obuasi Municipal,30/10/2025,Obuasi Central ,Bambara bean,19.97,Retail
Ashanti,Obuasi Municipal,30/10/2025,Obuasi Central ,Palm oil,34.00,Retail
Ashanti,Obuasi Municipal,30/10/2025,Obuasi Central ,Cocoyam,28.56,Retail
Ashanti,Obuasi Municipal,30/10/2025,Obuasi Central ,Cassava,3.54,Retail
Ashanti,Obuasi Municipal,30/10/2025,Obuasi Central ,Plantain apentu,10.37,Retail
Ashanti,Obuasi Municipal,30/10/2025,Obuasi Central ,Ginger,75.64,Retail
Ashanti,Obuasi Municipal,30/10/2025,Obuasi Central ,Nkontomire,24.57,Retail
Ashanti,Obuasi Municipal,30/10/2025,Obuasi Central ,Plantain riped,14.70,Retail
Ashanti,Obuasi Municipal,30/10/2025,Obuasi Central ,Yam puna,12.55,Retail
Ashanti,Obuasi Municipal,30/10/2025,Obuasi Central ,Banana exotic,23.33,Retail
Ashanti,Obuasi Municipal,30/10/2025,Obuasi Central ,Banana local,30.00,Retail
Ashanti,Obuasi Municipal,30/10/2025,Obuasi Central ,Pineapple,12.78,Retail
Ashanti,Obuasi Municipal,23/10/2025,Obuasi Central,Cabbage,8.78,Retail
Ashanti,Obuasi Municipal,23/10/2025,Obuasi Central,Carrot,25.00,Retail
Ashanti,Obuasi Municipal,23/10/2025,Obuasi Central,Salted dried tilapia koobi,127.78,Retail
Ashanti,Obuasi Municipal,23/10/2025,Obuasi Central,Lettuce,23.17,Retail
Ashanti,Obuasi Municipal,23/10/2025,Obuasi Central,Egg commercial,58.33,Retail
Ashanti,Obuasi Municipal,23/10/2025,Obuasi Central,Okro fresh,25.56,Retail
Western North,Bibiani Anhwiaso Bekwai Municipal,31/10/2025,Bibiani ,White maize,7.05,Retail
Western North,Bibiani Anhwiaso Bekwai Municipal,31/10/2025,Bibiani ,Maize yellow,8.10,Retail
Western North,Bibiani Anhwiaso Bekwai Municipal,31/10/2025,Bibiani ,Millet,20.00,Retail
Western North,Bibiani Anhwiaso Bekwai Municipal,31/10/2025,Bibiani ,Rice local perfumed,32.78,Retail
Western North,Bibiani Anhwiaso Bekwai Municipal,31/10/2025,Bibiani ,Rice local non perfumed,24.22,Retail
Western North,Bibiani Anhwiaso Bekwai Municipal,31/10/2025,Bibiani ,Rice imported perfumed,29.17,Retail
Western North,Bibiani Anhwiaso Bekwai Municipal,31/10/2025,Bibiani ,Rice imported non perfumed,24.75,Retail
Western North,Bibiani Anhwiaso Bekwai Municipal,31/10/2025,Bibiani ,Cocoyam,28.22,Retail
Western North,Bibiani Anhwiaso Bekwai Municipal,31/10/2025,Bibiani ,Cassava,2.26,Retail
Western North,Bibiani Anhwiaso Bekwai Municipal,31/10/2025,Bibiani ,Gari,17.78,Retail
Western North,Bibiani Anhwiaso Bekwai Municipal,31/10/2025,Bibiani ,Dried cassava powder kokonte,16.67,Retail
Western North,Bibiani Anhwiaso Bekwai Municipal,31/10/2025,Bibiani ,Plantain apem,6.13,Retail
Western North,Bibiani Anhwiaso Bekwai Municipal,31/10/2025,Bibiani ,Tomato local,68.33,Retail
Western North,Bibiani Anhwiaso Bekwai Municipal,31/10/2025,Bibiani ,Garden egg,10.82,Retail
Western North,Bibiani Anhwiaso Bekwai Municipal,31/10/2025,Bibiani ,Okro fresh,9.81,Retail
Western North,Bibiani Anhwiaso Bekwai Municipal,31/10/2025,Bibiani ,Onion,29.05,Retail
Western North,Bibiani Anhwiaso Bekwai Municipal,31/10/2025,Bibiani ,Ginger,46.56,Retail
Western North,Bibiani Anhwiaso Bekwai Municipal,31/10/2025,Bibiani ,Dried pepper,27.36,Retail
Western North,Bibiani Anhwiaso Bekwai Municipal,31/10/2025,Bibiani ,Fresh pepper bonnet,6.44,Retail
Western North,Bibiani Anhwiaso Bekwai Municipal,31/10/2025,Bibiani ,Palm fruit,16.15,Retail
Western North,Bibiani Anhwiaso Bekwai Municipal,31/10/2025,Bibiani ,Groundnut red,30.69,Retail
Western North,Bibiani Anhwiaso Bekwai Municipal,31/10/2025,Bibiani ,Cowpea white,20.90,Retail
Western North,Bibiani Anhwiaso Bekwai Municipal,31/10/2025,Bibiani ,Soya bean,21.95,Retail
Western North,Bibiani Anhwiaso Bekwai Municipal,31/10/2025,Bibiani ,Palm oil,40.33,Retail
Western North,Bibiani Anhwiaso Bekwai Municipal,31/10/2025,Bibiani ,Egg commercial,65.67,Retail
Western North,Bibiani Anhwiaso Bekwai Municipal,31/10/2025,Bibiani ,Chicken,36.62,Retail
Western North,Bibiani Anhwiaso Bekwai Municipal,31/10/2025,Bibiani ,Nkontomire,17.22,Retail
Western North,Bibiani Anhwiaso Bekwai Municipal,31/10/2025,Bibiani ,Cabbage,17.68,Retail
Western North,Bibiani Anhwiaso Bekwai Municipal,31/10/2025,Bibiani ,Lettuce,23.33,Retail
Western North,Bibiani Anhwiaso Bekwai Municipal,31/10/2025,Bibiani ,Carrot,23.33,Retail
Western North,Bibiani Anhwiaso Bekwai Municipal,31/10/2025,Bibiani ,Pawpaw,11.33,Retail
Western North,Bibiani Anhwiaso Bekwai Municipal,31/10/2025,Bibiani ,Mutton sheep meat,91.41,Retail
Western North,Bibiani Anhwiaso Bekwai Municipal,31/10/2025,Bibiani ,Chevon goat meat,76.36,Retail
Western North,Bibiani Anhwiaso Bekwai Municipal,31/10/2025,Bibiani ,Tomato navrongo,110.24,Retail
Western North,Bibiani Anhwiaso Bekwai Municipal,31/10/2025,Bibiani ,Coconut fresh,12.83,Retail
Greater Accra,Tema East,29/10/2025,Tema Community One,White maize,10.00,Retail
Greater Accra,Tema East,29/10/2025,Tema Community One,Maize yellow,11.25,Retail
Greater Accra,Tema East,29/10/2025,Tema Community One,Millet,20.00,Retail
Greater Accra,Tema East,29/10/2025,Tema Community One,Rice local perfumed,23.89,Retail
Greater Accra,Tema East,29/10/2025,Tema Community One,Rice imported perfumed,28.00,Retail
Greater Accra,Tema East,29/10/2025,Tema Community One,Gari,23.33,Retail
Greater Accra,Tema East,29/10/2025,Tema Community One,Dried cassava powder kokonte,30.00,Retail
Greater Accra,Tema East,29/10/2025,Tema Community One,Plantain apentu,28.57,Retail
Greater Accra,Tema East,29/10/2025,Tema Community One,Plantain apem,50.00,Retail
Greater Accra,Tema East,29/10/2025,Tema Community One,Banana exotic,25.00,Retail
Greater Accra,Tema East,29/10/2025,Tema Community One,Banana local,25.00,Retail
Greater Accra,Tema East,29/10/2025,Tema Community One,Orange,16.67,Retail
Greater Accra,Tema East,29/10/2025,Tema Community One,Watermelon,10.65,Retail
Greater Accra,Tema East,29/10/2025,Tema Community One,Pineapple,16.99,Retail
Greater Accra,Tema East,29/10/2025,Tema Community One,Tomato local,41.67,Retail
Greater Accra,Tema East,29/10/2025,Tema Community One,Garden egg,61.11,Retail
Greater Accra,Tema East,29/10/2025,Tema Community One,Onion,28.57,Retail
Greater Accra,Tema East,29/10/2025,Tema Community One,Ginger,116.67,Retail
Greater Accra,Tema East,29/10/2025,Tema Community One,Dried pepper,64.45,Retail
Greater Accra,Tema East,29/10/2025,Tema Community One,Fresh pepper,40.00,Retail
Greater Accra,Tema East,29/10/2025,Tema Community One,Fresh pepper bonnet,40.00,Retail
Greater Accra,Tema East,29/10/2025,Tema Community One,Palm fruit,12.50,Retail
Greater Accra,Tema East,29/10/2025,Tema Community One,Groundnut red,30.00,Retail
Greater Accra,Tema East,29/10/2025,Tema Community One,Cowpea white,23.33,Retail
Greater Accra,Tema East,29/10/2025,Tema Community One,Soya bean,18.67,Retail
Greater Accra,Tema East,29/10/2025,Tema Community One,Melon seeds agushi,86.67,Retail
Greater Accra,Tema East,29/10/2025,Tema Community One,Melon seeds agushi powder,83.33,Retail
Greater Accra,Tema East,29/10/2025,Tema Community One,Palm oil,30.00,Retail
Greater Accra,Tema East,29/10/2025,Tema Community One,Beef,50.00,Retail
Greater Accra,Tema East,29/10/2025,Tema Community One,Smoked herring,91.67,Retail
Greater Accra,Tema East,29/10/2025,Tema Community One,Egg commercial,80.00,Retail
Greater Accra,Tema East,29/10/2025,Tema Community One,Chicken,52.00,Retail
Greater Accra,Tema East,29/10/2025,Tema Community One,Nkontomire,38.89,Retail
Greater Accra,Tema East,29/10/2025,Tema Community One,Cabbage,33.33,Retail
Greater Accra,Tema East,29/10/2025,Tema Community One,Lettuce,36.67,Retail
Greater Accra,Tema East,29/10/2025,Tema Community One,Carrot,50.00,Retail
Greater Accra,Tema East,29/10/2025,Tema Community One,Pawpaw,18.89,Retail
Greater Accra,Tema East,29/10/2025,Tema Community One,Avocado pear,37.78,Retail
Greater Accra,Tema East,29/10/2025,Tema Community One,Bambara bean,27.62,Retail
Greater Accra,Tema East,29/10/2025,Tema Community One,Chevon goat meat,50.00,Retail
Greater Accra,Tema East,29/10/2025,Tema Community One,Sweet potato general white pinkish,39.53,Retail
Greater Accra,Tema East,29/10/2025,Tema Community One,Fresh red fish,69.67,Retail
Greater Accra,Tema East,29/10/2025,Tema Community One,Fresh salmon mackerel fish,40.67,Retail
Greater Accra,Tema East,29/10/2025,Tema Community One,Fresh kpanla fish,38.67,Retail
Greater Accra,Tema East,29/10/2025,Tema Community One,Plantain riped,28.57,Retail
Greater Accra,Tema East,29/10/2025,Tema Community One,Sorghum,20.00,Retail
Greater Accra,Tema East,29/10/2025,Tema Community One,Yam puna,34.12,Retail
Greater Accra,Tema East,29/10/2025,Tema Community One,Tomato navrongo,75.00,Retail
Western North,Bibiani Anhwiaso Bekwai Municipal,14/06/2025,Bibiani,White maize,11.03,Wholesale
Western North,Bibiani Anhwiaso Bekwai Municipal,14/06/2025,Bibiani,Maize yellow,11.66,Wholesale
Western North,Bibiani Anhwiaso Bekwai Municipal,14/06/2025,Bibiani,Millet,20.42,Wholesale
Western North,Bibiani Anhwiaso Bekwai Municipal,14/06/2025,Bibiani,Rice local perfumed,17.70,Wholesale
Western North,Bibiani Anhwiaso Bekwai Municipal,14/06/2025,Bibiani,Rice imported perfumed,17.98,Wholesale
Western North,Bibiani Anhwiaso Bekwai Municipal,14/06/2025,Bibiani,Cocoyam,27.00,Wholesale
Western North,Bibiani Anhwiaso Bekwai Municipal,14/06/2025,Bibiani,Cassava,5.67,Wholesale
Western North,Bibiani Anhwiaso Bekwai Municipal,14/06/2025,Bibiani,Gari,18.96,Wholesale
Western North,Bibiani Anhwiaso Bekwai Municipal,14/06/2025,Bibiani,Dried cassava powder kokonte,11.13,Wholesale
Western North,Bibiani Anhwiaso Bekwai Municipal,14/06/2025,Bibiani,Plantain apentu,14.31,Wholesale
Western North,Bibiani Anhwiaso Bekwai Municipal,14/06/2025,Bibiani,Plantain apem,13.43,Wholesale
Western North,Bibiani Anhwiaso Bekwai Municipal,14/06/2025,Bibiani,Orange,6.88,Wholesale
Western North,Bibiani Anhwiaso Bekwai Municipal,14/06/2025,Bibiani,Tomato local,52.28,Wholesale
Western North,Bibiani Anhwiaso Bekwai Municipal,14/06/2025,Bibiani,Garden egg,13.72,Wholesale
Western North,Bibiani Anhwiaso Bekwai Municipal,14/06/2025,Bibiani,Okro fresh,22.31,Wholesale
Western North,Bibiani Anhwiaso Bekwai Municipal,14/06/2025,Bibiani,Onion,31.22,Wholesale
Western North,Bibiani Anhwiaso Bekwai Municipal,14/06/2025,Bibiani,Ginger,63.16,Wholesale
Western North,Bibiani Anhwiaso Bekwai Municipal,14/06/2025,Bibiani,Fresh pepper bonnet,91.71,Wholesale
Western North,Bibiani Anhwiaso Bekwai Municipal,14/06/2025,Bibiani,Palm fruit,8.91,Wholesale
Western North,Bibiani Anhwiaso Bekwai Municipal,14/06/2025,Bibiani,Groundnut red,22.48,Wholesale
Western North,Bibiani Anhwiaso Bekwai Municipal,14/06/2025,Bibiani,Cowpea white,20.44,Wholesale
Western North,Bibiani Anhwiaso Bekwai Municipal,14/06/2025,Bibiani,Soya bean,17.16,Wholesale
Western North,Bibiani Anhwiaso Bekwai Municipal,14/06/2025,Bibiani,Chicken,24.80,Wholesale
Western North,Bibiani Anhwiaso Bekwai Municipal,14/06/2025,Bibiani,Cassava dough,9.00,Wholesale
Western North,Bibiani Anhwiaso Bekwai Municipal,14/06/2025,Bibiani,Fresh kpanla fish,33.00,Wholesale
Western North,Bibiani Anhwiaso Bekwai Municipal,14/06/2025,Bibiani,Tomato navrongo,85.03,Wholesale
Western North,Bibiani Anhwiaso Bekwai Municipal,14/06/2025,Bibiani,Unshelled groundnut,21.40,Wholesale
Western North,Bibiani Anhwiaso Bekwai Municipal,14/06/2025,Bibiani,Dried cassava chips kokonte,11.51,Wholesale
Upper West,Wa Municipal,15/06/2025,Wa,White maize,6.80,Wholesale
Upper West,Wa Municipal,15/06/2025,Wa,Maize yellow,6.80,Wholesale
Upper West,Wa Municipal,15/06/2025,Wa,Millet,11.20,Wholesale
Upper West,Wa Municipal,15/06/2025,Wa,Rice local perfumed,8.33,Wholesale
Upper West,Wa Municipal,15/06/2025,Wa,Rice local non perfumed,7.74,Wholesale
Upper West,Wa Municipal,15/06/2025,Wa,Yam white,14.84,Wholesale
Upper West,Wa Municipal,15/06/2025,Wa,Cowpea white,16.67,Wholesale
Upper West,Wa Municipal,15/06/2025,Wa,Soya bean,8.00,Wholesale
Upper West,Wa Municipal,15/06/2025,Wa,Sorghum,7.47,Wholesale
Upper West,Wa Municipal,15/06/2025,Wa,Yam puna,24.17,Wholesale
Bono East,Kintampo North Municipal,14/06/2025,Kintampo,White maize,6.97,Wholesale
Bono East,Kintampo North Municipal,14/06/2025,Kintampo,Maize yellow,7.23,Wholesale
Bono East,Kintampo North Municipal,14/06/2025,Kintampo,Millet,8.39,Wholesale
Bono East,Kintampo North Municipal,14/06/2025,Kintampo,Rice local perfumed,12.17,Wholesale
Bono East,Kintampo North Municipal,14/06/2025,Kintampo,Rice imported perfumed,15.90,Wholesale
Bono East,Kintampo North Municipal,14/06/2025,Kintampo,Yam white,8.42,Wholesale
Bono East,Kintampo North Municipal,14/06/2025,Kintampo,Gari,10.43,Wholesale
Bono East,Kintampo North Municipal,14/06/2025,Kintampo,Plantain apentu,24.96,Wholesale
Bono East,Kintampo North Municipal,14/06/2025,Kintampo,Plantain apem,34.20,Wholesale
Bono East,Kintampo North Municipal,14/06/2025,Kintampo,Garden egg,24.18,Wholesale
Bono East,Kintampo North Municipal,14/06/2025,Kintampo,Okro fresh,29.66,Wholesale
Bono East,Kintampo North Municipal,14/06/2025,Kintampo,Onion,10.96,Wholesale
Bono East,Kintampo North Municipal,14/06/2025,Kintampo,Ginger,41.94,Wholesale
Bono East,Kintampo North Municipal,14/06/2025,Kintampo,Dried pepper,91.62,Wholesale
Bono East,Kintampo North Municipal,14/06/2025,Kintampo,Fresh pepper,43.55,Wholesale
Bono East,Kintampo North Municipal,14/06/2025,Kintampo,Groundnut red,13.20,Wholesale
Bono East,Kintampo North Municipal,14/06/2025,Kintampo,Cowpea white,12.97,Wholesale
Bono East,Kintampo North Municipal,14/06/2025,Kintampo,Palm oil,29.62,Wholesale
Bono East,Kintampo North Municipal,14/06/2025,Kintampo,Egg commercial,68.33,Wholesale
Bono East,Kintampo North Municipal,14/06/2025,Kintampo,Chicken,42.38,Wholesale
Bono East,Kintampo North Municipal,14/06/2025,Kintampo,Fresh red fish,54.18,Wholesale
Bono East,Kintampo North Municipal,14/06/2025,Kintampo,Fresh salmon mackerel fish,53.11,Wholesale
Bono East,Kintampo North Municipal,14/06/2025,Kintampo,Fresh kpanla fish,29.38,Wholesale
Bono East,Kintampo North Municipal,14/06/2025,Kintampo,Sorghum,9.20,Wholesale
Bono East,Kintampo North Municipal,14/06/2025,Kintampo,Yam puna,8.62,Wholesale
Bono East,Kintampo North Municipal,14/06/2025,Kintampo,Tomato navrongo,37.98,Wholesale
Bono East,Kintampo North Municipal,14/06/2025,Kintampo,Okro dried,79.35,Wholesale
Bono East,Kintampo North Municipal,14/06/2025,Kintampo,Dried cassava chips kokonte,8.81,Wholesale
Upper East,Bolgatangatanga Municipal,16/06/2025,Bolgatangatanga,White maize,6.89,Wholesale
Upper East,Bolgatangatanga Municipal,16/06/2025,Bolgatangatanga,Maize yellow,6.89,Wholesale
Upper East,Bolgatangatanga Municipal,16/06/2025,Bolgatangatanga,Millet,9.17,Wholesale
Upper East,Bolgatangatanga Municipal,16/06/2025,Bolgatangatanga,Rice local non perfumed,13.50,Wholesale
Upper East,Bolgatangatanga Municipal,16/06/2025,Bolgatangatanga,Rice imported non perfumed,10.35,Wholesale
Upper East,Bolgatangatanga Municipal,16/06/2025,Bolgatangatanga,Plantain apentu,8.84,Wholesale
Upper East,Bolgatangatanga Municipal,16/06/2025,Bolgatangatanga,Plantain apem,10.96,Wholesale
Upper East,Bolgatangatanga Municipal,16/06/2025,Bolgatangatanga,Groundnut red,13.40,Wholesale
Upper East,Bolgatangatanga Municipal,16/06/2025,Bolgatangatanga,Cowpea white,13.99,Wholesale
Upper East,Bolgatangatanga Municipal,16/06/2025,Bolgatangatanga,Soya bean,7.30,Wholesale
Upper East,Bolgatangatanga Municipal,16/06/2025,Bolgatangatanga,Bambara bean,12.24,Wholesale
Upper East,Bolgatangatanga Municipal,16/06/2025,Bolgatangatanga,Sorghum,7.33,Wholesale
Upper East,Bolgatangatanga Municipal,16/06/2025,Bolgatangatanga,Groundnut Oil,22.00,Wholesale
Greater Accra,Tema East,14/06/2025,Tema Community One,White maize,14.00,Wholesale
Greater Accra,Tema East,14/06/2025,Tema Community One,Maize yellow,15.00,Wholesale
Greater Accra,Tema East,14/06/2025,Tema Community One,Millet,219.45,Wholesale
Greater Accra,Tema East,14/06/2025,Tema Community One,Rice local perfumed,24.80,Wholesale
Greater Accra,Tema East,14/06/2025,Tema Community One,Rice imported perfumed,28.33,Wholesale
Greater Accra,Tema East,14/06/2025,Tema Community One,Yam white,53.71,Wholesale
Greater Accra,Tema East,14/06/2025,Tema Community One,Gari,20.48,Wholesale
Greater Accra,Tema East,14/06/2025,Tema Community One,Dried cassava powder kokonte,28.18,Wholesale
Greater Accra,Tema East,14/06/2025,Tema Community One,Plantain apentu,135.22,Wholesale
Greater Accra,Tema East,14/06/2025,Tema Community One,Plantain apem,145.30,Wholesale
Greater Accra,Tema East,14/06/2025,Tema Community One,Orange,13.26,Wholesale
Greater Accra,Tema East,14/06/2025,Tema Community One,Pineapple,12.30,Wholesale
Greater Accra,Tema East,14/06/2025,Tema Community One,Mango exotic,17.39,Wholesale
Greater Accra,Tema East,14/06/2025,Tema Community One,Tomato local,26.79,Wholesale
Greater Accra,Tema East,14/06/2025,Tema Community One,Garden egg,33.91,Wholesale
Greater Accra,Tema East,14/06/2025,Tema Community One,Onion,16.91,Wholesale
Greater Accra,Tema East,14/06/2025,Tema Community One,Ginger,80.08,Wholesale
Greater Accra,Tema East,14/06/2025,Tema Community One,Dried pepper,86.84,Wholesale
Greater Accra,Tema East,14/06/2025,Tema Community One,Fresh pepper,79.96,Wholesale
Greater Accra,Tema East,14/06/2025,Tema Community One,Fresh pepper bonnet,109.09,Wholesale
Greater Accra,Tema East,14/06/2025,Tema Community One,Groundnut red,31.59,Wholesale
Greater Accra,Tema East,14/06/2025,Tema Community One,Cowpea white,18.25,Wholesale
Greater Accra,Tema East,14/06/2025,Tema Community One,Soya bean,16.00,Wholesale
Greater Accra,Tema East,14/06/2025,Tema Community One,Melon seeds agushi,136.36,Wholesale
Greater Accra,Tema East,14/06/2025,Tema Community One,Melon seeds agushi powder,60.00,Wholesale
Greater Accra,Tema East,14/06/2025,Tema Community One,Palm oil,29.33,Wholesale
Greater Accra,Tema East,14/06/2025,Tema Community One,Smoked herring,150.12,Wholesale
Greater Accra,Tema East,14/06/2025,Tema Community One,Egg commercial,66.67,Wholesale
Greater Accra,Tema East,14/06/2025,Tema Community One,Bambara bean,33.76,Wholesale
Greater Accra,Tema East,14/06/2025,Tema Community One,Sorghum,16.69,Wholesale
Greater Accra,Tema East,14/06/2025,Tema Community One,Yam puna,67.32,Wholesale
Greater Accra,Tema East,14/06/2025,Tema Community One,Tomato navrongo,44.12,Wholesale
Eastern,New Juaben South Municipal,19/06/2025,Koforidua Central,Maize yellow,7.29,Wholesale
Eastern,New Juaben South Municipal,19/06/2025,Koforidua Central,Yam white,10.53,Wholesale
Eastern,New Juaben South Municipal,19/06/2025,Koforidua Central,Cassava,2.86,Wholesale
Eastern,New Juaben South Municipal,19/06/2025,Koforidua Central,Gari,10.94,Wholesale
Eastern,New Juaben South Municipal,19/06/2025,Koforidua Central,Tomato local,25.00,Wholesale
Eastern,New Juaben South Municipal,19/06/2025,Koforidua Central,Garden egg,20.00,Wholesale
Eastern,New Juaben South Municipal,19/06/2025,Koforidua Central,Onion,21.28,Wholesale
Eastern,New Juaben South Municipal,19/06/2025,Koforidua Central,Ginger,75.24,Wholesale
Eastern,New Juaben South Municipal,19/06/2025,Koforidua Central,Fresh pepper bonnet,18.75,Wholesale
Eastern,New Juaben South Municipal,19/06/2025,Koforidua Central,Egg commercial,54.00,Wholesale
Eastern,New Juaben South Municipal,19/06/2025,Koforidua Central,Cabbage,12.86,Wholesale
Eastern,New Juaben South Municipal,19/06/2025,Koforidua Central,Tomato navrongo,37.50,Wholesale
Eastern,New Juaben South Municipal,19/06/2025,Koforidua Central,Coconut fresh,4.00,Wholesale
Ahafo,Asunafo North Municipal,19/06/2025,Goaso,White maize,11.66,Wholesale
Ahafo,Asunafo North Municipal,19/06/2025,Goaso,Maize yellow,11.87,Wholesale
Ahafo,Asunafo North Municipal,19/06/2025,Goaso,Millet,13.82,Wholesale
Ahafo,Asunafo North Municipal,19/06/2025,Goaso,Rice local perfumed,18.79,Wholesale
Ahafo,Asunafo North Municipal,19/06/2025,Goaso,Cocoyam,24.64,Wholesale
Ahafo,Asunafo North Municipal,19/06/2025,Goaso,Gari,14.61,Wholesale
Ahafo,Asunafo North Municipal,19/06/2025,Goaso,Dried cassava powder kokonte,14.53,Wholesale
Ahafo,Asunafo North Municipal,19/06/2025,Goaso,Plantain apentu,23.09,Wholesale
Ahafo,Asunafo North Municipal,19/06/2025,Goaso,Plantain apem,31.62,Wholesale
Ahafo,Asunafo North Municipal,19/06/2025,Goaso,Banana local,6.24,Wholesale
Ahafo,Asunafo North Municipal,19/06/2025,Goaso,Watermelon,4.95,Wholesale
Ahafo,Asunafo North Municipal,19/06/2025,Goaso,Tomato local,16.65,Wholesale
Ahafo,Asunafo North Municipal,19/06/2025,Goaso,Garden egg,7.86,Wholesale
Ahafo,Asunafo North Municipal,19/06/2025,Goaso,Dried pepper,36.05,Wholesale
Ahafo,Asunafo North Municipal,19/06/2025,Goaso,Fresh pepper bonnet,22.81,Wholesale
Ahafo,Asunafo North Municipal,19/06/2025,Goaso,Groundnut red,20.00,Wholesale
Ahafo,Asunafo North Municipal,19/06/2025,Goaso,Cowpea white,18.67,Wholesale
Ahafo,Asunafo North Municipal,19/06/2025,Goaso,Melon seeds agushi,55.67,Wholesale
Ahafo,Asunafo North Municipal,19/06/2025,Goaso,Melon seeds neri,25.00,Wholesale
Ahafo,Asunafo North Municipal,19/06/2025,Goaso,Palm oil,20.00,Wholesale
Ahafo,Asunafo North Municipal,19/06/2025,Goaso,Egg commercial,51.67,Wholesale
Ahafo,Asunafo North Municipal,19/06/2025,Goaso,Cabbage,9.43,Wholesale
Ahafo,Asunafo North Municipal,19/06/2025,Goaso,Sorghum,16.52,Wholesale
Ahafo,Asunafo North Municipal,19/06/2025,Goaso,Yam puna,19.46,Wholesale
Ahafo,Asunafo North Municipal,19/06/2025,Goaso,Dried cassava chips kokonte,13.12,Wholesale
Bono,Sunyani Municipal,18/06/2025,Nana Bosomah,White maize,7.69,Wholesale
Bono,Sunyani Municipal,18/06/2025,Nana Bosomah,Maize yellow,7.69,Wholesale
Bono,Sunyani Municipal,18/06/2025,Nana Bosomah,Rice local perfumed,16.67,Wholesale
Bono,Sunyani Municipal,18/06/2025,Nana Bosomah,Rice local non perfumed,15.00,Wholesale
Bono,Sunyani Municipal,18/06/2025,Nana Bosomah,Rice imported perfumed,20.80,Wholesale
Bono,Sunyani Municipal,18/06/2025,Nana Bosomah,Rice imported non perfumed,12.50,Wholesale
Bono,Sunyani Municipal,18/06/2025,Nana Bosomah,Plantain apentu,18.35,Wholesale
Bono,Sunyani Municipal,18/06/2025,Nana Bosomah,Plantain apem,16.08,Wholesale
Bono,Sunyani Municipal,18/06/2025,Nana Bosomah,Banana exotic,10.48,Wholesale
Bono,Sunyani Municipal,18/06/2025,Nana Bosomah,Banana local,9.71,Wholesale
Bono,Sunyani Municipal,18/06/2025,Nana Bosomah,Dried pepper,74.07,Wholesale
Bono,Sunyani Municipal,18/06/2025,Nana Bosomah,Palm oil,20.00,Wholesale
Bono,Sunyani Municipal,18/06/2025,Nana Bosomah,Chicken,50.00,Wholesale
Bono,Sunyani Municipal,18/06/2025,Nana Bosomah,Fresh red fish,50.00,Wholesale
Bono,Sunyani Municipal,18/06/2025,Nana Bosomah,Fresh salmon mackerel fish,38.00,Wholesale
Bono,Sunyani Municipal,18/06/2025,Nana Bosomah,Fresh kpanla fish,38.00,Wholesale
Bono,Sunyani Municipal,18/06/2025,Nana Bosomah,Tomato navrongo,15.79,Wholesale
Western North,Bibiani Anhwiaso Bekwai Municipal,20/06/2025,Bibiani,White maize,11.00,Wholesale
Western North,Bibiani Anhwiaso Bekwai Municipal,20/06/2025,Bibiani,Maize yellow,12.00,Wholesale
Western North,Bibiani Anhwiaso Bekwai Municipal,20/06/2025,Bibiani,Millet,17.28,Wholesale
Western North,Bibiani Anhwiaso Bekwai Municipal,20/06/2025,Bibiani,Rice local perfumed,18.36,Wholesale
Western North,Bibiani Anhwiaso Bekwai Municipal,20/06/2025,Bibiani,Rice imported perfumed,18.37,Wholesale
Western North,Bibiani Anhwiaso Bekwai Municipal,20/06/2025,Bibiani,Rice imported non perfumed,13.41,Wholesale
Western North,Bibiani Anhwiaso Bekwai Municipal,20/06/2025,Bibiani,Yam white,8.54,Wholesale
Western North,Bibiani Anhwiaso Bekwai Municipal,20/06/2025,Bibiani,Cassava,3.32,Wholesale
Western North,Bibiani Anhwiaso Bekwai Municipal,20/06/2025,Bibiani,Gari,18.29,Wholesale
Western North,Bibiani Anhwiaso Bekwai Municipal,20/06/2025,Bibiani,Plantain apentu,13.10,Wholesale
Western North,Bibiani Anhwiaso Bekwai Municipal,20/06/2025,Bibiani,Plantain apem,14.96,Wholesale
Western North,Bibiani Anhwiaso Bekwai Municipal,20/06/2025,Bibiani,Banana local,6.24,Wholesale
Western North,Bibiani Anhwiaso Bekwai Municipal,20/06/2025,Bibiani,Orange,3.64,Wholesale
Western North,Bibiani Anhwiaso Bekwai Municipal,20/06/2025,Bibiani,Tomato local,31.89,Wholesale
Western North,Bibiani Anhwiaso Bekwai Municipal,20/06/2025,Bibiani,Garden egg,12.36,Wholesale
Western North,Bibiani Anhwiaso Bekwai Municipal,20/06/2025,Bibiani,Okro fresh,25.50,Wholesale
Western North,Bibiani Anhwiaso Bekwai Municipal,20/06/2025,Bibiani,Onion,17.55,Wholesale
Western North,Bibiani Anhwiaso Bekwai Municipal,20/06/2025,Bibiani,Ginger,43.57,Wholesale
Western North,Bibiani Anhwiaso Bekwai Municipal,20/06/2025,Bibiani,Dried pepper,34.63,Wholesale
Western North,Bibiani Anhwiaso Bekwai Municipal,20/06/2025,Bibiani,Fresh pepper,46.97,Wholesale
Western North,Bibiani Anhwiaso Bekwai Municipal,20/06/2025,Bibiani,Fresh pepper bonnet,56.50,Wholesale
Western North,Bibiani Anhwiaso Bekwai Municipal,20/06/2025,Bibiani,Palm fruit,9.48,Wholesale
Western North,Bibiani Anhwiaso Bekwai Municipal,20/06/2025,Bibiani,Groundnut red,20.86,Wholesale
Western North,Bibiani Anhwiaso Bekwai Municipal,20/06/2025,Bibiani,Soya bean,16.44,Wholesale
Western North,Bibiani Anhwiaso Bekwai Municipal,20/06/2025,Bibiani,Melon seeds agushi powder,47.86,Wholesale
Western North,Bibiani Anhwiaso Bekwai Municipal,20/06/2025,Bibiani,Melon seeds neri powder,20.74,Wholesale
Western North,Bibiani Anhwiaso Bekwai Municipal,20/06/2025,Bibiani,Palm oil,27.04,Wholesale
Western North,Bibiani Anhwiaso Bekwai Municipal,20/06/2025,Bibiani,Smoked herring,40.69,Wholesale
Western North,Bibiani Anhwiaso Bekwai Municipal,20/06/2025,Bibiani,Chicken,24.60,Wholesale
Western North,Bibiani Anhwiaso Bekwai Municipal,20/06/2025,Bibiani,Cabbage,12.02,Wholesale
Western North,Bibiani Anhwiaso Bekwai Municipal,20/06/2025,Bibiani,Yam puna,14.51,Wholesale
Western North,Bibiani Anhwiaso Bekwai Municipal,20/06/2025,Bibiani,Tomato navrongo,45.33,Wholesale
Western North,Bibiani Anhwiaso Bekwai Municipal,20/06/2025,Bibiani,Unshelled groundnut,31.42,Wholesale
Western North,Bibiani Anhwiaso Bekwai Municipal,20/06/2025,Bibiani,Dried cassava chips kokonte,10.95,Wholesale
Upper East,Bolgatangatanga Municipal,21/06/2025,Bolgatanga,White maize,5.47,Wholesale
Upper East,Bolgatangatanga Municipal,21/06/2025,Bolgatanga,Maize yellow,5.47,Wholesale
Upper East,Bolgatangatanga Municipal,21/06/2025,Bolgatanga,Millet,8.00,Wholesale
Upper East,Bolgatangatanga Municipal,21/06/2025,Bolgatanga,Rice imported perfumed,11.67,Wholesale
Upper East,Bolgatangatanga Municipal,21/06/2025,Bolgatanga,Rice imported non perfumed,8.80,Wholesale
Upper East,Bolgatangatanga Municipal,21/06/2025,Bolgatanga,Plantain apentu,12.58,Wholesale
Upper East,Bolgatangatanga Municipal,21/06/2025,Bolgatanga,Plantain apem,16.08,Wholesale
Upper East,Bolgatangatanga Municipal,21/06/2025,Bolgatanga,Onion,15.74,Wholesale
Upper East,Bolgatangatanga Municipal,21/06/2025,Bolgatanga,Groundnut red,14.86,Wholesale
Upper East,Bolgatangatanga Municipal,21/06/2025,Bolgatanga,Cowpea white,11.80,Wholesale
Upper East,Bolgatangatanga Municipal,21/06/2025,Bolgatanga,Soya bean,6.28,Wholesale
Upper East,Bolgatangatanga Municipal,21/06/2025,Bolgatanga,Bambara bean,14.94,Wholesale
Upper East,Bolgatangatanga Municipal,21/06/2025,Bolgatanga,Sorghum,6.12,Wholesale
Upper East,Bolgatangatanga Municipal,21/06/2025,Bolgatanga,Groundnut Oil,20.53,Wholesale
Upper West,Wa Municipal,22/06/2025,Wa ,White maize,6.00,Wholesale
Upper West,Wa Municipal,22/06/2025,Wa ,Maize yellow,6.00,Wholesale
Upper West,Wa Municipal,22/06/2025,Wa ,Millet,11.20,Wholesale
Upper West,Wa Municipal,22/06/2025,Wa ,Rice local perfumed,9.63,Wholesale
Upper West,Wa Municipal,22/06/2025,Wa ,Rice local non perfumed,8.37,Wholesale
Upper West,Wa Municipal,22/06/2025,Wa ,Rice imported perfumed,16.40,Wholesale
Upper West,Wa Municipal,22/06/2025,Wa ,Rice imported non perfumed,11.00,Wholesale
Upper West,Wa Municipal,22/06/2025,Wa ,Yam white,13.82,Wholesale
Upper West,Wa Municipal,22/06/2025,Wa ,Cowpea white,19.67,Wholesale
Upper West,Wa Municipal,22/06/2025,Wa ,Soya bean,7.93,Wholesale
Upper West,Wa Municipal,22/06/2025,Wa ,Bambara bean,18.00,Wholesale
Upper West,Wa Municipal,22/06/2025,Wa ,Sorghum,8.00,Wholesale
Upper West,Wa Municipal,22/06/2025,Wa ,Yam puna,25.34,Wholesale
Upper West,Wa Municipal,22/06/2025,Wa ,Unshelled groundnut,15.24,Wholesale
Bono East,Kintampo North Municipal,22/06/2025,Kintampo,White maize,6.16,Wholesale
Bono East,Kintampo North Municipal,22/06/2025,Kintampo,Maize yellow,6.11,Wholesale
Bono East,Kintampo North Municipal,22/06/2025,Kintampo,Millet,7.34,Wholesale
Bono East,Kintampo North Municipal,22/06/2025,Kintampo,Rice local perfumed,11.82,Wholesale
Bono East,Kintampo North Municipal,22/06/2025,Kintampo,Rice imported perfumed,17.40,Wholesale
Bono East,Kintampo North Municipal,22/06/2025,Kintampo,Yam white,7.42,Wholesale
Bono East,Kintampo North Municipal,22/06/2025,Kintampo,Cassava,10.00,Wholesale
Bono East,Kintampo North Municipal,22/06/2025,Kintampo,Gari,11.03,Wholesale
Bono East,Kintampo North Municipal,22/06/2025,Kintampo,Garden egg,10.60,Wholesale
Bono East,Kintampo North Municipal,22/06/2025,Kintampo,Okro fresh,23.25,Wholesale
Bono East,Kintampo North Municipal,22/06/2025,Kintampo,Onion,10.29,Wholesale
Bono East,Kintampo North Municipal,22/06/2025,Kintampo,Ginger,36.60,Wholesale
Bono East,Kintampo North Municipal,22/06/2025,Kintampo,Dried pepper,93.19,Wholesale
Bono East,Kintampo North Municipal,22/06/2025,Kintampo,Fresh pepper,47.04,Wholesale
Bono East,Kintampo North Municipal,22/06/2025,Kintampo,Cowpea white,12.53,Wholesale
Bono East,Kintampo North Municipal,22/06/2025,Kintampo,Palm oil,29.18,Wholesale
Bono East,Kintampo North Municipal,22/06/2025,Kintampo,Salted dried tilapia koobi,7.59,Wholesale
Bono East,Kintampo North Municipal,22/06/2025,Kintampo,Egg commercial,65.00,Wholesale
Bono East,Kintampo North Municipal,22/06/2025,Kintampo,Chicken,37.38,Wholesale
Bono East,Kintampo North Municipal,22/06/2025,Kintampo,Fresh red fish,54.28,Wholesale
Bono East,Kintampo North Municipal,22/06/2025,Kintampo,Fresh salmon mackerel fish,52.67,Wholesale
Bono East,Kintampo North Municipal,22/06/2025,Kintampo,Fresh kpanla fish,28.82,Wholesale
Bono East,Kintampo North Municipal,22/06/2025,Kintampo,Sorghum,8.28,Wholesale
Bono East,Kintampo North Municipal,22/06/2025,Kintampo,Yam puna,8.59,Wholesale
Bono East,Kintampo North Municipal,22/06/2025,Kintampo,Tomato navrongo,24.74,Wholesale
Bono East,Kintampo North Municipal,22/06/2025,Kintampo,Okro dried,68.23,Wholesale
Bono East,Kintampo North Municipal,22/06/2025,Kintampo,Dried cassava chips kokonte,10.59,Wholesale
Volta,Ho Municipal,22/06/2025,Ho Central,White maize,8.48,Wholesale
Volta,Ho Municipal,22/06/2025,Ho Central,Palm oil,33.20,Wholesale
Bono East,Techiman Municipal,22/06/2025,Techiman,White maize,7.31,Wholesale
Bono East,Techiman Municipal,22/06/2025,Techiman,Maize yellow,7.69,Wholesale
Bono East,Techiman Municipal,22/06/2025,Techiman,Millet,11.06,Wholesale
Bono East,Techiman Municipal,22/06/2025,Techiman,Rice local perfumed,14.22,Wholesale
Bono East,Techiman Municipal,22/06/2025,Techiman,Rice local non perfumed,10.71,Wholesale
Bono East,Techiman Municipal,22/06/2025,Techiman,Rice imported perfumed,18.86,Wholesale
Bono East,Techiman Municipal,22/06/2025,Techiman,Rice imported non perfumed,13.11,Wholesale
Bono East,Techiman Municipal,22/06/2025,Techiman,Yam white,12.46,Wholesale
Bono East,Techiman Municipal,22/06/2025,Techiman,Cocoyam,24.62,Wholesale
Bono East,Techiman Municipal,22/06/2025,Techiman,Cassava,2.24,Wholesale
Bono East,Techiman Municipal,22/06/2025,Techiman,Gari,11.95,Wholesale
Bono East,Techiman Municipal,22/06/2025,Techiman,Plantain apentu,17.37,Wholesale
Bono East,Techiman Municipal,22/06/2025,Techiman,Orange,3.95,Wholesale
Bono East,Techiman Municipal,22/06/2025,Techiman,Watermelon,3.19,Wholesale
Bono East,Techiman Municipal,22/06/2025,Techiman,Pineapple,8.62,Wholesale
Bono East,Techiman Municipal,22/06/2025,Techiman,Mango exotic,9.00,Wholesale
Bono East,Techiman Municipal,22/06/2025,Techiman,Tomato local,10.29,Wholesale
Bono East,Techiman Municipal,22/06/2025,Techiman,Garden egg,6.71,Wholesale
Bono East,Techiman Municipal,22/06/2025,Techiman,Okro fresh,9.01,Wholesale
Bono East,Techiman Municipal,22/06/2025,Techiman,Onion,12.42,Wholesale
Bono East,Techiman Municipal,22/06/2025,Techiman,Ginger,41.66,Wholesale
Bono East,Techiman Municipal,22/06/2025,Techiman,Dried pepper,125.76,Wholesale
Bono East,Techiman Municipal,22/06/2025,Techiman,Fresh pepper bonnet,21.50,Wholesale
Bono East,Techiman Municipal,22/06/2025,Techiman,Palm fruit,5.06,Wholesale
Bono East,Techiman Municipal,22/06/2025,Techiman,Tiger nut,22.85,Wholesale
Bono East,Techiman Municipal,22/06/2025,Techiman,Groundnut red,18.82,Wholesale
Bono East,Techiman Municipal,22/06/2025,Techiman,Cowpea white,17.53,Wholesale
Bono East,Techiman Municipal,22/06/2025,Techiman,Soya bean,10.37,Wholesale
Bono East,Techiman Municipal,22/06/2025,Techiman,Melon seeds agushi,40.15,Wholesale
Bono East,Techiman Municipal,22/06/2025,Techiman,Melon seeds neri,14.11,Wholesale
Bono East,Techiman Municipal,22/06/2025,Techiman,Palm oil,24.15,Wholesale
Bono East,Techiman Municipal,22/06/2025,Techiman,Anchovy,57.01,Wholesale
Bono East,Techiman Municipal,22/06/2025,Techiman,Egg commercial,60.00,Wholesale
Bono East,Techiman Municipal,22/06/2025,Techiman,Chicken,47.00,Wholesale
Bono East,Techiman Municipal,22/06/2025,Techiman,Cabbage,9.26,Wholesale
Bono East,Techiman Municipal,22/06/2025,Techiman,Avocado pear,6.24,Wholesale
Bono East,Techiman Municipal,22/06/2025,Techiman,Bambara bean,22.66,Wholesale
Bono East,Techiman Municipal,22/06/2025,Techiman,Cassava dough,5.03,Wholesale
Bono East,Techiman Municipal,22/06/2025,Techiman,Fresh red fish,54.33,Wholesale
Bono East,Techiman Municipal,22/06/2025,Techiman,Fresh salmon mackerel fish,53.33,Wholesale
Bono East,Techiman Municipal,22/06/2025,Techiman,Fresh kpanla fish,42.72,Wholesale
Bono East,Techiman Municipal,22/06/2025,Techiman,Sorghum,10.12,Wholesale
Bono East,Techiman Municipal,22/06/2025,Techiman,Unshelled groundnut,13.93,Wholesale
Bono East,Techiman Municipal,22/06/2025,Techiman,Dried cassava chips kokonte,6.94,Wholesale
Upper East,Garu,25/06/2025,Garu,White maize,7.00,Wholesale
Upper East,Garu,25/06/2025,Garu,Maize yellow,7.00,Wholesale
Upper East,Garu,25/06/2025,Garu,Millet,14.00,Wholesale
Upper East,Garu,25/06/2025,Garu,Rice local non perfumed,18.00,Wholesale
Upper East,Garu,25/06/2025,Garu,Cowpea white,21.00,Wholesale
Upper East,Garu,25/06/2025,Garu,Soya bean,13.00,Wholesale
Upper East,Garu,25/06/2025,Garu,Sorghum,11.00,Wholesale
North East,East Mamprusi Municipal,25/06/2025,GBINTIRI,White maize,5.33,Wholesale
North East,East Mamprusi Municipal,25/06/2025,GBINTIRI,Maize yellow,5.29,Wholesale
North East,East Mamprusi Municipal,25/06/2025,GBINTIRI,Millet,6.96,Wholesale
North East,East Mamprusi Municipal,25/06/2025,GBINTIRI,Gari,12.00,Wholesale
North East,East Mamprusi Municipal,25/06/2025,GBINTIRI,Cowpea white,15.34,Wholesale
North East,East Mamprusi Municipal,25/06/2025,GBINTIRI,Soya bean,6.83,Wholesale
North East,East Mamprusi Municipal,25/06/2025,GBINTIRI,Sorghum,6.58,Wholesale
Eastern,New Juaben South Municipal,26/06/2025,Koforidua Central,Maize yellow,8.33,Wholesale
Eastern,New Juaben South Municipal,26/06/2025,Koforidua Central,Rice imported perfumed,14.22,Wholesale
Eastern,New Juaben South Municipal,26/06/2025,Koforidua Central,Yam white,14.71,Wholesale
Eastern,New Juaben South Municipal,26/06/2025,Koforidua Central,Gari,10.94,Wholesale
Eastern,New Juaben South Municipal,26/06/2025,Koforidua Central,Pineapple,6.67,Wholesale
Eastern,New Juaben South Municipal,26/06/2025,Koforidua Central,Tomato local,21.88,Wholesale
Eastern,New Juaben South Municipal,26/06/2025,Koforidua Central,Garden egg,5.00,Wholesale
Eastern,New Juaben South Municipal,26/06/2025,Koforidua Central,Onion,20.00,Wholesale
Eastern,New Juaben South Municipal,26/06/2025,Koforidua Central,Fresh pepper bonnet,8.82,Wholesale
Eastern,New Juaben South Municipal,26/06/2025,Koforidua Central,Cowpea white,25.00,Wholesale
Eastern,New Juaben South Municipal,26/06/2025,Koforidua Central,Chicken,45.00,Wholesale
Eastern,New Juaben South Municipal,26/06/2025,Koforidua Central,Cabbage,11.11,Wholesale
Eastern,New Juaben South Municipal,26/06/2025,Koforidua Central,Cassava dough,4.69,Wholesale
Eastern,New Juaben South Municipal,26/06/2025,Koforidua Central,Fresh red fish,60.00,Wholesale
Eastern,New Juaben South Municipal,26/06/2025,Koforidua Central,Fresh salmon mackerel fish,15.00,Wholesale
Greater Accra,Tema East,24/06/2025,Tema Community One,White maize,14.00,Wholesale
Greater Accra,Tema East,24/06/2025,Tema Community One,Maize yellow,15.00,Wholesale
Greater Accra,Tema East,24/06/2025,Tema Community One,Millet,16.91,Wholesale
Greater Accra,Tema East,24/06/2025,Tema Community One,Rice local perfumed,24.67,Wholesale
Greater Accra,Tema East,24/06/2025,Tema Community One,Rice imported perfumed,27.13,Wholesale
Greater Accra,Tema East,24/06/2025,Tema Community One,Yam white,46.02,Wholesale
Greater Accra,Tema East,24/06/2025,Tema Community One,Gari,20.95,Wholesale
Greater Accra,Tema East,24/06/2025,Tema Community One,Dried cassava powder kokonte,28.18,Wholesale
Greater Accra,Tema East,24/06/2025,Tema Community One,Plantain apentu,103.77,Wholesale
Greater Accra,Tema East,24/06/2025,Tema Community One,Plantain apem,137.98,Wholesale
Greater Accra,Tema East,24/06/2025,Tema Community One,Orange,15.31,Wholesale
Greater Accra,Tema East,24/06/2025,Tema Community One,Pineapple,11.27,Wholesale
Greater Accra,Tema East,24/06/2025,Tema Community One,Mango exotic,17.39,Wholesale
Greater Accra,Tema East,24/06/2025,Tema Community One,Tomato local,14.63,Wholesale
Greater Accra,Tema East,24/06/2025,Tema Community One,Garden egg,18.18,Wholesale
Greater Accra,Tema East,24/06/2025,Tema Community One,Onion,17.89,Wholesale
Greater Accra,Tema East,24/06/2025,Tema Community One,Ginger,89.74,Wholesale
Greater Accra,Tema East,24/06/2025,Tema Community One,Dried pepper,72.70,Wholesale
Greater Accra,Tema East,24/06/2025,Tema Community One,Fresh pepper,62.31,Wholesale
Greater Accra,Tema East,24/06/2025,Tema Community One,Fresh pepper bonnet,136.36,Wholesale
Greater Accra,Tema East,24/06/2025,Tema Community One,Groundnut red,31.56,Wholesale
Greater Accra,Tema East,24/06/2025,Tema Community One,Cowpea white,18.00,Wholesale
Greater Accra,Tema East,24/06/2025,Tema Community One,Soya bean,16.00,Wholesale
Greater Accra,Tema East,24/06/2025,Tema Community One,Melon seeds agushi,136.36,Wholesale
Greater Accra,Tema East,24/06/2025,Tema Community One,Melon seeds agushi powder,75.00,Wholesale
Greater Accra,Tema East,24/06/2025,Tema Community One,Palm oil,28.00,Wholesale
Greater Accra,Tema East,24/06/2025,Tema Community One,Smoked herring,150.12,Wholesale
Greater Accra,Tema East,24/06/2025,Tema Community One,Egg commercial,66.67,Wholesale
Greater Accra,Tema East,24/06/2025,Tema Community One,Bambara bean,33.33,Wholesale
Greater Accra,Tema East,24/06/2025,Tema Community One,Sorghum,16.91,Wholesale
Greater Accra,Tema East,24/06/2025,Tema Community One,Yam puna,59.21,Wholesale
Greater Accra,Tema East,24/06/2025,Tema Community One,Tomato navrongo,26.32,Wholesale
Bono,Sunyani Municipal,25/06/2025,Nana Bosomah,White maize,7.69,Wholesale
Bono,Sunyani Municipal,25/06/2025,Nana Bosomah,Maize yellow,7.69,Wholesale
Bono,Sunyani Municipal,25/06/2025,Nana Bosomah,Rice local perfumed,12.00,Wholesale
Bono,Sunyani Municipal,25/06/2025,Nana Bosomah,Rice local non perfumed,11.67,Wholesale
Bono,Sunyani Municipal,25/06/2025,Nana Bosomah,Rice imported perfumed,24.00,Wholesale
Bono,Sunyani Municipal,25/06/2025,Nana Bosomah,Rice imported non perfumed,12.50,Wholesale
Bono,Sunyani Municipal,25/06/2025,Nana Bosomah,Cassava,2.50,Wholesale
Bono,Sunyani Municipal,25/06/2025,Nana Bosomah,Plantain apentu,18.58,Wholesale
Bono,Sunyani Municipal,25/06/2025,Nana Bosomah,Plantain apem,16.50,Wholesale
Bono,Sunyani Municipal,25/06/2025,Nana Bosomah,Banana exotic,11.25,Wholesale
Bono,Sunyani Municipal,25/06/2025,Nana Bosomah,Banana local,11.17,Wholesale
Bono,Sunyani Municipal,25/06/2025,Nana Bosomah,Ginger,46.44,Wholesale
Bono,Sunyani Municipal,25/06/2025,Nana Bosomah,Dried pepper,92.59,Wholesale
Bono,Sunyani Municipal,25/06/2025,Nana Bosomah,Fresh pepper bonnet,16.13,Wholesale
Bono,Sunyani Municipal,25/06/2025,Nana Bosomah,Chicken,45.00,Wholesale
Bono,Sunyani Municipal,25/06/2025,Nana Bosomah,Fresh red fish,50.00,Wholesale
Bono,Sunyani Municipal,25/06/2025,Nana Bosomah,Fresh salmon mackerel fish,38.00,Wholesale
Bono,Sunyani Municipal,25/06/2025,Nana Bosomah,Fresh kpanla fish,37.00,Wholesale
Ahafo,Asunafo North Municipal,27/06/2025,Goaso,White maize,10.69,Wholesale
Ahafo,Asunafo North Municipal,27/06/2025,Goaso,Maize yellow,10.61,Wholesale
Ahafo,Asunafo North Municipal,27/06/2025,Goaso,Millet,15.56,Wholesale
Ahafo,Asunafo North Municipal,27/06/2025,Goaso,Rice local perfumed,20.28,Wholesale
Ahafo,Asunafo North Municipal,27/06/2025,Goaso,Cocoyam,29.47,Wholesale
Ahafo,Asunafo North Municipal,27/06/2025,Goaso,Plantain apentu,29.79,Wholesale
Ahafo,Asunafo North Municipal,27/06/2025,Goaso,Watermelon,4.95,Wholesale
Ahafo,Asunafo North Municipal,27/06/2025,Goaso,Tomato local,12.99,Wholesale
Ahafo,Asunafo North Municipal,27/06/2025,Goaso,Garden egg,7.55,Wholesale
Ahafo,Asunafo North Municipal,27/06/2025,Goaso,Fresh pepper bonnet,32.95,Wholesale
Ahafo,Asunafo North Municipal,27/06/2025,Goaso,Groundnut red,21.95,Wholesale
Ahafo,Asunafo North Municipal,27/06/2025,Goaso,Cowpea white,20.14,Wholesale
Ahafo,Asunafo North Municipal,27/06/2025,Goaso,Egg commercial,53.33,Wholesale
Ahafo,Asunafo North Municipal,27/06/2025,Goaso,Sorghum,16.45,Wholesale
Ahafo,Asunafo North Municipal,27/06/2025,Goaso,Yam puna,16.64,Wholesale
Western North,Bibiani Anhwiaso Bekwai Municipal,27/06/2025,Bibiani,White maize,11.43,Wholesale
Western North,Bibiani Anhwiaso Bekwai Municipal,27/06/2025,Bibiani,Maize yellow,12.16,Wholesale
Western North,Bibiani Anhwiaso Bekwai Municipal,27/06/2025,Bibiani,Millet,14.83,Wholesale
Western North,Bibiani Anhwiaso Bekwai Municipal,27/06/2025,Bibiani,Rice local perfumed,17.64,Wholesale
Western North,Bibiani Anhwiaso Bekwai Municipal,27/06/2025,Bibiani,Rice local non perfumed,14.10,Wholesale
Western North,Bibiani Anhwiaso Bekwai Municipal,27/06/2025,Bibiani,Rice imported perfumed,16.83,Wholesale
Western North,Bibiani Anhwiaso Bekwai Municipal,27/06/2025,Bibiani,Rice imported non perfumed,13.26,Wholesale
Western North,Bibiani Anhwiaso Bekwai Municipal,27/06/2025,Bibiani,Cocoyam,9.03,Wholesale
Western North,Bibiani Anhwiaso Bekwai Municipal,27/06/2025,Bibiani,Cassava,4.03,Wholesale
Western North,Bibiani Anhwiaso Bekwai Municipal,27/06/2025,Bibiani,Gari,20.86,Wholesale
Western North,Bibiani Anhwiaso Bekwai Municipal,27/06/2025,Bibiani,Plantain apentu,15.83,Wholesale
Western North,Bibiani Anhwiaso Bekwai Municipal,27/06/2025,Bibiani,Plantain apem,17.40,Wholesale
Western North,Bibiani Anhwiaso Bekwai Municipal,27/06/2025,Bibiani,Banana local,6.63,Wholesale
Western North,Bibiani Anhwiaso Bekwai Municipal,27/06/2025,Bibiani,Tomato local,23.44,Wholesale
Western North,Bibiani Anhwiaso Bekwai Municipal,27/06/2025,Bibiani,Garden egg,7.71,Wholesale
Western North,Bibiani Anhwiaso Bekwai Municipal,27/06/2025,Bibiani,Okro fresh,33.80,Wholesale
Western North,Bibiani Anhwiaso Bekwai Municipal,27/06/2025,Bibiani,Onion,19.99,Wholesale
Western North,Bibiani Anhwiaso Bekwai Municipal,27/06/2025,Bibiani,Ginger,64.23,Wholesale
Western North,Bibiani Anhwiaso Bekwai Municipal,27/06/2025,Bibiani,Dried pepper,31.11,Wholesale
Western North,Bibiani Anhwiaso Bekwai Municipal,27/06/2025,Bibiani,Fresh pepper,25.23,Wholesale
Western North,Bibiani Anhwiaso Bekwai Municipal,27/06/2025,Bibiani,Fresh pepper bonnet,21.44,Wholesale
Western North,Bibiani Anhwiaso Bekwai Municipal,27/06/2025,Bibiani,Palm fruit,8.94,Wholesale
Western North,Bibiani Anhwiaso Bekwai Municipal,27/06/2025,Bibiani,Groundnut red,21.83,Wholesale
Western North,Bibiani Anhwiaso Bekwai Municipal,27/06/2025,Bibiani,Cowpea white,16.51,Wholesale
Western North,Bibiani Anhwiaso Bekwai Municipal,27/06/2025,Bibiani,Soya bean,16.01,Wholesale
Western North,Bibiani Anhwiaso Bekwai Municipal,27/06/2025,Bibiani,Melon seeds agushi powder,49.34,Wholesale
Western North,Bibiani Anhwiaso Bekwai Municipal,27/06/2025,Bibiani,Melon seeds neri,20.42,Wholesale
Western North,Bibiani Anhwiaso Bekwai Municipal,27/06/2025,Bibiani,Palm oil,27.56,Wholesale
Western North,Bibiani Anhwiaso Bekwai Municipal,27/06/2025,Bibiani,Chicken,24.25,Wholesale
Western North,Bibiani Anhwiaso Bekwai Municipal,27/06/2025,Bibiani,Cabbage,5.44,Wholesale
Western North,Bibiani Anhwiaso Bekwai Municipal,27/06/2025,Bibiani,Snail,17.91,Wholesale
Western North,Bibiani Anhwiaso Bekwai Municipal,27/06/2025,Bibiani,Cassava dough,8.96,Wholesale
Western North,Bibiani Anhwiaso Bekwai Municipal,27/06/2025,Bibiani,Tomato navrongo,30.21,Wholesale
Western North,Bibiani Anhwiaso Bekwai Municipal,27/06/2025,Bibiani,Unshelled groundnut,23.96,Wholesale
Western North,Bibiani Anhwiaso Bekwai Municipal,27/06/2025,Bibiani,Dried cassava chips kokonte,10.61,Wholesale
Upper East,Bolgatangatanga Municipal,28/06/2025,Bolgatanga,White maize,5.13,Wholesale
Upper East,Bolgatangatanga Municipal,28/06/2025,Bolgatanga,Maize yellow,5.33,Wholesale
Upper East,Bolgatangatanga Municipal,28/06/2025,Bolgatanga,Millet,8.17,Wholesale
Upper East,Bolgatangatanga Municipal,28/06/2025,Bolgatanga,Rice local non perfumed,11.90,Wholesale
Upper East,Bolgatangatanga Municipal,28/06/2025,Bolgatanga,Rice imported non perfumed,9.00,Wholesale
Upper East,Bolgatangatanga Municipal,28/06/2025,Bolgatanga,Plantain apentu,11.15,Wholesale
Upper East,Bolgatangatanga Municipal,28/06/2025,Bolgatanga,Plantain apem,12.80,Wholesale
Upper East,Bolgatangatanga Municipal,28/06/2025,Bolgatanga,Onion,18.17,Wholesale
Upper East,Bolgatangatanga Municipal,28/06/2025,Bolgatanga,Groundnut red,15.57,Wholesale
Upper East,Bolgatangatanga Municipal,28/06/2025,Bolgatanga,Cowpea white,12.62,Wholesale
Upper East,Bolgatangatanga Municipal,28/06/2025,Bolgatanga,Soya bean,5.80,Wholesale
Upper East,Bolgatangatanga Municipal,28/06/2025,Bolgatanga,Bambara bean,16.02,Wholesale
Upper East,Bolgatangatanga Municipal,28/06/2025,Bolgatanga,Sorghum,6.15,Wholesale
Upper East,Bolgatangatanga Municipal,28/06/2025,Bolgatanga,Groundnut Oil,19.87,Wholesale
Greater Accra,Tema East,26/06/2025,Tema Community One,White maize,14.00,Wholesale
Greater Accra,Tema East,26/06/2025,Tema Community One,Maize yellow,15.00,Wholesale
Greater Accra,Tema East,26/06/2025,Tema Community One,Millet,16.91,Wholesale
Greater Accra,Tema East,26/06/2025,Tema Community One,Rice local perfumed,24.93,Wholesale
Greater Accra,Tema East,26/06/2025,Tema Community One,Rice imported perfumed,27.53,Wholesale
Greater Accra,Tema East,26/06/2025,Tema Community One,Yam white,45.73,Wholesale
Greater Accra,Tema East,26/06/2025,Tema Community One,Gari,23.81,Wholesale
Greater Accra,Tema East,26/06/2025,Tema Community One,Dried cassava powder kokonte,28.18,Wholesale
Greater Accra,Tema East,26/06/2025,Tema Community One,Plantain apentu,110.73,Wholesale
Greater Accra,Tema East,26/06/2025,Tema Community One,Plantain apem,140.40,Wholesale
Greater Accra,Tema East,26/06/2025,Tema Community One,Orange,15.31,Wholesale
Greater Accra,Tema East,26/06/2025,Tema Community One,Pineapple,12.10,Wholesale
Greater Accra,Tema East,26/06/2025,Tema Community One,Mango exotic,17.39,Wholesale
Greater Accra,Tema East,26/06/2025,Tema Community One,Tomato local,15.17,Wholesale
Greater Accra,Tema East,26/06/2025,Tema Community One,Garden egg,16.88,Wholesale
Greater Accra,Tema East,26/06/2025,Tema Community One,Onion,23.08,Wholesale
Greater Accra,Tema East,26/06/2025,Tema Community One,Ginger,100.00,Wholesale
Greater Accra,Tema East,26/06/2025,Tema Community One,Dried pepper,93.33,Wholesale
Greater Accra,Tema East,26/06/2025,Tema Community One,Fresh pepper,59.26,Wholesale
Greater Accra,Tema East,26/06/2025,Tema Community One,Fresh pepper bonnet,100.00,Wholesale
Greater Accra,Tema East,26/06/2025,Tema Community One,Groundnut red,34.00,Wholesale
Greater Accra,Tema East,26/06/2025,Tema Community One,Cowpea white,19.44,Wholesale
Greater Accra,Tema East,26/06/2025,Tema Community One,Soya bean,16.00,Wholesale
Greater Accra,Tema East,26/06/2025,Tema Community One,Melon seeds agushi,136.36,Wholesale
Greater Accra,Tema East,26/06/2025,Tema Community One,Melon seeds agushi powder,75.00,Wholesale
Greater Accra,Tema East,26/06/2025,Tema Community One,Palm oil,31.67,Wholesale
Greater Accra,Tema East,26/06/2025,Tema Community One,Smoked herring,150.12,Wholesale
Greater Accra,Tema East,26/06/2025,Tema Community One,Egg commercial,68.33,Wholesale
Greater Accra,Tema East,26/06/2025,Tema Community One,Bambara bean,33.76,Wholesale
Greater Accra,Tema East,26/06/2025,Tema Community One,Sorghum,16.67,Wholesale
Greater Accra,Tema East,26/06/2025,Tema Community One,Yam puna,59.21,Wholesale
Greater Accra,Tema East,26/06/2025,Tema Community One,Tomato navrongo,29.71,Wholesale
Upper West,Wa Municipal,29/06/2025,Wa,White maize,6.00,Wholesale
Upper West,Wa Municipal,29/06/2025,Wa,Maize yellow,6.00,Wholesale
Upper West,Wa Municipal,29/06/2025,Wa,Millet,12.00,Wholesale
Upper West,Wa Municipal,29/06/2025,Wa,Rice local perfumed,10.71,Wholesale
Upper West,Wa Municipal,29/06/2025,Wa,Rice local non perfumed,9.52,Wholesale
Upper West,Wa Municipal,29/06/2025,Wa,Rice imported perfumed,12.67,Wholesale
Upper West,Wa Municipal,29/06/2025,Wa,Rice imported non perfumed,7.33,Wholesale
Upper West,Wa Municipal,29/06/2025,Wa,Yam white,5.01,Wholesale
Upper West,Wa Municipal,29/06/2025,Wa,Cowpea white,16.00,Wholesale
Upper West,Wa Municipal,29/06/2025,Wa,Soya bean,8.80,Wholesale
Upper West,Wa Municipal,29/06/2025,Wa,Sorghum,9.20,Wholesale
Upper West,Wa Municipal,29/06/2025,Wa,Yam puna,9.01,Wholesale
Bono East,Kintampo North Municipal,28/06/2025,Kintampo,White maize,6.03,Wholesale
Bono East,Kintampo North Municipal,28/06/2025,Kintampo,Maize yellow,5.93,Wholesale
Bono East,Kintampo North Municipal,28/06/2025,Kintampo,Millet,9.16,Wholesale
Bono East,Kintampo North Municipal,28/06/2025,Kintampo,Rice local perfumed,11.95,Wholesale
Bono East,Kintampo North Municipal,28/06/2025,Kintampo,Rice imported perfumed,17.20,Wholesale
Bono East,Kintampo North Municipal,28/06/2025,Kintampo,Yam white,7.58,Wholesale
Bono East,Kintampo North Municipal,28/06/2025,Kintampo,Cassava,7.86,Wholesale
Bono East,Kintampo North Municipal,28/06/2025,Kintampo,Gari,10.88,Wholesale
Bono East,Kintampo North Municipal,28/06/2025,Kintampo,Garden egg,10.84,Wholesale
Bono East,Kintampo North Municipal,28/06/2025,Kintampo,Okro fresh,26.02,Wholesale
Bono East,Kintampo North Municipal,28/06/2025,Kintampo,Onion,10.87,Wholesale
Bono East,Kintampo North Municipal,28/06/2025,Kintampo,Ginger,31.24,Wholesale
Bono East,Kintampo North Municipal,28/06/2025,Kintampo,Dried pepper,60.95,Wholesale
Bono East,Kintampo North Municipal,28/06/2025,Kintampo,Fresh pepper,33.36,Wholesale
Bono East,Kintampo North Municipal,28/06/2025,Kintampo,Palm fruit,8.24,Wholesale
Bono East,Kintampo North Municipal,28/06/2025,Kintampo,Cowpea white,11.33,Wholesale
Bono East,Kintampo North Municipal,28/06/2025,Kintampo,Palm oil,29.09,Wholesale
Bono East,Kintampo North Municipal,28/06/2025,Kintampo,Salted dried tilapia koobi,32.85,Wholesale
Bono East,Kintampo North Municipal,28/06/2025,Kintampo,Egg commercial,58.33,Wholesale
Bono East,Kintampo North Municipal,28/06/2025,Kintampo,Chicken,43.11,Wholesale
Bono East,Kintampo North Municipal,28/06/2025,Kintampo,Fresh red fish,57.39,Wholesale
Bono East,Kintampo North Municipal,28/06/2025,Kintampo,Fresh salmon mackerel fish,56.00,Wholesale
Bono East,Kintampo North Municipal,28/06/2025,Kintampo,Fresh kpanla fish,28.90,Wholesale
Bono East,Kintampo North Municipal,28/06/2025,Kintampo,Sorghum,8.93,Wholesale
Bono East,Kintampo North Municipal,28/06/2025,Kintampo,Yam puna,8.85,Wholesale
Bono East,Kintampo North Municipal,28/06/2025,Kintampo,Tomato navrongo,25.71,Wholesale
Bono East,Kintampo North Municipal,28/06/2025,Kintampo,Okro dried,75.22,Wholesale
Bono East,Kintampo North Municipal,28/06/2025,Kintampo,Dried cassava chips kokonte,11.49,Wholesale
Bono East,Techiman Municipal,26/06/2025,Techiman,White maize,6.54,Wholesale
Bono East,Techiman Municipal,26/06/2025,Techiman,Maize yellow,7.31,Wholesale
Bono East,Techiman Municipal,26/06/2025,Techiman,Millet,11.06,Wholesale
Bono East,Techiman Municipal,26/06/2025,Techiman,Rice local perfumed,13.55,Wholesale
Bono East,Techiman Municipal,26/06/2025,Techiman,Rice local non perfumed,10.12,Wholesale
Bono East,Techiman Municipal,26/06/2025,Techiman,Rice imported perfumed,19.48,Wholesale
Bono East,Techiman Municipal,26/06/2025,Techiman,Rice imported non perfumed,13.11,Wholesale
Bono East,Techiman Municipal,26/06/2025,Techiman,Yam white,12.88,Wholesale
Bono East,Techiman Municipal,26/06/2025,Techiman,Cocoyam,22.52,Wholesale
Bono East,Techiman Municipal,26/06/2025,Techiman,Cassava,2.03,Wholesale
Bono East,Techiman Municipal,26/06/2025,Techiman,Gari,11.32,Wholesale
Bono East,Techiman Municipal,26/06/2025,Techiman,Plantain apentu,19.04,Wholesale
Bono East,Techiman Municipal,26/06/2025,Techiman,Orange,4.17,Wholesale
Bono East,Techiman Municipal,26/06/2025,Techiman,Watermelon,3.45,Wholesale
Bono East,Techiman Municipal,26/06/2025,Techiman,Pineapple,8.50,Wholesale
Bono East,Techiman Municipal,26/06/2025,Techiman,Mango exotic,7.52,Wholesale
Bono East,Techiman Municipal,26/06/2025,Techiman,Tomato local,8.92,Wholesale
Bono East,Techiman Municipal,26/06/2025,Techiman,Garden egg,6.77,Wholesale
Bono East,Techiman Municipal,26/06/2025,Techiman,Okro fresh,7.59,Wholesale
Bono East,Techiman Municipal,26/06/2025,Techiman,Onion,13.31,Wholesale
Bono East,Techiman Municipal,26/06/2025,Techiman,Ginger,35.22,Wholesale
Bono East,Techiman Municipal,26/06/2025,Techiman,Dried pepper,123.33,Wholesale
Bono East,Techiman Municipal,26/06/2025,Techiman,Fresh pepper bonnet,9.75,Wholesale
Bono East,Techiman Municipal,26/06/2025,Techiman,Palm fruit,5.24,Wholesale
Bono East,Techiman Municipal,26/06/2025,Techiman,Tiger nut,24.29,Wholesale
Bono East,Techiman Municipal,26/06/2025,Techiman,Groundnut red,19.08,Wholesale
Bono East,Techiman Municipal,26/06/2025,Techiman,Cowpea white,13.57,Wholesale
Bono East,Techiman Municipal,26/06/2025,Techiman,Soya bean,8.64,Wholesale
Bono East,Techiman Municipal,26/06/2025,Techiman,Melon seeds agushi,43.33,Wholesale
Bono East,Techiman Municipal,26/06/2025,Techiman,Melon seeds neri,16.08,Wholesale
Bono East,Techiman Municipal,26/06/2025,Techiman,Palm oil,24.15,Wholesale
Bono East,Techiman Municipal,26/06/2025,Techiman,Anchovy,56.81,Wholesale
Bono East,Techiman Municipal,26/06/2025,Techiman,Egg commercial,63.33,Wholesale
Bono East,Techiman Municipal,26/06/2025,Techiman,Chicken,47.67,Wholesale
Bono East,Techiman Municipal,26/06/2025,Techiman,Cabbage,7.68,Wholesale
Bono East,Techiman Municipal,26/06/2025,Techiman,Avocado pear,8.31,Wholesale
Bono East,Techiman Municipal,26/06/2025,Techiman,Bambara bean,23.05,Wholesale
Bono East,Techiman Municipal,26/06/2025,Techiman,Fresh red fish,56.00,Wholesale
Bono East,Techiman Municipal,26/06/2025,Techiman,Fresh salmon mackerel fish,55.83,Wholesale
Bono East,Techiman Municipal,26/06/2025,Techiman,Fresh kpanla fish,41.94,Wholesale
Bono East,Techiman Municipal,26/06/2025,Techiman,Sorghum,8.42,Wholesale
Bono East,Techiman Municipal,26/06/2025,Techiman,Yam puna,10.68,Wholesale
Bono East,Techiman Municipal,26/06/2025,Techiman,Unshelled groundnut,9.38,Wholesale
Bono East,Techiman Municipal,26/06/2025,Techiman,Dried cassava chips kokonte,6.67,Wholesale
Eastern,New Juaben South Municipal,03/07/2025,Koforidua Central,Rice imported perfumed,14.44,Wholesale
Eastern,New Juaben South Municipal,03/07/2025,Koforidua Central,Yam white,16.26,Wholesale
Eastern,New Juaben South Municipal,03/07/2025,Koforidua Central,Gari,10.94,Wholesale
Eastern,New Juaben South Municipal,03/07/2025,Koforidua Central,Plantain apem,16.87,Wholesale
Eastern,New Juaben South Municipal,03/07/2025,Koforidua Central,Watermelon,4.76,Wholesale
Eastern,New Juaben South Municipal,03/07/2025,Koforidua Central,Tomato local,19.13,Wholesale
Eastern,New Juaben South Municipal,03/07/2025,Koforidua Central,Garden egg,5.40,Wholesale
Eastern,New Juaben South Municipal,03/07/2025,Koforidua Central,Onion,16.46,Wholesale
Eastern,New Juaben South Municipal,03/07/2025,Koforidua Central,Fresh pepper bonnet,15.74,Wholesale
Eastern,New Juaben South Municipal,03/07/2025,Koforidua Central,Egg commercial,56.67,Wholesale
Eastern,New Juaben South Municipal,03/07/2025,Koforidua Central,Cabbage,11.92,Wholesale
Eastern,New Juaben South Municipal,03/07/2025,Koforidua Central,Carrot,14.56,Wholesale
Eastern,New Juaben South Municipal,03/07/2025,Koforidua Central,Cassava dough,4.40,Wholesale
Bono,Sunyani Municipal,02/07/2025,Nana Bosomah,White maize,7.69,Wholesale
Bono,Sunyani Municipal,02/07/2025,Nana Bosomah,Maize yellow,7.69,Wholesale
Bono,Sunyani Municipal,02/07/2025,Nana Bosomah,Rice local perfumed,12.50,Wholesale
Bono,Sunyani Municipal,02/07/2025,Nana Bosomah,Rice local non perfumed,12.33,Wholesale
Bono,Sunyani Municipal,02/07/2025,Nana Bosomah,Rice imported perfumed,24.00,Wholesale
Bono,Sunyani Municipal,02/07/2025,Nana Bosomah,Rice imported non perfumed,18.67,Wholesale
Bono,Sunyani Municipal,02/07/2025,Nana Bosomah,Cassava,2.50,Wholesale
Bono,Sunyani Municipal,02/07/2025,Nana Bosomah,Plantain apentu,18.24,Wholesale
Bono,Sunyani Municipal,02/07/2025,Nana Bosomah,Plantain apem,17.67,Wholesale
Bono,Sunyani Municipal,02/07/2025,Nana Bosomah,Banana exotic,10.48,Wholesale
Bono,Sunyani Municipal,02/07/2025,Nana Bosomah,Banana local,10.41,Wholesale
Bono,Sunyani Municipal,02/07/2025,Nana Bosomah,Chicken,50.00,Wholesale
Bono,Sunyani Municipal,02/07/2025,Nana Bosomah,Fresh red fish,50.00,Wholesale
Bono,Sunyani Municipal,02/07/2025,Nana Bosomah,Fresh salmon mackerel fish,36.00,Wholesale
Bono,Sunyani Municipal,02/07/2025,Nana Bosomah,Fresh kpanla fish,37.00,Wholesale
Western North,Bibiani Anhwiaso Bekwai Municipal,04/07/2025,Bibiani,White maize,11.36,Wholesale
Western North,Bibiani Anhwiaso Bekwai Municipal,04/07/2025,Bibiani,Maize yellow,12.26,Wholesale
Western North,Bibiani Anhwiaso Bekwai Municipal,04/07/2025,Bibiani,Millet,2.95,Wholesale
Western North,Bibiani Anhwiaso Bekwai Municipal,04/07/2025,Bibiani,Rice local perfumed,16.63,Wholesale
Western North,Bibiani Anhwiaso Bekwai Municipal,04/07/2025,Bibiani,Rice imported perfumed,18.07,Wholesale
Western North,Bibiani Anhwiaso Bekwai Municipal,04/07/2025,Bibiani,Rice imported non perfumed,13.55,Wholesale
Western North,Bibiani Anhwiaso Bekwai Municipal,04/07/2025,Bibiani,Cocoyam,25.15,Wholesale
Western North,Bibiani Anhwiaso Bekwai Municipal,04/07/2025,Bibiani,Cassava,2.89,Wholesale
Western North,Bibiani Anhwiaso Bekwai Municipal,04/07/2025,Bibiani,Gari,14.21,Wholesale
Western North,Bibiani Anhwiaso Bekwai Municipal,04/07/2025,Bibiani,Dried cassava powder kokonte,9.10,Wholesale
Western North,Bibiani Anhwiaso Bekwai Municipal,04/07/2025,Bibiani,Plantain apentu,30.33,Wholesale
Western North,Bibiani Anhwiaso Bekwai Municipal,04/07/2025,Bibiani,Plantain apem,34.33,Wholesale
Western North,Bibiani Anhwiaso Bekwai Municipal,04/07/2025,Bibiani,Banana local,10.54,Wholesale
Western North,Bibiani Anhwiaso Bekwai Municipal,04/07/2025,Bibiani,Tomato local,19.01,Wholesale
Western North,Bibiani Anhwiaso Bekwai Municipal,04/07/2025,Bibiani,Garden egg,14.02,Wholesale
Western North,Bibiani Anhwiaso Bekwai Municipal,04/07/2025,Bibiani,Okro fresh,28.84,Wholesale
Western North,Bibiani Anhwiaso Bekwai Municipal,04/07/2025,Bibiani,Onion,33.20,Wholesale
Western North,Bibiani Anhwiaso Bekwai Municipal,04/07/2025,Bibiani,Ginger,54.57,Wholesale
Western North,Bibiani Anhwiaso Bekwai Municipal,04/07/2025,Bibiani,Dried pepper,56.59,Wholesale
Western North,Bibiani Anhwiaso Bekwai Municipal,04/07/2025,Bibiani,Fresh pepper bonnet,14.34,Wholesale
Western North,Bibiani Anhwiaso Bekwai Municipal,04/07/2025,Bibiani,Palm fruit,8.77,Wholesale
Western North,Bibiani Anhwiaso Bekwai Municipal,04/07/2025,Bibiani,Groundnut red,4.64,Wholesale
Western North,Bibiani Anhwiaso Bekwai Municipal,04/07/2025,Bibiani,Cowpea white,5.29,Wholesale
Western North,Bibiani Anhwiaso Bekwai Municipal,04/07/2025,Bibiani,Soya bean,4.15,Wholesale
Western North,Bibiani Anhwiaso Bekwai Municipal,04/07/2025,Bibiani,Melon seeds agushi,52.90,Wholesale
Western North,Bibiani Anhwiaso Bekwai Municipal,04/07/2025,Bibiani,Melon seeds agushi powder,53.80,Wholesale
Western North,Bibiani Anhwiaso Bekwai Municipal,04/07/2025,Bibiani,Melon seeds neri powder,34.48,Wholesale
Western North,Bibiani Anhwiaso Bekwai Municipal,04/07/2025,Bibiani,Palm oil,27.34,Wholesale
Western North,Bibiani Anhwiaso Bekwai Municipal,04/07/2025,Bibiani,Egg commercial,56.33,Wholesale
Western North,Bibiani Anhwiaso Bekwai Municipal,04/07/2025,Bibiani,Avocado pear,4.88,Wholesale
Western North,Bibiani Anhwiaso Bekwai Municipal,04/07/2025,Bibiani,Snail,89.68,Wholesale
Western North,Bibiani Anhwiaso Bekwai Municipal,04/07/2025,Bibiani,Yam puna,23.08,Wholesale
Western North,Bibiani Anhwiaso Bekwai Municipal,04/07/2025,Bibiani,Tomato navrongo,26.89,Wholesale
Western North,Bibiani Anhwiaso Bekwai Municipal,04/07/2025,Bibiani,Unshelled groundnut,23.48,Wholesale
Western North,Bibiani Anhwiaso Bekwai Municipal,04/07/2025,Bibiani,Dried cassava chips kokonte,9.24,Wholesale
Upper West,Wa Municipal,06/07/2025,Wa ,White maize,6.00,Wholesale
Upper West,Wa Municipal,06/07/2025,Wa ,Maize yellow,6.00,Wholesale
Upper West,Wa Municipal,06/07/2025,Wa ,Millet,12.00,Wholesale
Upper West,Wa Municipal,06/07/2025,Wa ,Rice local perfumed,8.33,Wholesale
Upper West,Wa Municipal,06/07/2025,Wa ,Rice local non perfumed,6.76,Wholesale
Upper West,Wa Municipal,06/07/2025,Wa ,Rice imported perfumed,13.00,Wholesale
Upper West,Wa Municipal,06/07/2025,Wa ,Rice imported non perfumed,8.67,Wholesale
Upper West,Wa Municipal,06/07/2025,Wa ,Yam white,14.45,Wholesale
Upper West,Wa Municipal,06/07/2025,Wa ,Groundnut red,35.04,Wholesale
Upper West,Wa Municipal,06/07/2025,Wa ,Cowpea white,16.67,Wholesale
Upper West,Wa Municipal,06/07/2025,Wa ,Soya bean,8.00,Wholesale
Upper West,Wa Municipal,06/07/2025,Wa ,Bambara bean,19.67,Wholesale
Upper West,Wa Municipal,06/07/2025,Wa ,Sorghum,7.20,Wholesale
Upper West,Wa Municipal,06/07/2025,Wa ,Yam puna,21.42,Wholesale
Ahafo,Asunafo North Municipal,06/07/2025,Goaso,White maize,11.33,Wholesale
Ahafo,Asunafo North Municipal,06/07/2025,Goaso,Maize yellow,11.74,Wholesale
Ahafo,Asunafo North Municipal,06/07/2025,Goaso,Millet,18.67,Wholesale
Ahafo,Asunafo North Municipal,06/07/2025,Goaso,Rice local perfumed,16.26,Wholesale
Ahafo,Asunafo North Municipal,06/07/2025,Goaso,Gari,17.11,Wholesale
Ahafo,Asunafo North Municipal,06/07/2025,Goaso,Dried cassava powder kokonte,10.53,Wholesale
Ahafo,Asunafo North Municipal,06/07/2025,Goaso,Tomato local,13.65,Wholesale
Ahafo,Asunafo North Municipal,06/07/2025,Goaso,Garden egg,7.98,Wholesale
Ahafo,Asunafo North Municipal,06/07/2025,Goaso,Okro fresh,14.85,Wholesale
Ahafo,Asunafo North Municipal,06/07/2025,Goaso,Fresh pepper bonnet,14.51,Wholesale
Ahafo,Asunafo North Municipal,06/07/2025,Goaso,Groundnut red,19.33,Wholesale
Ahafo,Asunafo North Municipal,06/07/2025,Goaso,Cowpea white,18.18,Wholesale
Ahafo,Asunafo North Municipal,06/07/2025,Goaso,Egg commercial,50.00,Wholesale
Ahafo,Asunafo North Municipal,06/07/2025,Goaso,Nkontomire,6.32,Wholesale
Ahafo,Asunafo North Municipal,06/07/2025,Goaso,Cabbage,11.18,Wholesale
Ahafo,Asunafo North Municipal,06/07/2025,Goaso,Sorghum,16.02,Wholesale
Ahafo,Asunafo North Municipal,06/07/2025,Goaso,Yam puna,18.48,Wholesale
Ahafo,Asunafo North Municipal,06/07/2025,Goaso,Dried cassava chips kokonte,10.55,Wholesale
Bono East,Kintampo North Municipal,07/07/2025,Kintampo,White maize,6.13,Wholesale
Bono East,Kintampo North Municipal,07/07/2025,Kintampo,Maize yellow,6.17,Wholesale
Bono East,Kintampo North Municipal,07/07/2025,Kintampo,Millet,6.70,Wholesale
Bono East,Kintampo North Municipal,07/07/2025,Kintampo,Rice local perfumed,11.52,Wholesale
Bono East,Kintampo North Municipal,07/07/2025,Kintampo,Rice imported perfumed,17.20,Wholesale
Bono East,Kintampo North Municipal,07/07/2025,Kintampo,Yam white,7.78,Wholesale
Bono East,Kintampo North Municipal,07/07/2025,Kintampo,Cassava,8.73,Wholesale
Bono East,Kintampo North Municipal,07/07/2025,Kintampo,Gari,10.44,Wholesale
Bono East,Kintampo North Municipal,07/07/2025,Kintampo,Garden egg,11.59,Wholesale
Bono East,Kintampo North Municipal,07/07/2025,Kintampo,Okro fresh,24.64,Wholesale
Bono East,Kintampo North Municipal,07/07/2025,Kintampo,Onion,11.62,Wholesale
Bono East,Kintampo North Municipal,07/07/2025,Kintampo,Ginger,34.74,Wholesale
Bono East,Kintampo North Municipal,07/07/2025,Kintampo,Dried pepper,86.77,Wholesale
Bono East,Kintampo North Municipal,07/07/2025,Kintampo,Fresh pepper,35.27,Wholesale
Bono East,Kintampo North Municipal,07/07/2025,Kintampo,Palm fruit,7.53,Wholesale
Bono East,Kintampo North Municipal,07/07/2025,Kintampo,Cowpea white,12.75,Wholesale
Bono East,Kintampo North Municipal,07/07/2025,Kintampo,Palm oil,27.78,Wholesale
Bono East,Kintampo North Municipal,07/07/2025,Kintampo,Salted dried tilapia koobi,74.33,Wholesale
Bono East,Kintampo North Municipal,07/07/2025,Kintampo,Egg commercial,58.33,Wholesale
Bono East,Kintampo North Municipal,07/07/2025,Kintampo,Chicken,39.01,Wholesale
Bono East,Kintampo North Municipal,07/07/2025,Kintampo,Fresh red fish,57.39,Wholesale
Bono East,Kintampo North Municipal,07/07/2025,Kintampo,Fresh salmon mackerel fish,55.57,Wholesale
Bono East,Kintampo North Municipal,07/07/2025,Kintampo,Fresh kpanla fish,27.62,Wholesale
Bono East,Kintampo North Municipal,07/07/2025,Kintampo,Sorghum,6.09,Wholesale
Bono East,Kintampo North Municipal,07/07/2025,Kintampo,Yam puna,9.44,Wholesale
Bono East,Kintampo North Municipal,07/07/2025,Kintampo,Tomato navrongo,27.19,Wholesale
Bono East,Kintampo North Municipal,07/07/2025,Kintampo,Okro dried,72.00,Wholesale
Bono East,Kintampo North Municipal,07/07/2025,Kintampo,Dried cassava chips kokonte,15.51,Wholesale
Eastern,New Juaben South Municipal,10/07/2025,Koforidua Central,Cassava,2.50,Wholesale
Eastern,New Juaben South Municipal,10/07/2025,Koforidua Central,Plantain apentu,12.07,Wholesale
Eastern,New Juaben South Municipal,10/07/2025,Koforidua Central,Banana local,20.00,Wholesale
Eastern,New Juaben South Municipal,10/07/2025,Koforidua Central,Orange,4.00,Wholesale
Eastern,New Juaben South Municipal,10/07/2025,Koforidua Central,Pineapple,4.67,Wholesale
Eastern,New Juaben South Municipal,10/07/2025,Koforidua Central,Tomato local,9.11,Wholesale
Eastern,New Juaben South Municipal,10/07/2025,Koforidua Central,Garden egg,5.24,Wholesale
Eastern,New Juaben South Municipal,10/07/2025,Koforidua Central,Onion,24.13,Wholesale
Eastern,New Juaben South Municipal,10/07/2025,Koforidua Central,Fresh pepper bonnet,6.53,Wholesale
Eastern,New Juaben South Municipal,10/07/2025,Koforidua Central,Egg commercial,45.00,Wholesale
Eastern,New Juaben South Municipal,10/07/2025,Koforidua Central,Nkontomire,10.00,Wholesale
Eastern,New Juaben South Municipal,10/07/2025,Koforidua Central,Cassava dough,6.15,Wholesale
Eastern,New Juaben South Municipal,10/07/2025,Koforidua Central,Fresh salmon mackerel fish,45.00,Wholesale
Eastern,New Juaben South Municipal,10/07/2025,Koforidua Central,Yam puna,16.29,Wholesale
Bono East,Techiman Municipal,05/07/2025,Techiman,White maize,6.46,Wholesale
Bono East,Techiman Municipal,05/07/2025,Techiman,Maize yellow,7.14,Wholesale
Bono East,Techiman Municipal,05/07/2025,Techiman,Millet,10.91,Wholesale
Bono East,Techiman Municipal,05/07/2025,Techiman,Rice local perfumed,13.33,Wholesale
Bono East,Techiman Municipal,05/07/2025,Techiman,Rice local non perfumed,10.13,Wholesale
Bono East,Techiman Municipal,05/07/2025,Techiman,Rice imported perfumed,16.73,Wholesale
Bono East,Techiman Municipal,05/07/2025,Techiman,Rice imported non perfumed,13.18,Wholesale
Bono East,Techiman Municipal,05/07/2025,Techiman,Yam white,15.26,Wholesale
Bono East,Techiman Municipal,05/07/2025,Techiman,Cocoyam,22.20,Wholesale
Bono East,Techiman Municipal,05/07/2025,Techiman,Cassava,1.90,Wholesale
Bono East,Techiman Municipal,05/07/2025,Techiman,Gari,11.17,Wholesale
Bono East,Techiman Municipal,05/07/2025,Techiman,Plantain apentu,22.12,Wholesale
Bono East,Techiman Municipal,05/07/2025,Techiman,Plantain apem,22.70,Wholesale
Bono East,Techiman Municipal,05/07/2025,Techiman,Banana exotic,14.78,Wholesale
Bono East,Techiman Municipal,05/07/2025,Techiman,Banana local,12.67,Wholesale
Bono East,Techiman Municipal,05/07/2025,Techiman,Orange,3.83,Wholesale
Bono East,Techiman Municipal,05/07/2025,Techiman,Watermelon,4.15,Wholesale
Bono East,Techiman Municipal,05/07/2025,Techiman,Pineapple,8.39,Wholesale
Bono East,Techiman Municipal,05/07/2025,Techiman,Mango exotic,7.87,Wholesale
Bono East,Techiman Municipal,05/07/2025,Techiman,Tomato local,10.12,Wholesale
Bono East,Techiman Municipal,05/07/2025,Techiman,Garden egg,6.96,Wholesale
Bono East,Techiman Municipal,05/07/2025,Techiman,Okro fresh,6.73,Wholesale
Bono East,Techiman Municipal,05/07/2025,Techiman,Onion,15.03,Wholesale
Bono East,Techiman Municipal,05/07/2025,Techiman,Ginger,27.11,Wholesale
Bono East,Techiman Municipal,05/07/2025,Techiman,Dried pepper,128.62,Wholesale
Bono East,Techiman Municipal,05/07/2025,Techiman,Fresh pepper bonnet,8.70,Wholesale
Bono East,Techiman Municipal,05/07/2025,Techiman,Palm fruit,5.36,Wholesale
Bono East,Techiman Municipal,05/07/2025,Techiman,Tiger nut,20.70,Wholesale
Bono East,Techiman Municipal,05/07/2025,Techiman,Groundnut red,19.08,Wholesale
Bono East,Techiman Municipal,05/07/2025,Techiman,Cowpea white,17.11,Wholesale
Bono East,Techiman Municipal,05/07/2025,Techiman,Soya bean,8.42,Wholesale
Bono East,Techiman Municipal,05/07/2025,Techiman,Melon seeds agushi,44.39,Wholesale
Bono East,Techiman Municipal,05/07/2025,Techiman,Melon seeds neri,14.47,Wholesale
Bono East,Techiman Municipal,05/07/2025,Techiman,Palm oil,24.33,Wholesale
Bono East,Techiman Municipal,05/07/2025,Techiman,Anchovy,62.59,Wholesale
Bono East,Techiman Municipal,05/07/2025,Techiman,Egg commercial,61.67,Wholesale
Bono East,Techiman Municipal,05/07/2025,Techiman,Chicken,47.33,Wholesale
Bono East,Techiman Municipal,05/07/2025,Techiman,Cabbage,8.72,Wholesale
Bono East,Techiman Municipal,05/07/2025,Techiman,Bambara bean,22.26,Wholesale
Bono East,Techiman Municipal,05/07/2025,Techiman,Cassava dough,5.28,Wholesale
Bono East,Techiman Municipal,05/07/2025,Techiman,Fresh red fish,55.67,Wholesale
Bono East,Techiman Municipal,05/07/2025,Techiman,Fresh salmon mackerel fish,62.50,Wholesale
Bono East,Techiman Municipal,05/07/2025,Techiman,Fresh kpanla fish,41.83,Wholesale
Bono East,Techiman Municipal,05/07/2025,Techiman,Sorghum,8.30,Wholesale
Bono East,Techiman Municipal,05/07/2025,Techiman,Yam puna,10.43,Wholesale
Bono East,Techiman Municipal,05/07/2025,Techiman,Unshelled groundnut,9.87,Wholesale
Bono East,Techiman Municipal,05/07/2025,Techiman,Dried cassava chips kokonte,6.29,Wholesale
Ahafo,Asunafo North Municipal,11/07/2025,Goaso,White maize,7.23,Wholesale
Ahafo,Asunafo North Municipal,11/07/2025,Goaso,Millet,16.00,Wholesale
Ahafo,Asunafo North Municipal,11/07/2025,Goaso,Rice local perfumed,17.33,Wholesale
Ahafo,Asunafo North Municipal,11/07/2025,Goaso,Cocoyam,28.37,Wholesale
Ahafo,Asunafo North Municipal,11/07/2025,Goaso,Cassava,4.11,Wholesale
Ahafo,Asunafo North Municipal,11/07/2025,Goaso,Plantain apentu,15.93,Wholesale
Ahafo,Asunafo North Municipal,11/07/2025,Goaso,Garden egg,7.25,Wholesale
Ahafo,Asunafo North Municipal,11/07/2025,Goaso,Onion,14.26,Wholesale
Ahafo,Asunafo North Municipal,11/07/2025,Goaso,Cowpea white,17.56,Wholesale
Ahafo,Asunafo North Municipal,11/07/2025,Goaso,Egg commercial,50.00,Wholesale
Ahafo,Asunafo North Municipal,11/07/2025,Goaso,Sorghum,16.00,Wholesale
Ahafo,Asunafo North Municipal,11/07/2025,Goaso,Yam puna,15.69,Wholesale
Western North,Bibiani Anhwiaso Bekwai Municipal,11/07/2025,Bibiani,Millet,15.53,Wholesale
Western North,Bibiani Anhwiaso Bekwai Municipal,11/07/2025,Bibiani,Rice local perfumed,15.88,Wholesale
Western North,Bibiani Anhwiaso Bekwai Municipal,11/07/2025,Bibiani,Rice imported perfumed,17.90,Wholesale
Western North,Bibiani Anhwiaso Bekwai Municipal,11/07/2025,Bibiani,Rice imported non perfumed,13.63,Wholesale
Western North,Bibiani Anhwiaso Bekwai Municipal,11/07/2025,Bibiani,Cassava,3.30,Wholesale
Western North,Bibiani Anhwiaso Bekwai Municipal,11/07/2025,Bibiani,Dried cassava powder kokonte,7.18,Wholesale
Western North,Bibiani Anhwiaso Bekwai Municipal,11/07/2025,Bibiani,Plantain apentu,11.93,Wholesale
Western North,Bibiani Anhwiaso Bekwai Municipal,11/07/2025,Bibiani,Plantain apem,12.53,Wholesale
Western North,Bibiani Anhwiaso Bekwai Municipal,11/07/2025,Bibiani,Banana local,6.50,Wholesale
Western North,Bibiani Anhwiaso Bekwai Municipal,11/07/2025,Bibiani,Orange,4.89,Wholesale
Western North,Bibiani Anhwiaso Bekwai Municipal,11/07/2025,Bibiani,Tomato local,28.94,Wholesale
Western North,Bibiani Anhwiaso Bekwai Municipal,11/07/2025,Bibiani,Okro fresh,16.44,Wholesale
Western North,Bibiani Anhwiaso Bekwai Municipal,11/07/2025,Bibiani,Onion,29.91,Wholesale
Western North,Bibiani Anhwiaso Bekwai Municipal,11/07/2025,Bibiani,Ginger,94.90,Wholesale
Western North,Bibiani Anhwiaso Bekwai Municipal,11/07/2025,Bibiani,Dried pepper,20.44,Wholesale
Western North,Bibiani Anhwiaso Bekwai Municipal,11/07/2025,Bibiani,Fresh pepper,16.23,Wholesale
Western North,Bibiani Anhwiaso Bekwai Municipal,11/07/2025,Bibiani,Fresh pepper bonnet,19.73,Wholesale
Western North,Bibiani Anhwiaso Bekwai Municipal,11/07/2025,Bibiani,Palm fruit,8.58,Wholesale
Western North,Bibiani Anhwiaso Bekwai Municipal,11/07/2025,Bibiani,Groundnut red,24.60,Wholesale
Western North,Bibiani Anhwiaso Bekwai Municipal,11/07/2025,Bibiani,Cowpea white,21.53,Wholesale
Western North,Bibiani Anhwiaso Bekwai Municipal,11/07/2025,Bibiani,Soya bean,19.15,Wholesale
Western North,Bibiani Anhwiaso Bekwai Municipal,11/07/2025,Bibiani,Palm oil,27.41,Wholesale
Western North,Bibiani Anhwiaso Bekwai Municipal,11/07/2025,Bibiani,Egg commercial,64.00,Wholesale
Western North,Bibiani Anhwiaso Bekwai Municipal,11/07/2025,Bibiani,Chicken,24.42,Wholesale
Western North,Bibiani Anhwiaso Bekwai Municipal,11/07/2025,Bibiani,Cabbage,4.92,Wholesale
Western North,Bibiani Anhwiaso Bekwai Municipal,11/07/2025,Bibiani,Snail,46.26,Wholesale
Western North,Bibiani Anhwiaso Bekwai Municipal,11/07/2025,Bibiani,Cassava dough,6.11,Wholesale
Western North,Bibiani Anhwiaso Bekwai Municipal,11/07/2025,Bibiani,Fresh salmon mackerel fish,60.67,Wholesale
Western North,Bibiani Anhwiaso Bekwai Municipal,11/07/2025,Bibiani,Fresh kpanla fish,40.17,Wholesale
Western North,Bibiani Anhwiaso Bekwai Municipal,11/07/2025,Bibiani,Tomato navrongo,53.30,Wholesale
Western North,Bibiani Anhwiaso Bekwai Municipal,11/07/2025,Bibiani,Okro dried,95.50,Wholesale
Western North,Bibiani Anhwiaso Bekwai Municipal,11/07/2025,Bibiani,Unshelled groundnut,20.67,Wholesale
Western North,Bibiani Anhwiaso Bekwai Municipal,11/07/2025,Bibiani,Dried cassava chips kokonte,9.66,Wholesale
Greater Accra,Tema East,10/07/2025,Tema Community One,White maize,14.00,Wholesale
Greater Accra,Tema East,10/07/2025,Tema Community One,Maize yellow,15.00,Wholesale
Greater Accra,Tema East,10/07/2025,Tema Community One,Millet,16.67,Wholesale
Greater Accra,Tema East,10/07/2025,Tema Community One,Rice local perfumed,24.80,Wholesale
Greater Accra,Tema East,10/07/2025,Tema Community One,Rice imported perfumed,27.53,Wholesale
Greater Accra,Tema East,10/07/2025,Tema Community One,Yam white,47.61,Wholesale
Greater Accra,Tema East,10/07/2025,Tema Community One,Gari,25.76,Wholesale
Greater Accra,Tema East,10/07/2025,Tema Community One,Dried cassava powder kokonte,29.09,Wholesale
Greater Accra,Tema East,10/07/2025,Tema Community One,Plantain apentu,97.48,Wholesale
Greater Accra,Tema East,10/07/2025,Tema Community One,Plantain apem,130.56,Wholesale
Greater Accra,Tema East,10/07/2025,Tema Community One,Orange,12.25,Wholesale
Greater Accra,Tema East,10/07/2025,Tema Community One,Pineapple,9.68,Wholesale
Greater Accra,Tema East,10/07/2025,Tema Community One,Mango exotic,18.84,Wholesale
Greater Accra,Tema East,10/07/2025,Tema Community One,Tomato local,14.75,Wholesale
Greater Accra,Tema East,10/07/2025,Tema Community One,Garden egg,32.32,Wholesale
Greater Accra,Tema East,10/07/2025,Tema Community One,Onion,17.15,Wholesale
Greater Accra,Tema East,10/07/2025,Tema Community One,Ginger,76.92,Wholesale
Greater Accra,Tema East,10/07/2025,Tema Community One,Dried pepper,87.45,Wholesale
Greater Accra,Tema East,10/07/2025,Tema Community One,Fresh pepper,33.33,Wholesale
Greater Accra,Tema East,10/07/2025,Tema Community One,Fresh pepper bonnet,50.65,Wholesale
Greater Accra,Tema East,10/07/2025,Tema Community One,Groundnut red,34.00,Wholesale
Greater Accra,Tema East,10/07/2025,Tema Community One,Cowpea white,18.00,Wholesale
Greater Accra,Tema East,10/07/2025,Tema Community One,Soya bean,16.00,Wholesale
Greater Accra,Tema East,10/07/2025,Tema Community One,Melon seeds agushi,121.21,Wholesale
Greater Accra,Tema East,10/07/2025,Tema Community One,Melon seeds agushi powder,55.00,Wholesale
Greater Accra,Tema East,10/07/2025,Tema Community One,Palm oil,30.00,Wholesale
Greater Accra,Tema East,10/07/2025,Tema Community One,Smoked herring,129.90,Wholesale
Greater Accra,Tema East,10/07/2025,Tema Community One,Egg commercial,68.33,Wholesale
Greater Accra,Tema East,10/07/2025,Tema Community One,Bambara bean,33.33,Wholesale
Greater Accra,Tema East,10/07/2025,Tema Community One,Sorghum,16.67,Wholesale
Greater Accra,Tema East,10/07/2025,Tema Community One,Yam puna,61.06,Wholesale
Greater Accra,Tema East,10/07/2025,Tema Community One,Tomato navrongo,26.56,Wholesale
Bono,Sunyani Municipal,09/07/2025,Nana Bosomah,White maize,6.92,Wholesale
Bono,Sunyani Municipal,09/07/2025,Nana Bosomah,Maize yellow,6.92,Wholesale
Bono,Sunyani Municipal,09/07/2025,Nana Bosomah,Rice local perfumed,12.00,Wholesale
Bono,Sunyani Municipal,09/07/2025,Nana Bosomah,Rice local non perfumed,11.78,Wholesale
Bono,Sunyani Municipal,09/07/2025,Nana Bosomah,Rice imported perfumed,18.06,Wholesale
Bono,Sunyani Municipal,09/07/2025,Nana Bosomah,Rice imported non perfumed,12.63,Wholesale
Bono,Sunyani Municipal,09/07/2025,Nana Bosomah,Plantain apentu,18.85,Wholesale
Bono,Sunyani Municipal,09/07/2025,Nana Bosomah,Plantain apem,17.59,Wholesale
Bono,Sunyani Municipal,09/07/2025,Nana Bosomah,Banana exotic,11.44,Wholesale
Bono,Sunyani Municipal,09/07/2025,Nana Bosomah,Banana local,13.31,Wholesale
Bono,Sunyani Municipal,09/07/2025,Nana Bosomah,Dried pepper,74.07,Wholesale
Bono,Sunyani Municipal,09/07/2025,Nana Bosomah,Fresh pepper bonnet,27.72,Wholesale
Upper West,Wa Municipal,13/07/2025,Wa,White maize,6.00,Wholesale
Upper West,Wa Municipal,13/07/2025,Wa,Maize yellow,6.00,Wholesale
Upper West,Wa Municipal,13/07/2025,Wa,Millet,12.00,Wholesale
Upper West,Wa Municipal,13/07/2025,Wa,Rice local perfumed,8.27,Wholesale
Upper West,Wa Municipal,13/07/2025,Wa,Rice local non perfumed,5.47,Wholesale
Upper West,Wa Municipal,13/07/2025,Wa,Rice imported perfumed,14.00,Wholesale
Upper West,Wa Municipal,13/07/2025,Wa,Rice imported non perfumed,7.67,Wholesale
Upper West,Wa Municipal,13/07/2025,Wa,Yam white,18.21,Wholesale
Upper West,Wa Municipal,13/07/2025,Wa,Groundnut red,29.09,Wholesale
Upper West,Wa Municipal,13/07/2025,Wa,Cowpea white,18.00,Wholesale
Upper West,Wa Municipal,13/07/2025,Wa,Soya bean,7.05,Wholesale
Upper West,Wa Municipal,13/07/2025,Wa,Sorghum,9.60,Wholesale
Upper West,Wa Municipal,13/07/2025,Wa,Yam puna,21.08,Wholesale
Greater Accra,Tema East,12/07/2025,Tema Community One,White maize,14.00,Wholesale
Greater Accra,Tema East,12/07/2025,Tema Community One,Maize yellow,15.00,Wholesale
Greater Accra,Tema East,12/07/2025,Tema Community One,Millet,16.91,Wholesale
Greater Accra,Tema East,12/07/2025,Tema Community One,Rice local perfumed,24.93,Wholesale
Greater Accra,Tema East,12/07/2025,Tema Community One,Rice imported perfumed,27.53,Wholesale
Greater Accra,Tema East,12/07/2025,Tema Community One,Yam white,46.95,Wholesale
Greater Accra,Tema East,12/07/2025,Tema Community One,Gari,20.95,Wholesale
Greater Accra,Tema East,12/07/2025,Tema Community One,Dried cassava powder kokonte,28.18,Wholesale
Greater Accra,Tema East,12/07/2025,Tema Community One,Plantain apentu,98.09,Wholesale
Greater Accra,Tema East,12/07/2025,Tema Community One,Plantain apem,131.22,Wholesale
Greater Accra,Tema East,12/07/2025,Tema Community One,Orange,11.33,Wholesale
Greater Accra,Tema East,12/07/2025,Tema Community One,Pineapple,11.11,Wholesale
Greater Accra,Tema East,12/07/2025,Tema Community One,Mango exotic,14.49,Wholesale
Greater Accra,Tema East,12/07/2025,Tema Community One,Tomato local,13.82,Wholesale
Greater Accra,Tema East,12/07/2025,Tema Community One,Garden egg,33.33,Wholesale
Greater Accra,Tema East,12/07/2025,Tema Community One,Onion,17.65,Wholesale
Greater Accra,Tema East,12/07/2025,Tema Community One,Ginger,83.33,Wholesale
Greater Accra,Tema East,12/07/2025,Tema Community One,Dried pepper,72.70,Wholesale
Greater Accra,Tema East,12/07/2025,Tema Community One,Fresh pepper,37.69,Wholesale
Greater Accra,Tema East,12/07/2025,Tema Community One,Fresh pepper bonnet,54.85,Wholesale
Greater Accra,Tema East,12/07/2025,Tema Community One,Groundnut red,34.67,Wholesale
Greater Accra,Tema East,12/07/2025,Tema Community One,Cowpea white,18.50,Wholesale
Greater Accra,Tema East,12/07/2025,Tema Community One,Soya bean,16.00,Wholesale
Greater Accra,Tema East,12/07/2025,Tema Community One,Melon seeds agushi,121.21,Wholesale
Greater Accra,Tema East,12/07/2025,Tema Community One,Melon seeds agushi powder,55.00,Wholesale
Greater Accra,Tema East,12/07/2025,Tema Community One,Palm oil,30.00,Wholesale
Greater Accra,Tema East,12/07/2025,Tema Community One,Smoked herring,132.35,Wholesale
Greater Accra,Tema East,12/07/2025,Tema Community One,Egg commercial,68.33,Wholesale
Greater Accra,Tema East,12/07/2025,Tema Community One,Bambara bean,33.33,Wholesale
Greater Accra,Tema East,12/07/2025,Tema Community One,Sorghum,16.91,Wholesale
Greater Accra,Tema East,12/07/2025,Tema Community One,Yam puna,60.94,Wholesale
Greater Accra,Tema East,12/07/2025,Tema Community One,Tomato navrongo,26.32,Wholesale
Bono East,Techiman Municipal,13/07/2025,Techiman,White maize,6.54,Wholesale
Bono East,Techiman Municipal,13/07/2025,Techiman,Maize yellow,7.22,Wholesale
Bono East,Techiman Municipal,13/07/2025,Techiman,Millet,10.78,Wholesale
Bono East,Techiman Municipal,13/07/2025,Techiman,Rice local perfumed,11.00,Wholesale
Bono East,Techiman Municipal,13/07/2025,Techiman,Rice local non perfumed,10.00,Wholesale
Bono East,Techiman Municipal,13/07/2025,Techiman,Rice imported perfumed,17.05,Wholesale
Bono East,Techiman Municipal,13/07/2025,Techiman,Rice imported non perfumed,13.18,Wholesale
Bono East,Techiman Municipal,13/07/2025,Techiman,Yam white,14.95,Wholesale
Bono East,Techiman Municipal,13/07/2025,Techiman,Cocoyam,27.54,Wholesale
Bono East,Techiman Municipal,13/07/2025,Techiman,Cassava,1.84,Wholesale
Bono East,Techiman Municipal,13/07/2025,Techiman,Gari,11.00,Wholesale
Bono East,Techiman Municipal,13/07/2025,Techiman,Plantain apentu,19.60,Wholesale
Bono East,Techiman Municipal,13/07/2025,Techiman,Plantain apem,20.86,Wholesale
Bono East,Techiman Municipal,13/07/2025,Techiman,Banana exotic,13.83,Wholesale
Bono East,Techiman Municipal,13/07/2025,Techiman,Banana local,12.06,Wholesale
Bono East,Techiman Municipal,13/07/2025,Techiman,Orange,4.17,Wholesale
Bono East,Techiman Municipal,13/07/2025,Techiman,Watermelon,3.49,Wholesale
Bono East,Techiman Municipal,13/07/2025,Techiman,Pineapple,9.00,Wholesale
Bono East,Techiman Municipal,13/07/2025,Techiman,Mango exotic,7.28,Wholesale
Bono East,Techiman Municipal,13/07/2025,Techiman,Tomato local,10.22,Wholesale
Bono East,Techiman Municipal,13/07/2025,Techiman,Garden egg,9.25,Wholesale
Bono East,Techiman Municipal,13/07/2025,Techiman,Okro fresh,8.40,Wholesale
Bono East,Techiman Municipal,13/07/2025,Techiman,Onion,14.43,Wholesale
Bono East,Techiman Municipal,13/07/2025,Techiman,Ginger,35.87,Wholesale
Bono East,Techiman Municipal,13/07/2025,Techiman,Dried pepper,132.76,Wholesale
Bono East,Techiman Municipal,13/07/2025,Techiman,Fresh pepper bonnet,9.78,Wholesale
Bono East,Techiman Municipal,13/07/2025,Techiman,Palm fruit,5.14,Wholesale
Bono East,Techiman Municipal,13/07/2025,Techiman,Tiger nut,22.10,Wholesale
Bono East,Techiman Municipal,13/07/2025,Techiman,Groundnut red,16.52,Wholesale
Bono East,Techiman Municipal,13/07/2025,Techiman,Cowpea white,17.57,Wholesale
Bono East,Techiman Municipal,13/07/2025,Techiman,Soya bean,8.52,Wholesale
Bono East,Techiman Municipal,13/07/2025,Techiman,Melon seeds agushi,43.64,Wholesale
Bono East,Techiman Municipal,13/07/2025,Techiman,Melon seeds agushi powder,56.28,Wholesale
Bono East,Techiman Municipal,13/07/2025,Techiman,Melon seeds neri,14.09,Wholesale
Bono East,Techiman Municipal,13/07/2025,Techiman,Palm oil,24.67,Wholesale
Bono East,Techiman Municipal,13/07/2025,Techiman,Anchovy,62.11,Wholesale
Bono East,Techiman Municipal,13/07/2025,Techiman,Egg commercial,61.67,Wholesale
Bono East,Techiman Municipal,13/07/2025,Techiman,Chicken,47.33,Wholesale
Bono East,Techiman Municipal,13/07/2025,Techiman,Cabbage,6.85,Wholesale
Bono East,Techiman Municipal,13/07/2025,Techiman,Bambara bean,22.66,Wholesale
Bono East,Techiman Municipal,13/07/2025,Techiman,Cassava dough,4.51,Wholesale
Bono East,Techiman Municipal,13/07/2025,Techiman,Fresh red fish,54.11,Wholesale
Bono East,Techiman Municipal,13/07/2025,Techiman,Fresh salmon mackerel fish,62.50,Wholesale
Bono East,Techiman Municipal,13/07/2025,Techiman,Fresh kpanla fish,41.39,Wholesale
Bono East,Techiman Municipal,13/07/2025,Techiman,Sorghum,8.31,Wholesale
Bono East,Techiman Municipal,13/07/2025,Techiman,Yam puna,10.32,Wholesale
Bono East,Techiman Municipal,13/07/2025,Techiman,Unshelled groundnut,10.83,Wholesale
Bono East,Techiman Municipal,13/07/2025,Techiman,Dried cassava chips kokonte,5.74,Wholesale
Eastern,New Juaben South Municipal,16/07/2025,Koforidua Central,Cassava,4.17,Wholesale
Eastern,New Juaben South Municipal,16/07/2025,Koforidua Central,Gari,11.62,Wholesale
Eastern,New Juaben South Municipal,16/07/2025,Koforidua Central,Plantain apentu,12.36,Wholesale
Eastern,New Juaben South Municipal,16/07/2025,Koforidua Central,Pineapple,6.32,Wholesale
Eastern,New Juaben South Municipal,16/07/2025,Koforidua Central,Tomato local,8.82,Wholesale
Eastern,New Juaben South Municipal,16/07/2025,Koforidua Central,Garden egg,4.62,Wholesale
Eastern,New Juaben South Municipal,16/07/2025,Koforidua Central,Onion,24.29,Wholesale
Eastern,New Juaben South Municipal,16/07/2025,Koforidua Central,Fresh pepper bonnet,6.53,Wholesale
Eastern,New Juaben South Municipal,16/07/2025,Koforidua Central,Nkontomire,10.67,Wholesale
Eastern,New Juaben South Municipal,16/07/2025,Koforidua Central,Cassava dough,6.15,Wholesale
Eastern,New Juaben South Municipal,16/07/2025,Koforidua Central,Fresh salmon mackerel fish,45.00,Wholesale
Eastern,New Juaben South Municipal,16/07/2025,Koforidua Central,Yam puna,12.78,Wholesale
Western North,Bibiani Anhwiaso Bekwai Municipal,18/07/2025,Bibiani,White maize,9.66,Wholesale
Western North,Bibiani Anhwiaso Bekwai Municipal,18/07/2025,Bibiani,Maize yellow,10.36,Wholesale
Western North,Bibiani Anhwiaso Bekwai Municipal,18/07/2025,Bibiani,Millet,17.15,Wholesale
Western North,Bibiani Anhwiaso Bekwai Municipal,18/07/2025,Bibiani,Rice local perfumed,15.72,Wholesale
Western North,Bibiani Anhwiaso Bekwai Municipal,18/07/2025,Bibiani,Rice local non perfumed,16.23,Wholesale
Western North,Bibiani Anhwiaso Bekwai Municipal,18/07/2025,Bibiani,Rice imported perfumed,19.17,Wholesale
Western North,Bibiani Anhwiaso Bekwai Municipal,18/07/2025,Bibiani,Rice imported non perfumed,14.96,Wholesale
Western North,Bibiani Anhwiaso Bekwai Municipal,18/07/2025,Bibiani,Yam white,16.54,Wholesale
Western North,Bibiani Anhwiaso Bekwai Municipal,18/07/2025,Bibiani,Cocoyam,27.46,Wholesale
Western North,Bibiani Anhwiaso Bekwai Municipal,18/07/2025,Bibiani,Cassava,7.86,Wholesale
Western North,Bibiani Anhwiaso Bekwai Municipal,18/07/2025,Bibiani,Gari,11.32,Wholesale
Western North,Bibiani Anhwiaso Bekwai Municipal,18/07/2025,Bibiani,Dried cassava powder kokonte,11.49,Wholesale
Western North,Bibiani Anhwiaso Bekwai Municipal,18/07/2025,Bibiani,Plantain apentu,13.10,Wholesale
Western North,Bibiani Anhwiaso Bekwai Municipal,18/07/2025,Bibiani,Plantain apem,16.43,Wholesale
Western North,Bibiani Anhwiaso Bekwai Municipal,18/07/2025,Bibiani,Banana local,12.30,Wholesale
Western North,Bibiani Anhwiaso Bekwai Municipal,18/07/2025,Bibiani,Orange,6.94,Wholesale
Western North,Bibiani Anhwiaso Bekwai Municipal,18/07/2025,Bibiani,Tomato local,13.30,Wholesale
Western North,Bibiani Anhwiaso Bekwai Municipal,18/07/2025,Bibiani,Garden egg,12.82,Wholesale
Western North,Bibiani Anhwiaso Bekwai Municipal,18/07/2025,Bibiani,Okro fresh,23.66,Wholesale
Western North,Bibiani Anhwiaso Bekwai Municipal,18/07/2025,Bibiani,Onion,20.02,Wholesale
Western North,Bibiani Anhwiaso Bekwai Municipal,18/07/2025,Bibiani,Ginger,60.41,Wholesale
Western North,Bibiani Anhwiaso Bekwai Municipal,18/07/2025,Bibiani,Dried pepper,88.41,Wholesale
Western North,Bibiani Anhwiaso Bekwai Municipal,18/07/2025,Bibiani,Fresh pepper bonnet,14.09,Wholesale
Western North,Bibiani Anhwiaso Bekwai Municipal,18/07/2025,Bibiani,Palm fruit,13.85,Wholesale
Western North,Bibiani Anhwiaso Bekwai Municipal,18/07/2025,Bibiani,Groundnut red,24.62,Wholesale
Western North,Bibiani Anhwiaso Bekwai Municipal,18/07/2025,Bibiani,Cowpea white,21.79,Wholesale
Western North,Bibiani Anhwiaso Bekwai Municipal,18/07/2025,Bibiani,Soya bean,19.87,Wholesale
Western North,Bibiani Anhwiaso Bekwai Municipal,18/07/2025,Bibiani,Melon seeds agushi,22.79,Wholesale
Western North,Bibiani Anhwiaso Bekwai Municipal,18/07/2025,Bibiani,Melon seeds agushi powder,25.50,Wholesale
Western North,Bibiani Anhwiaso Bekwai Municipal,18/07/2025,Bibiani,Melon seeds neri,24.10,Wholesale
Western North,Bibiani Anhwiaso Bekwai Municipal,18/07/2025,Bibiani,Melon seeds neri powder,25.75,Wholesale
Western North,Bibiani Anhwiaso Bekwai Municipal,18/07/2025,Bibiani,Palm oil,31.11,Wholesale
Western North,Bibiani Anhwiaso Bekwai Municipal,18/07/2025,Bibiani,Beef,60.33,Wholesale
Western North,Bibiani Anhwiaso Bekwai Municipal,18/07/2025,Bibiani,Smoked herring,79.27,Wholesale
Western North,Bibiani Anhwiaso Bekwai Municipal,18/07/2025,Bibiani,Salted dried tilapia koobi,33.44,Wholesale
Western North,Bibiani Anhwiaso Bekwai Municipal,18/07/2025,Bibiani,Egg commercial,65.00,Wholesale
Western North,Bibiani Anhwiaso Bekwai Municipal,18/07/2025,Bibiani,Chicken,23.67,Wholesale
Western North,Bibiani Anhwiaso Bekwai Municipal,18/07/2025,Bibiani,Mutton sheep meat,91.67,Wholesale
Western North,Bibiani Anhwiaso Bekwai Municipal,18/07/2025,Bibiani,Chevon goat meat,100.00,Wholesale
Western North,Bibiani Anhwiaso Bekwai Municipal,18/07/2025,Bibiani,Cassava dough,6.82,Wholesale
Western North,Bibiani Anhwiaso Bekwai Municipal,18/07/2025,Bibiani,Sorghum,18.68,Wholesale
Western North,Bibiani Anhwiaso Bekwai Municipal,18/07/2025,Bibiani,Yam puna,16.65,Wholesale
Western North,Bibiani Anhwiaso Bekwai Municipal,18/07/2025,Bibiani,Tomato navrongo,27.92,Wholesale
Western North,Bibiani Anhwiaso Bekwai Municipal,18/07/2025,Bibiani,Unshelled groundnut,18.75,Wholesale
Western North,Bibiani Anhwiaso Bekwai Municipal,18/07/2025,Bibiani,Dried cassava chips kokonte,8.63,Wholesale
Western North,Bibiani Anhwiaso Bekwai Municipal,18/07/2025,Bibiani,Pork,40.33,Wholesale
Bono East,Kintampo North Municipal,19/07/2025,Kintampo,White maize,6.07,Wholesale
Bono East,Kintampo North Municipal,19/07/2025,Kintampo,Maize yellow,6.07,Wholesale
Bono East,Kintampo North Municipal,19/07/2025,Kintampo,Millet,7.78,Wholesale
Bono East,Kintampo North Municipal,19/07/2025,Kintampo,Tomato local,10.81,Wholesale
Bono East,Kintampo North Municipal,19/07/2025,Kintampo,Garden egg,7.91,Wholesale
Bono East,Kintampo North Municipal,19/07/2025,Kintampo,Okro fresh,11.43,Wholesale
Bono East,Kintampo North Municipal,19/07/2025,Kintampo,Onion,14.76,Wholesale
Bono East,Kintampo North Municipal,19/07/2025,Kintampo,Fresh pepper bonnet,15.00,Wholesale
Bono East,Kintampo North Municipal,19/07/2025,Kintampo,Groundnut red,19.30,Wholesale
Bono East,Kintampo North Municipal,19/07/2025,Kintampo,Cowpea white,13.14,Wholesale
Bono East,Kintampo North Municipal,19/07/2025,Kintampo,Soya bean,10.00,Wholesale
Bono East,Kintampo North Municipal,19/07/2025,Kintampo,Beef,80.00,Wholesale
Bono East,Kintampo North Municipal,19/07/2025,Kintampo,Egg commercial,61.67,Wholesale
Bono East,Kintampo North Municipal,19/07/2025,Kintampo,Sorghum,6.94,Wholesale
Bono East,Kintampo North Municipal,19/07/2025,Kintampo,Dried cassava chips kokonte,5.00,Wholesale
Ahafo,Asunafo North Municipal,21/07/2025,Goaso,White maize,10.20,Wholesale
Ahafo,Asunafo North Municipal,21/07/2025,Goaso,Maize yellow,9.51,Wholesale
Ahafo,Asunafo North Municipal,21/07/2025,Goaso,Millet,13.15,Wholesale
Ahafo,Asunafo North Municipal,21/07/2025,Goaso,Rice local perfumed,16.88,Wholesale
Ahafo,Asunafo North Municipal,21/07/2025,Goaso,Cocoyam,27.67,Wholesale
Ahafo,Asunafo North Municipal,21/07/2025,Goaso,Gari,14.98,Wholesale
Ahafo,Asunafo North Municipal,21/07/2025,Goaso,Plantain apentu,23.90,Wholesale
Ahafo,Asunafo North Municipal,21/07/2025,Goaso,Tomato local,13.70,Wholesale
Ahafo,Asunafo North Municipal,21/07/2025,Goaso,Garden egg,7.58,Wholesale
Ahafo,Asunafo North Municipal,21/07/2025,Goaso,Okro fresh,16.13,Wholesale
Ahafo,Asunafo North Municipal,21/07/2025,Goaso,Fresh pepper,14.58,Wholesale
Ahafo,Asunafo North Municipal,21/07/2025,Goaso,Groundnut red,19.89,Wholesale
Ahafo,Asunafo North Municipal,21/07/2025,Goaso,Cowpea white,16.90,Wholesale
Ahafo,Asunafo North Municipal,21/07/2025,Goaso,Egg commercial,51.67,Wholesale
Ahafo,Asunafo North Municipal,21/07/2025,Goaso,Cabbage,9.07,Wholesale
Ahafo,Asunafo North Municipal,21/07/2025,Goaso,Yam puna,19.01,Wholesale
Greater Accra,Tema East,19/07/2025,Tema Community One,White maize,14.00,Wholesale
Greater Accra,Tema East,19/07/2025,Tema Community One,Maize yellow,15.00,Wholesale
Greater Accra,Tema East,19/07/2025,Tema Community One,Millet,16.91,Wholesale
Greater Accra,Tema East,19/07/2025,Tema Community One,Rice local perfumed,26.66,Wholesale
Greater Accra,Tema East,19/07/2025,Tema Community One,Rice imported perfumed,27.95,Wholesale
Greater Accra,Tema East,19/07/2025,Tema Community One,Yam white,39.84,Wholesale
Greater Accra,Tema East,19/07/2025,Tema Community One,Gari,20.48,Wholesale
Greater Accra,Tema East,19/07/2025,Tema Community One,Dried cassava powder kokonte,28.18,Wholesale
Greater Accra,Tema East,19/07/2025,Tema Community One,Plantain apentu,53.46,Wholesale
Greater Accra,Tema East,19/07/2025,Tema Community One,Plantain apem,84.14,Wholesale
Greater Accra,Tema East,19/07/2025,Tema Community One,Orange,12.25,Wholesale
Greater Accra,Tema East,19/07/2025,Tema Community One,Pineapple,11.56,Wholesale
Greater Accra,Tema East,19/07/2025,Tema Community One,Mango exotic,17.65,Wholesale
Greater Accra,Tema East,19/07/2025,Tema Community One,Tomato local,13.01,Wholesale
Greater Accra,Tema East,19/07/2025,Tema Community One,Garden egg,32.83,Wholesale
Greater Accra,Tema East,19/07/2025,Tema Community One,Onion,17.52,Wholesale
Greater Accra,Tema East,19/07/2025,Tema Community One,Ginger,96.15,Wholesale
Greater Accra,Tema East,19/07/2025,Tema Community One,Dried pepper,68.26,Wholesale
Greater Accra,Tema East,19/07/2025,Tema Community One,Fresh pepper,34.64,Wholesale
Greater Accra,Tema East,19/07/2025,Tema Community One,Fresh pepper bonnet,56.37,Wholesale
Greater Accra,Tema East,19/07/2025,Tema Community One,Groundnut red,35.33,Wholesale
Greater Accra,Tema East,19/07/2025,Tema Community One,Cowpea white,18.75,Wholesale
Greater Accra,Tema East,19/07/2025,Tema Community One,Soya bean,16.00,Wholesale
Greater Accra,Tema East,19/07/2025,Tema Community One,Melon seeds agushi,153.41,Wholesale
Greater Accra,Tema East,19/07/2025,Tema Community One,Melon seeds agushi powder,60.00,Wholesale
Greater Accra,Tema East,19/07/2025,Tema Community One,Palm oil,30.00,Wholesale
Greater Accra,Tema East,19/07/2025,Tema Community One,Smoked herring,120.10,Wholesale
Greater Accra,Tema East,19/07/2025,Tema Community One,Egg commercial,66.67,Wholesale
Greater Accra,Tema East,19/07/2025,Tema Community One,Bambara bean,33.33,Wholesale
Greater Accra,Tema East,19/07/2025,Tema Community One,Sorghum,16.67,Wholesale
Greater Accra,Tema East,19/07/2025,Tema Community One,Yam puna,53.33,Wholesale
Greater Accra,Tema East,19/07/2025,Tema Community One,Tomato navrongo,26.56,Wholesale
Eastern,New Juaben South Municipal,24/07/2025,Koforidua Central,Gari,14.06,Wholesale
Eastern,New Juaben South Municipal,24/07/2025,Koforidua Central,Plantain apentu,21.05,Wholesale
Eastern,New Juaben South Municipal,24/07/2025,Koforidua Central,Watermelon,3.33,Wholesale
Eastern,New Juaben South Municipal,24/07/2025,Koforidua Central,Tomato local,11.76,Wholesale
Eastern,New Juaben South Municipal,24/07/2025,Koforidua Central,Garden egg,11.67,Wholesale
Eastern,New Juaben South Municipal,24/07/2025,Koforidua Central,Okro fresh,14.00,Wholesale
Eastern,New Juaben South Municipal,24/07/2025,Koforidua Central,Onion,20.00,Wholesale
Eastern,New Juaben South Municipal,24/07/2025,Koforidua Central,Fresh pepper bonnet,17.65,Wholesale
Eastern,New Juaben South Municipal,24/07/2025,Koforidua Central,Cowpea white,6.61,Wholesale
Eastern,New Juaben South Municipal,24/07/2025,Koforidua Central,Egg commercial,65.00,Wholesale
Eastern,New Juaben South Municipal,24/07/2025,Koforidua Central,Nkontomire,5.56,Wholesale
Eastern,New Juaben South Municipal,24/07/2025,Koforidua Central,Cassava dough,4.62,Wholesale
Eastern,New Juaben South Municipal,24/07/2025,Koforidua Central,Yam puna,21.13,Wholesale
Greater Accra,Okaikoi South,03/07/2025,Agbogbloshie,White maize,9.33,Wholesale
Greater Accra,Okaikoi South,03/07/2025,Agbogbloshie,Maize yellow,9.67,Wholesale
Greater Accra,Okaikoi South,03/07/2025,Agbogbloshie,Millet,15.59,Wholesale
Greater Accra,Okaikoi South,03/07/2025,Agbogbloshie,Rice local perfumed,16.00,Wholesale
Greater Accra,Okaikoi South,03/07/2025,Agbogbloshie,Rice local non perfumed,14.00,Wholesale
Greater Accra,Okaikoi South,03/07/2025,Agbogbloshie,Rice imported perfumed,12.33,Wholesale
Greater Accra,Okaikoi South,03/07/2025,Agbogbloshie,Rice imported non perfumed,12.00,Wholesale
Greater Accra,Okaikoi South,03/07/2025,Agbogbloshie,Plantain apentu,31.25,Wholesale
Greater Accra,Okaikoi South,03/07/2025,Agbogbloshie,Tomato local,21.03,Wholesale
Greater Accra,Okaikoi South,03/07/2025,Agbogbloshie,Onion,16.21,Wholesale
Greater Accra,Okaikoi South,03/07/2025,Agbogbloshie,Fresh pepper,22.83,Wholesale
Greater Accra,Okaikoi South,03/07/2025,Agbogbloshie,Fresh pepper bonnet,22.12,Wholesale
Greater Accra,Okaikoi South,03/07/2025,Agbogbloshie,Plantain riped,29.27,Wholesale
Greater Accra,Okaikoi South,03/07/2025,Agbogbloshie,Sorghum,4.29,Wholesale
Greater Accra,Okaikoi South,03/07/2025,Agbogbloshie,Tomato navrongo,26.43,Wholesale
Greater Accra,Okaikoi South,01/07/2025,Makola,White maize,9.33,Wholesale
Greater Accra,Okaikoi South,01/07/2025,Makola,Maize yellow,9.67,Wholesale
Greater Accra,Okaikoi South,01/07/2025,Makola,Millet,15.05,Wholesale
Greater Accra,Okaikoi South,01/07/2025,Makola,Rice local perfumed,17.50,Wholesale
Greater Accra,Okaikoi South,01/07/2025,Makola,Rice local non perfumed,16.67,Wholesale
Greater Accra,Okaikoi South,01/07/2025,Makola,Rice imported perfumed,0.90,Wholesale
Greater Accra,Okaikoi South,01/07/2025,Makola,Rice imported non perfumed,14.58,Wholesale
Greater Accra,Okaikoi South,01/07/2025,Makola,Gari,12.57,Wholesale
Greater Accra,Okaikoi South,01/07/2025,Makola,Plantain apentu,39.53,Wholesale
Greater Accra,Okaikoi South,01/07/2025,Makola,Tomato local,13.62,Wholesale
Greater Accra,Okaikoi South,01/07/2025,Makola,Garden egg,16.85,Wholesale
Greater Accra,Okaikoi South,01/07/2025,Makola,Okro fresh,10.87,Wholesale
Greater Accra,Okaikoi South,01/07/2025,Makola,Onion,15.82,Wholesale
Greater Accra,Okaikoi South,01/07/2025,Makola,Fresh pepper bonnet,57.69,Wholesale
Greater Accra,Okaikoi South,01/07/2025,Makola,Plantain riped,27.08,Wholesale
Greater Accra,Okaikoi South,01/07/2025,Makola,Sorghum,4.59,Wholesale
Greater Accra,Okaikoi South,01/07/2025,Makola,Tomato navrongo,23.03,Wholesale
Western North,Bibiani Anhwiaso Bekwai Municipal,25/07/2025,Bibiani,White maize,6.86,Wholesale
Western North,Bibiani Anhwiaso Bekwai Municipal,25/07/2025,Bibiani,Maize yellow,7.72,Wholesale
Western North,Bibiani Anhwiaso Bekwai Municipal,25/07/2025,Bibiani,Millet,23.41,Wholesale
Western North,Bibiani Anhwiaso Bekwai Municipal,25/07/2025,Bibiani,Rice local perfumed,18.45,Wholesale
Western North,Bibiani Anhwiaso Bekwai Municipal,25/07/2025,Bibiani,Rice local non perfumed,16.27,Wholesale
Western North,Bibiani Anhwiaso Bekwai Municipal,25/07/2025,Bibiani,Rice imported perfumed,20.42,Wholesale
Western North,Bibiani Anhwiaso Bekwai Municipal,25/07/2025,Bibiani,Rice imported non perfumed,15.17,Wholesale
Western North,Bibiani Anhwiaso Bekwai Municipal,25/07/2025,Bibiani,Cocoyam,24.38,Wholesale
Western North,Bibiani Anhwiaso Bekwai Municipal,25/07/2025,Bibiani,Gari,25.62,Wholesale
Western North,Bibiani Anhwiaso Bekwai Municipal,25/07/2025,Bibiani,Dried cassava powder kokonte,17.68,Wholesale
Western North,Bibiani Anhwiaso Bekwai Municipal,25/07/2025,Bibiani,Plantain apentu,7.42,Wholesale
Western North,Bibiani Anhwiaso Bekwai Municipal,25/07/2025,Bibiani,Banana local,4.10,Wholesale
Western North,Bibiani Anhwiaso Bekwai Municipal,25/07/2025,Bibiani,Tomato local,23.81,Wholesale
Western North,Bibiani Anhwiaso Bekwai Municipal,25/07/2025,Bibiani,Garden egg,24.40,Wholesale
Western North,Bibiani Anhwiaso Bekwai Municipal,25/07/2025,Bibiani,Okro fresh,27.87,Wholesale
Western North,Bibiani Anhwiaso Bekwai Municipal,25/07/2025,Bibiani,Onion,29.65,Wholesale
Western North,Bibiani Anhwiaso Bekwai Municipal,25/07/2025,Bibiani,Ginger,76.59,Wholesale
Western North,Bibiani Anhwiaso Bekwai Municipal,25/07/2025,Bibiani,Fresh pepper,18.94,Wholesale
Western North,Bibiani Anhwiaso Bekwai Municipal,25/07/2025,Bibiani,Fresh pepper bonnet,30.69,Wholesale
Western North,Bibiani Anhwiaso Bekwai Municipal,25/07/2025,Bibiani,Palm fruit,16.24,Wholesale
Western North,Bibiani Anhwiaso Bekwai Municipal,25/07/2025,Bibiani,Groundnut red,23.84,Wholesale
Western North,Bibiani Anhwiaso Bekwai Municipal,25/07/2025,Bibiani,Cowpea white,16.07,Wholesale
Western North,Bibiani Anhwiaso Bekwai Municipal,25/07/2025,Bibiani,Soya bean,24.67,Wholesale
Western North,Bibiani Anhwiaso Bekwai Municipal,25/07/2025,Bibiani,Melon seeds agushi,23.21,Wholesale
Western North,Bibiani Anhwiaso Bekwai Municipal,25/07/2025,Bibiani,Melon seeds agushi powder,25.07,Wholesale
Western North,Bibiani Anhwiaso Bekwai Municipal,25/07/2025,Bibiani,Melon seeds neri,25.76,Wholesale
Western North,Bibiani Anhwiaso Bekwai Municipal,25/07/2025,Bibiani,Melon seeds neri powder,25.40,Wholesale
Western North,Bibiani Anhwiaso Bekwai Municipal,25/07/2025,Bibiani,Palm oil,30.42,Wholesale
Western North,Bibiani Anhwiaso Bekwai Municipal,25/07/2025,Bibiani,Smoked herring,37.24,Wholesale
Western North,Bibiani Anhwiaso Bekwai Municipal,25/07/2025,Bibiani,Egg commercial,65.00,Wholesale
Western North,Bibiani Anhwiaso Bekwai Municipal,25/07/2025,Bibiani,Chicken,22.25,Wholesale
Western North,Bibiani Anhwiaso Bekwai Municipal,25/07/2025,Bibiani,Fresh salmon mackerel fish,21.08,Wholesale
Western North,Bibiani Anhwiaso Bekwai Municipal,25/07/2025,Bibiani,Fresh kpanla fish,17.58,Wholesale
Western North,Bibiani Anhwiaso Bekwai Municipal,25/07/2025,Bibiani,Tomato navrongo,32.76,Wholesale
Western North,Bibiani Anhwiaso Bekwai Municipal,25/07/2025,Bibiani,Unshelled groundnut,24.28,Wholesale
Western North,Bibiani Anhwiaso Bekwai Municipal,25/07/2025,Bibiani,Dried cassava chips kokonte,9.66,Wholesale
Upper West,Wa Municipal,26/07/2025,Wa ,White maize,6.13,Wholesale
Upper West,Wa Municipal,26/07/2025,Wa ,Maize yellow,6.13,Wholesale
Upper West,Wa Municipal,26/07/2025,Wa ,Millet,11.20,Wholesale
Upper West,Wa Municipal,26/07/2025,Wa ,Rice local perfumed,8.76,Wholesale
Upper West,Wa Municipal,26/07/2025,Wa ,Rice local non perfumed,8.14,Wholesale
Upper West,Wa Municipal,26/07/2025,Wa ,Rice imported perfumed,13.67,Wholesale
Upper West,Wa Municipal,26/07/2025,Wa ,Rice imported non perfumed,9.33,Wholesale
Upper West,Wa Municipal,26/07/2025,Wa ,Yam white,18.71,Wholesale
Upper West,Wa Municipal,26/07/2025,Wa ,Groundnut red,15.90,Wholesale
Upper West,Wa Municipal,26/07/2025,Wa ,Cowpea white,19.00,Wholesale
Upper West,Wa Municipal,26/07/2025,Wa ,Soya bean,7.13,Wholesale
Upper West,Wa Municipal,26/07/2025,Wa ,Sorghum,9.60,Wholesale
Upper West,Wa Municipal,26/07/2025,Wa ,Yam puna,24.20,Wholesale
Upper East,Bolgatangatanga Municipal,27/07/2025,Bolgatanga ,White maize,5.50,Wholesale
Upper East,Bolgatangatanga Municipal,27/07/2025,Bolgatanga ,Maize yellow,5.50,Wholesale
Upper East,Bolgatangatanga Municipal,27/07/2025,Bolgatanga ,Millet,8.67,Wholesale
Upper East,Bolgatangatanga Municipal,27/07/2025,Bolgatanga ,Rice imported non perfumed,13.00,Wholesale
Upper East,Bolgatangatanga Municipal,27/07/2025,Bolgatanga ,Plantain apentu,9.23,Wholesale
Upper East,Bolgatangatanga Municipal,27/07/2025,Bolgatanga ,Plantain apem,12.65,Wholesale
Upper East,Bolgatangatanga Municipal,27/07/2025,Bolgatanga ,Groundnut red,14.44,Wholesale
Upper East,Bolgatangatanga Municipal,27/07/2025,Bolgatanga ,Cowpea white,10.97,Wholesale
Upper East,Bolgatangatanga Municipal,27/07/2025,Bolgatanga ,Soya bean,5.79,Wholesale
Upper East,Bolgatangatanga Municipal,27/07/2025,Bolgatanga ,Bambara bean,12.35,Wholesale
Upper East,Bolgatangatanga Municipal,27/07/2025,Bolgatanga ,Sorghum,6.27,Wholesale
Upper East,Bolgatangatanga Municipal,27/07/2025,Bolgatanga ,Groundnut Oil,23.33,Wholesale
Bono,Sunyani Municipal,23/07/2025,Nana Bosomah,White maize,6.15,Wholesale
Bono,Sunyani Municipal,23/07/2025,Nana Bosomah,Maize yellow,6.15,Wholesale
Bono,Sunyani Municipal,23/07/2025,Nana Bosomah,Rice local perfumed,12.33,Wholesale
Bono,Sunyani Municipal,23/07/2025,Nana Bosomah,Rice local non perfumed,11.67,Wholesale
Bono,Sunyani Municipal,23/07/2025,Nana Bosomah,Rice imported perfumed,24.00,Wholesale
Bono,Sunyani Municipal,23/07/2025,Nana Bosomah,Rice imported non perfumed,11.11,Wholesale
Bono,Sunyani Municipal,23/07/2025,Nana Bosomah,Gari,10.33,Wholesale
Bono,Sunyani Municipal,23/07/2025,Nana Bosomah,Plantain apentu,18.09,Wholesale
Bono,Sunyani Municipal,23/07/2025,Nana Bosomah,Plantain apem,15.69,Wholesale
Bono,Sunyani Municipal,23/07/2025,Nana Bosomah,Banana exotic,10.12,Wholesale
Bono,Sunyani Municipal,23/07/2025,Nana Bosomah,Banana local,10.14,Wholesale
Bono,Sunyani Municipal,23/07/2025,Nana Bosomah,Palm oil,20.00,Wholesale
Ahafo,Asunafo North Municipal,27/07/2025,Goaso,White maize,9.00,Wholesale
Ahafo,Asunafo North Municipal,27/07/2025,Goaso,Maize yellow,9.06,Wholesale
Ahafo,Asunafo North Municipal,27/07/2025,Goaso,Millet,17.60,Wholesale
Ahafo,Asunafo North Municipal,27/07/2025,Goaso,Cocoyam,25.96,Wholesale
Ahafo,Asunafo North Municipal,27/07/2025,Goaso,Gari,14.55,Wholesale
Ahafo,Asunafo North Municipal,27/07/2025,Goaso,Plantain apentu,17.79,Wholesale
Ahafo,Asunafo North Municipal,27/07/2025,Goaso,Plantain apem,14.74,Wholesale
Ahafo,Asunafo North Municipal,27/07/2025,Goaso,Banana exotic,5.99,Wholesale
Ahafo,Asunafo North Municipal,27/07/2025,Goaso,Banana local,6.97,Wholesale
Ahafo,Asunafo North Municipal,27/07/2025,Goaso,Tomato local,8.68,Wholesale
Ahafo,Asunafo North Municipal,27/07/2025,Goaso,Garden egg,7.25,Wholesale
Ahafo,Asunafo North Municipal,27/07/2025,Goaso,Okro fresh,19.44,Wholesale
Ahafo,Asunafo North Municipal,27/07/2025,Goaso,Ginger,40.12,Wholesale
Ahafo,Asunafo North Municipal,27/07/2025,Goaso,Groundnut red,22.31,Wholesale
Ahafo,Asunafo North Municipal,27/07/2025,Goaso,Cowpea white,17.00,Wholesale
Ahafo,Asunafo North Municipal,27/07/2025,Goaso,Egg commercial,50.00,Wholesale
Ahafo,Asunafo North Municipal,27/07/2025,Goaso,Yam puna,7.72,Wholesale
Ahafo,Asunafo North Municipal,27/07/2025,Goaso,Tomato navrongo,11.92,Wholesale
Bono East,Kintampo North Municipal,27/07/2025,Kintampo,White maize,6.14,Wholesale
Bono East,Kintampo North Municipal,27/07/2025,Kintampo,Maize yellow,6.14,Wholesale
Bono East,Kintampo North Municipal,27/07/2025,Kintampo,Millet,9.17,Wholesale
Bono East,Kintampo North Municipal,27/07/2025,Kintampo,Tomato local,10.71,Wholesale
Bono East,Kintampo North Municipal,27/07/2025,Kintampo,Garden egg,9.69,Wholesale
Bono East,Kintampo North Municipal,27/07/2025,Kintampo,Okro fresh,13.96,Wholesale
Bono East,Kintampo North Municipal,27/07/2025,Kintampo,Onion,14.29,Wholesale
Bono East,Kintampo North Municipal,27/07/2025,Kintampo,Ginger,35.21,Wholesale
Bono East,Kintampo North Municipal,27/07/2025,Kintampo,Fresh pepper bonnet,15.16,Wholesale
Bono East,Kintampo North Municipal,27/07/2025,Kintampo,Groundnut red,13.40,Wholesale
Bono East,Kintampo North Municipal,27/07/2025,Kintampo,Cowpea white,9.52,Wholesale
Bono East,Kintampo North Municipal,27/07/2025,Kintampo,Soya bean,10.00,Wholesale
Bono East,Kintampo North Municipal,27/07/2025,Kintampo,Sorghum,7.50,Wholesale
Bono East,Kintampo North Municipal,27/07/2025,Kintampo,Dried cassava chips kokonte,5.28,Wholesale
Bono East,Techiman Municipal,18/07/2025,Techiman,White maize,6.54,Wholesale
Bono East,Techiman Municipal,18/07/2025,Techiman,Maize yellow,7.31,Wholesale
Bono East,Techiman Municipal,18/07/2025,Techiman,Millet,11.18,Wholesale
Bono East,Techiman Municipal,18/07/2025,Techiman,Rice local perfumed,9.56,Wholesale
Bono East,Techiman Municipal,18/07/2025,Techiman,Rice local non perfumed,9.65,Wholesale
Bono East,Techiman Municipal,18/07/2025,Techiman,Rice imported perfumed,19.07,Wholesale
Bono East,Techiman Municipal,18/07/2025,Techiman,Rice imported non perfumed,12.96,Wholesale
Bono East,Techiman Municipal,18/07/2025,Techiman,Yam white,14.93,Wholesale
Bono East,Techiman Municipal,18/07/2025,Techiman,Cocoyam,27.84,Wholesale
Bono East,Techiman Municipal,18/07/2025,Techiman,Cassava,1.75,Wholesale
Bono East,Techiman Municipal,18/07/2025,Techiman,Gari,11.15,Wholesale
Bono East,Techiman Municipal,18/07/2025,Techiman,Plantain apentu,18.01,Wholesale
Bono East,Techiman Municipal,18/07/2025,Techiman,Plantain apem,19.21,Wholesale
Bono East,Techiman Municipal,18/07/2025,Techiman,Banana exotic,10.92,Wholesale
Bono East,Techiman Municipal,18/07/2025,Techiman,Banana local,10.65,Wholesale
Bono East,Techiman Municipal,18/07/2025,Techiman,Orange,4.93,Wholesale
Bono East,Techiman Municipal,18/07/2025,Techiman,Watermelon,3.94,Wholesale
Bono East,Techiman Municipal,18/07/2025,Techiman,Pineapple,9.33,Wholesale
Bono East,Techiman Municipal,18/07/2025,Techiman,Tomato local,10.52,Wholesale
Bono East,Techiman Municipal,18/07/2025,Techiman,Garden egg,10.32,Wholesale
Bono East,Techiman Municipal,18/07/2025,Techiman,Okro fresh,8.43,Wholesale
Bono East,Techiman Municipal,18/07/2025,Techiman,Onion,14.30,Wholesale
Bono East,Techiman Municipal,18/07/2025,Techiman,Ginger,26.40,Wholesale
Bono East,Techiman Municipal,18/07/2025,Techiman,Dried pepper,122.62,Wholesale
Bono East,Techiman Municipal,18/07/2025,Techiman,Fresh pepper bonnet,9.56,Wholesale
Bono East,Techiman Municipal,18/07/2025,Techiman,Palm fruit,7.02,Wholesale
Bono East,Techiman Municipal,18/07/2025,Techiman,Tiger nut,20.25,Wholesale
Bono East,Techiman Municipal,18/07/2025,Techiman,Groundnut red,20.34,Wholesale
Bono East,Techiman Municipal,18/07/2025,Techiman,Cowpea white,17.35,Wholesale
Bono East,Techiman Municipal,18/07/2025,Techiman,Soya bean,8.63,Wholesale
Bono East,Techiman Municipal,18/07/2025,Techiman,Melon seeds agushi,42.86,Wholesale
Bono East,Techiman Municipal,18/07/2025,Techiman,Melon seeds neri,14.31,Wholesale
Bono East,Techiman Municipal,18/07/2025,Techiman,Palm oil,23.33,Wholesale
Bono East,Techiman Municipal,18/07/2025,Techiman,Anchovy,62.71,Wholesale
Bono East,Techiman Municipal,18/07/2025,Techiman,Egg commercial,56.00,Wholesale
Bono East,Techiman Municipal,18/07/2025,Techiman,Chicken,46.00,Wholesale
Bono East,Techiman Municipal,18/07/2025,Techiman,Cabbage,7.37,Wholesale
Bono East,Techiman Municipal,18/07/2025,Techiman,Bambara bean,22.65,Wholesale
Bono East,Techiman Municipal,18/07/2025,Techiman,Cassava dough,5.31,Wholesale
Bono East,Techiman Municipal,18/07/2025,Techiman,Fresh red fish,53.33,Wholesale
Bono East,Techiman Municipal,18/07/2025,Techiman,Fresh salmon mackerel fish,60.83,Wholesale
Bono East,Techiman Municipal,18/07/2025,Techiman,Fresh kpanla fish,41.61,Wholesale
Bono East,Techiman Municipal,18/07/2025,Techiman,Sorghum,8.89,Wholesale
Bono East,Techiman Municipal,18/07/2025,Techiman,Yam puna,10.11,Wholesale
Bono East,Techiman Municipal,18/07/2025,Techiman,Unshelled groundnut,10.42,Wholesale
Bono East,Techiman Municipal,18/07/2025,Techiman,Dried cassava chips kokonte,6.39,Wholesale
Bono East,Techiman Municipal,24/07/2025,Techiman ,White maize,6.54,Wholesale
Bono East,Techiman Municipal,24/07/2025,Techiman ,Maize yellow,7.31,Wholesale
Bono East,Techiman Municipal,24/07/2025,Techiman ,Millet,10.93,Wholesale
Bono East,Techiman Municipal,24/07/2025,Techiman ,Rice local perfumed,11.00,Wholesale
Bono East,Techiman Municipal,24/07/2025,Techiman ,Rice local non perfumed,9.89,Wholesale
Bono East,Techiman Municipal,24/07/2025,Techiman ,Rice imported perfumed,19.33,Wholesale
Bono East,Techiman Municipal,24/07/2025,Techiman ,Rice imported non perfumed,13.04,Wholesale
Bono East,Techiman Municipal,24/07/2025,Techiman ,Cassava,1.92,Wholesale
Bono East,Techiman Municipal,24/07/2025,Techiman ,Gari,10.98,Wholesale
Bono East,Techiman Municipal,24/07/2025,Techiman ,Plantain apentu,15.54,Wholesale
Bono East,Techiman Municipal,24/07/2025,Techiman ,Plantain apem,17.23,Wholesale
Bono East,Techiman Municipal,24/07/2025,Techiman ,Banana exotic,11.62,Wholesale
Bono East,Techiman Municipal,24/07/2025,Techiman ,Banana local,10.06,Wholesale
Bono East,Techiman Municipal,24/07/2025,Techiman ,Orange,4.36,Wholesale
Bono East,Techiman Municipal,24/07/2025,Techiman ,Pineapple,8.26,Wholesale
Bono East,Techiman Municipal,24/07/2025,Techiman ,Mango exotic,5.06,Wholesale
Bono East,Techiman Municipal,24/07/2025,Techiman ,Tomato local,10.30,Wholesale
Bono East,Techiman Municipal,24/07/2025,Techiman ,Garden egg,14.70,Wholesale
Bono East,Techiman Municipal,24/07/2025,Techiman ,Okro fresh,8.59,Wholesale
Bono East,Techiman Municipal,24/07/2025,Techiman ,Onion,14.63,Wholesale
Bono East,Techiman Municipal,24/07/2025,Techiman ,Ginger,37.29,Wholesale
Bono East,Techiman Municipal,24/07/2025,Techiman ,Dried pepper,117.58,Wholesale
Bono East,Techiman Municipal,24/07/2025,Techiman ,Fresh pepper bonnet,10.72,Wholesale
Bono East,Techiman Municipal,24/07/2025,Techiman ,Palm fruit,6.52,Wholesale
Bono East,Techiman Municipal,24/07/2025,Techiman ,Tiger nut,26.23,Wholesale
Bono East,Techiman Municipal,24/07/2025,Techiman ,Groundnut red,19.88,Wholesale
Bono East,Techiman Municipal,24/07/2025,Techiman ,Cowpea white,17.57,Wholesale
Bono East,Techiman Municipal,24/07/2025,Techiman ,Soya bean,8.52,Wholesale
Bono East,Techiman Municipal,24/07/2025,Techiman ,Melon seeds agushi,46.74,Wholesale
Bono East,Techiman Municipal,24/07/2025,Techiman ,Melon seeds neri,16.33,Wholesale
Bono East,Techiman Municipal,24/07/2025,Techiman ,Palm oil,25.33,Wholesale
Bono East,Techiman Municipal,24/07/2025,Techiman ,Anchovy,65.18,Wholesale
Bono East,Techiman Municipal,24/07/2025,Techiman ,Egg commercial,60.00,Wholesale
Bono East,Techiman Municipal,24/07/2025,Techiman ,Chicken,47.33,Wholesale
Bono East,Techiman Municipal,24/07/2025,Techiman ,Cabbage,7.90,Wholesale
Bono East,Techiman Municipal,24/07/2025,Techiman ,Bambara bean,23.06,Wholesale
Bono East,Techiman Municipal,24/07/2025,Techiman ,Cassava dough,5.20,Wholesale
Bono East,Techiman Municipal,24/07/2025,Techiman ,Fresh red fish,55.67,Wholesale
Bono East,Techiman Municipal,24/07/2025,Techiman ,Fresh salmon mackerel fish,60.00,Wholesale
Bono East,Techiman Municipal,24/07/2025,Techiman ,Fresh kpanla fish,39.45,Wholesale
Bono East,Techiman Municipal,24/07/2025,Techiman ,Sorghum,8.52,Wholesale
Bono East,Techiman Municipal,24/07/2025,Techiman ,Yam puna,11.43,Wholesale
Bono East,Techiman Municipal,24/07/2025,Techiman ,Unshelled groundnut,11.84,Wholesale
Bono East,Techiman Municipal,24/07/2025,Techiman ,Dried cassava chips kokonte,5.84,Wholesale
Eastern,New Juaben South Municipal,30/07/2025,Koforidua Central,Maize yellow,8.33,Wholesale
Eastern,New Juaben South Municipal,30/07/2025,Koforidua Central,Cocoyam,15.28,Wholesale
Eastern,New Juaben South Municipal,30/07/2025,Koforidua Central,Cassava,5.00,Wholesale
Eastern,New Juaben South Municipal,30/07/2025,Koforidua Central,Dried cassava powder kokonte,7.35,Wholesale
Eastern,New Juaben South Municipal,30/07/2025,Koforidua Central,Plantain apentu,17.70,Wholesale
Eastern,New Juaben South Municipal,30/07/2025,Koforidua Central,Orange,3.50,Wholesale
Eastern,New Juaben South Municipal,30/07/2025,Koforidua Central,Watermelon,5.00,Wholesale
Eastern,New Juaben South Municipal,30/07/2025,Koforidua Central,Tomato local,29.41,Wholesale
Eastern,New Juaben South Municipal,30/07/2025,Koforidua Central,Okro fresh,24.00,Wholesale
Eastern,New Juaben South Municipal,30/07/2025,Koforidua Central,Onion,25.00,Wholesale
Eastern,New Juaben South Municipal,30/07/2025,Koforidua Central,Ginger,76.92,Wholesale
Eastern,New Juaben South Municipal,30/07/2025,Koforidua Central,Fresh pepper bonnet,17.65,Wholesale
Eastern,New Juaben South Municipal,30/07/2025,Koforidua Central,Carrot,21.48,Wholesale
Eastern,New Juaben South Municipal,30/07/2025,Koforidua Central,Sweet potato general white pinkish,8.20,Wholesale
Eastern,New Juaben South Municipal,30/07/2025,Koforidua Central,Yam puna,12.50,Wholesale
Greater Accra,Tema East,26/07/2025,Tema Community One,White maize,14.00,Wholesale
Greater Accra,Tema East,26/07/2025,Tema Community One,Maize yellow,15.00,Wholesale
Greater Accra,Tema East,26/07/2025,Tema Community One,Millet,16.91,Wholesale
Greater Accra,Tema East,26/07/2025,Tema Community One,Rice local perfumed,25.80,Wholesale
Greater Accra,Tema East,26/07/2025,Tema Community One,Rice imported perfumed,28.15,Wholesale
Greater Accra,Tema East,26/07/2025,Tema Community One,Yam white,37.04,Wholesale
Greater Accra,Tema East,26/07/2025,Tema Community One,Gari,20.95,Wholesale
Greater Accra,Tema East,26/07/2025,Tema Community One,Dried cassava powder kokonte,28.18,Wholesale
Greater Accra,Tema East,26/07/2025,Tema Community One,Plantain apentu,69.61,Wholesale
Greater Accra,Tema East,26/07/2025,Tema Community One,Plantain apem,105.94,Wholesale
Greater Accra,Tema East,26/07/2025,Tema Community One,Orange,15.47,Wholesale
Greater Accra,Tema East,26/07/2025,Tema Community One,Pineapple,11.11,Wholesale
Greater Accra,Tema East,26/07/2025,Tema Community One,Mango exotic,18.84,Wholesale
Greater Accra,Tema East,26/07/2025,Tema Community One,Tomato local,13.23,Wholesale
Greater Accra,Tema East,26/07/2025,Tema Community One,Garden egg,41.56,Wholesale
Greater Accra,Tema East,26/07/2025,Tema Community One,Onion,17.88,Wholesale
Greater Accra,Tema East,26/07/2025,Tema Community One,Ginger,96.15,Wholesale
Greater Accra,Tema East,26/07/2025,Tema Community One,Dried pepper,66.67,Wholesale
Greater Accra,Tema East,26/07/2025,Tema Community One,Fresh pepper,35.62,Wholesale
Greater Accra,Tema East,26/07/2025,Tema Community One,Fresh pepper bonnet,63.18,Wholesale
Greater Accra,Tema East,26/07/2025,Tema Community One,Groundnut red,34.67,Wholesale
Greater Accra,Tema East,26/07/2025,Tema Community One,Cowpea white,19.44,Wholesale
Greater Accra,Tema East,26/07/2025,Tema Community One,Soya bean,16.00,Wholesale
Greater Accra,Tema East,26/07/2025,Tema Community One,Melon seeds agushi,121.21,Wholesale
Greater Accra,Tema East,26/07/2025,Tema Community One,Melon seeds agushi powder,55.00,Wholesale
Greater Accra,Tema East,26/07/2025,Tema Community One,Palm oil,52.22,Wholesale
Greater Accra,Tema East,26/07/2025,Tema Community One,Smoked herring,120.10,Wholesale
Greater Accra,Tema East,26/07/2025,Tema Community One,Egg commercial,68.33,Wholesale
Greater Accra,Tema East,26/07/2025,Tema Community One,Bambara bean,33.33,Wholesale
Greater Accra,Tema East,26/07/2025,Tema Community One,Sorghum,16.91,Wholesale
Greater Accra,Tema East,26/07/2025,Tema Community One,Yam puna,49.67,Wholesale
Greater Accra,Tema East,26/07/2025,Tema Community One,Tomato navrongo,26.32,Wholesale
Ahafo,Asunafo North Municipal,31/07/2025,Goaso,White maize,8.14,Wholesale
Ahafo,Asunafo North Municipal,31/07/2025,Goaso,Maize yellow,11.06,Wholesale
Ahafo,Asunafo North Municipal,31/07/2025,Goaso,Millet,13.82,Wholesale
Ahafo,Asunafo North Municipal,31/07/2025,Goaso,Cocoyam,26.11,Wholesale
Ahafo,Asunafo North Municipal,31/07/2025,Goaso,Gari,13.06,Wholesale
Ahafo,Asunafo North Municipal,31/07/2025,Goaso,Plantain apentu,10.98,Wholesale
Ahafo,Asunafo North Municipal,31/07/2025,Goaso,Tomato local,8.70,Wholesale
Ahafo,Asunafo North Municipal,31/07/2025,Goaso,Garden egg,7.32,Wholesale
Ahafo,Asunafo North Municipal,31/07/2025,Goaso,Fresh pepper bonnet,13.48,Wholesale
Ahafo,Asunafo North Municipal,31/07/2025,Goaso,Groundnut red,21.43,Wholesale
Ahafo,Asunafo North Municipal,31/07/2025,Goaso,Cowpea white,15.46,Wholesale
Ahafo,Asunafo North Municipal,31/07/2025,Goaso,Egg commercial,50.00,Wholesale
Ahafo,Asunafo North Municipal,31/07/2025,Goaso,Sorghum,12.33,Wholesale
Ahafo,Asunafo North Municipal,31/07/2025,Goaso,Yam puna,8.36,Wholesale
Ahafo,Asunafo North Municipal,31/07/2025,Goaso,Tomato navrongo,11.21,Wholesale
Greater Accra,Okaikoi South,03/07/2025,Agbogbloshie,Maize yellow,9.56,Wholesale
Greater Accra,Okaikoi South,03/07/2025,Agbogbloshie,Millet,11.14,Wholesale
Greater Accra,Okaikoi South,03/07/2025,Agbogbloshie,Rice imported perfumed,18.00,Wholesale
Greater Accra,Okaikoi South,03/07/2025,Agbogbloshie,Plantain apentu,30.49,Wholesale
Greater Accra,Okaikoi South,03/07/2025,Agbogbloshie,Plantain apem,21.66,Wholesale
Greater Accra,Okaikoi South,03/07/2025,Agbogbloshie,Tomato local,13.75,Wholesale
Greater Accra,Okaikoi South,03/07/2025,Agbogbloshie,Garden egg,12.21,Wholesale
Greater Accra,Okaikoi South,03/07/2025,Agbogbloshie,Okro fresh,15.14,Wholesale
Greater Accra,Okaikoi South,03/07/2025,Agbogbloshie,Onion,12.66,Wholesale
Greater Accra,Okaikoi South,03/07/2025,Agbogbloshie,Fresh pepper,10.51,Wholesale
Greater Accra,Okaikoi South,03/07/2025,Agbogbloshie,Sorghum,3.53,Wholesale
Greater Accra,Okaikoi South,03/07/2025,Agbogbloshie,Tomato navrongo,18.16,Wholesale
Western North,Bibiani Anhwiaso Bekwai Municipal,29/07/2025,Bibiani ,White maize,6.86,Wholesale
Western North,Bibiani Anhwiaso Bekwai Municipal,29/07/2025,Bibiani ,Maize yellow,7.64,Wholesale
Western North,Bibiani Anhwiaso Bekwai Municipal,29/07/2025,Bibiani ,Millet,18.75,Wholesale
Western North,Bibiani Anhwiaso Bekwai Municipal,29/07/2025,Bibiani ,Rice local perfumed,16.22,Wholesale
Western North,Bibiani Anhwiaso Bekwai Municipal,29/07/2025,Bibiani ,Rice local non perfumed,14.92,Wholesale
Western North,Bibiani Anhwiaso Bekwai Municipal,29/07/2025,Bibiani ,Rice imported perfumed,17.00,Wholesale
Western North,Bibiani Anhwiaso Bekwai Municipal,29/07/2025,Bibiani ,Rice imported non perfumed,15.17,Wholesale
Western North,Bibiani Anhwiaso Bekwai Municipal,29/07/2025,Bibiani ,Yam white,21.17,Wholesale
Western North,Bibiani Anhwiaso Bekwai Municipal,29/07/2025,Bibiani ,Cocoyam,28.41,Wholesale
Western North,Bibiani Anhwiaso Bekwai Municipal,29/07/2025,Bibiani ,Gari,16.67,Wholesale
Western North,Bibiani Anhwiaso Bekwai Municipal,29/07/2025,Bibiani ,Dried cassava powder kokonte,17.34,Wholesale
Western North,Bibiani Anhwiaso Bekwai Municipal,29/07/2025,Bibiani ,Plantain apentu,10.62,Wholesale
Western North,Bibiani Anhwiaso Bekwai Municipal,29/07/2025,Bibiani ,Banana local,9.02,Wholesale
Western North,Bibiani Anhwiaso Bekwai Municipal,29/07/2025,Bibiani ,Tomato local,20.57,Wholesale
Western North,Bibiani Anhwiaso Bekwai Municipal,29/07/2025,Bibiani ,Garden egg,19.68,Wholesale
Western North,Bibiani Anhwiaso Bekwai Municipal,29/07/2025,Bibiani ,Okro fresh,29.72,Wholesale
Western North,Bibiani Anhwiaso Bekwai Municipal,29/07/2025,Bibiani ,Onion,27.20,Wholesale
Western North,Bibiani Anhwiaso Bekwai Municipal,29/07/2025,Bibiani ,Ginger,69.40,Wholesale
Western North,Bibiani Anhwiaso Bekwai Municipal,29/07/2025,Bibiani ,Dried pepper,28.14,Wholesale
Western North,Bibiani Anhwiaso Bekwai Municipal,29/07/2025,Bibiani ,Fresh pepper bonnet,17.78,Wholesale
Western North,Bibiani Anhwiaso Bekwai Municipal,29/07/2025,Bibiani ,Palm fruit,14.54,Wholesale
Western North,Bibiani Anhwiaso Bekwai Municipal,29/07/2025,Bibiani ,Groundnut red,25.76,Wholesale
Western North,Bibiani Anhwiaso Bekwai Municipal,29/07/2025,Bibiani ,Cowpea white,18.55,Wholesale
Western North,Bibiani Anhwiaso Bekwai Municipal,29/07/2025,Bibiani ,Soya bean,27.44,Wholesale
Western North,Bibiani Anhwiaso Bekwai Municipal,29/07/2025,Bibiani ,Melon seeds agushi,49.12,Wholesale
Western North,Bibiani Anhwiaso Bekwai Municipal,29/07/2025,Bibiani ,Melon seeds agushi powder,73.57,Wholesale
Western North,Bibiani Anhwiaso Bekwai Municipal,29/07/2025,Bibiani ,Melon seeds neri,31.25,Wholesale
Western North,Bibiani Anhwiaso Bekwai Municipal,29/07/2025,Bibiani ,Melon seeds neri powder,42.38,Wholesale
Western North,Bibiani Anhwiaso Bekwai Municipal,29/07/2025,Bibiani ,Palm oil,17.60,Wholesale
Western North,Bibiani Anhwiaso Bekwai Municipal,29/07/2025,Bibiani ,Chicken,22.52,Wholesale
Western North,Bibiani Anhwiaso Bekwai Municipal,29/07/2025,Bibiani ,Fresh salmon mackerel fish,21.02,Wholesale
Western North,Bibiani Anhwiaso Bekwai Municipal,29/07/2025,Bibiani ,Fresh kpanla fish,17.52,Wholesale
Western North,Bibiani Anhwiaso Bekwai Municipal,29/07/2025,Bibiani ,Yam puna,33.03,Wholesale
Western North,Bibiani Anhwiaso Bekwai Municipal,29/07/2025,Bibiani ,Tomato navrongo,39.44,Wholesale
Western North,Bibiani Anhwiaso Bekwai Municipal,29/07/2025,Bibiani ,Unshelled groundnut,14.89,Wholesale
Western North,Bibiani Anhwiaso Bekwai Municipal,29/07/2025,Bibiani ,Dried cassava chips kokonte,10.14,Wholesale
Upper East,Bolgatangatanga Municipal,27/07/2025,Bolgatanga,White maize,4.60,Wholesale
Upper East,Bolgatangatanga Municipal,27/07/2025,Bolgatanga,Maize yellow,4.60,Wholesale
Upper East,Bolgatangatanga Municipal,27/07/2025,Bolgatanga,Millet,8.67,Wholesale
Upper East,Bolgatangatanga Municipal,27/07/2025,Bolgatanga,Rice local non perfumed,12.00,Wholesale
Upper East,Bolgatangatanga Municipal,27/07/2025,Bolgatanga,Rice imported perfumed,16.47,Wholesale
Upper East,Bolgatangatanga Municipal,27/07/2025,Bolgatanga,Rice imported non perfumed,14.00,Wholesale
Upper East,Bolgatangatanga Municipal,27/07/2025,Bolgatanga,Plantain apentu,6.98,Wholesale
Upper East,Bolgatangatanga Municipal,27/07/2025,Bolgatanga,Plantain apem,8.84,Wholesale
Upper East,Bolgatangatanga Municipal,27/07/2025,Bolgatanga,Groundnut red,13.67,Wholesale
Upper East,Bolgatangatanga Municipal,27/07/2025,Bolgatanga,Cowpea white,8.02,Wholesale
Upper East,Bolgatangatanga Municipal,27/07/2025,Bolgatanga,Soya bean,4.56,Wholesale
Upper East,Bolgatangatanga Municipal,27/07/2025,Bolgatanga,Bambara bean,16.16,Wholesale
Upper East,Bolgatangatanga Municipal,27/07/2025,Bolgatanga,Sorghum,5.52,Wholesale
Upper East,Bolgatangatanga Municipal,27/07/2025,Bolgatanga,Groundnut Oil,22.53,Wholesale
Bono,Sunyani Municipal,30/07/2025,Nana Bosomah,White maize,6.15,Wholesale
Bono,Sunyani Municipal,30/07/2025,Nana Bosomah,Maize yellow,6.15,Wholesale
Bono,Sunyani Municipal,30/07/2025,Nana Bosomah,Rice local perfumed,11.67,Wholesale
Bono,Sunyani Municipal,30/07/2025,Nana Bosomah,Rice local non perfumed,11.28,Wholesale
Bono,Sunyani Municipal,30/07/2025,Nana Bosomah,Rice imported perfumed,24.00,Wholesale
Bono,Sunyani Municipal,30/07/2025,Nana Bosomah,Rice imported non perfumed,11.11,Wholesale
Bono,Sunyani Municipal,30/07/2025,Nana Bosomah,Cassava,1.50,Wholesale
Bono,Sunyani Municipal,30/07/2025,Nana Bosomah,Gari,10.00,Wholesale
Bono,Sunyani Municipal,30/07/2025,Nana Bosomah,Plantain apentu,17.77,Wholesale
Bono,Sunyani Municipal,30/07/2025,Nana Bosomah,Plantain apem,14.10,Wholesale
Bono,Sunyani Municipal,30/07/2025,Nana Bosomah,Banana exotic,10.48,Wholesale
Bono,Sunyani Municipal,30/07/2025,Nana Bosomah,Banana local,11.17,Wholesale
Bono,Sunyani Municipal,30/07/2025,Nana Bosomah,Tomato local,5.77,Wholesale
Bono,Sunyani Municipal,30/07/2025,Nana Bosomah,Palm oil,20.00,Wholesale
Upper West,Wa Municipal,05/08/2025,Wa ,White maize,4.00,Wholesale
Upper West,Wa Municipal,05/08/2025,Wa ,Maize yellow,4.00,Wholesale
Upper West,Wa Municipal,05/08/2025,Wa ,Millet,10.00,Wholesale
Upper West,Wa Municipal,05/08/2025,Wa ,Rice local perfumed,8.60,Wholesale
Upper West,Wa Municipal,05/08/2025,Wa ,Rice local non perfumed,6.98,Wholesale
Upper West,Wa Municipal,05/08/2025,Wa ,Rice imported perfumed,27.00,Wholesale
Upper West,Wa Municipal,05/08/2025,Wa ,Rice imported non perfumed,13.00,Wholesale
Upper West,Wa Municipal,05/08/2025,Wa ,Yam white,13.94,Wholesale
Upper West,Wa Municipal,05/08/2025,Wa ,Cowpea white,15.33,Wholesale
Upper West,Wa Municipal,05/08/2025,Wa ,Sorghum,6.00,Wholesale
Upper West,Wa Municipal,05/08/2025,Wa ,Yam puna,24.38,Wholesale
Bono East,Kintampo North Municipal,04/08/2025,Kintampo,White maize,6.31,Wholesale
Bono East,Kintampo North Municipal,04/08/2025,Kintampo,Maize yellow,6.34,Wholesale
Bono East,Kintampo North Municipal,04/08/2025,Kintampo,Millet,7.48,Wholesale
Bono East,Kintampo North Municipal,04/08/2025,Kintampo,Rice local perfumed,11.67,Wholesale
Bono East,Kintampo North Municipal,04/08/2025,Kintampo,Rice imported perfumed,15.87,Wholesale
Bono East,Kintampo North Municipal,04/08/2025,Kintampo,Yam white,7.18,Wholesale
Bono East,Kintampo North Municipal,04/08/2025,Kintampo,Cassava,7.86,Wholesale
Bono East,Kintampo North Municipal,04/08/2025,Kintampo,Gari,8.22,Wholesale
Bono East,Kintampo North Municipal,04/08/2025,Kintampo,Plantain apentu,32.26,Wholesale
Bono East,Kintampo North Municipal,04/08/2025,Kintampo,Plantain apem,35.59,Wholesale
Bono East,Kintampo North Municipal,04/08/2025,Kintampo,Garden egg,14.66,Wholesale
Bono East,Kintampo North Municipal,04/08/2025,Kintampo,Okro fresh,24.10,Wholesale
Bono East,Kintampo North Municipal,04/08/2025,Kintampo,Onion,10.72,Wholesale
Bono East,Kintampo North Municipal,04/08/2025,Kintampo,Ginger,31.59,Wholesale
Bono East,Kintampo North Municipal,04/08/2025,Kintampo,Dried pepper,99.54,Wholesale
Bono East,Kintampo North Municipal,04/08/2025,Kintampo,Fresh pepper bonnet,14.47,Wholesale
Bono East,Kintampo North Municipal,04/08/2025,Kintampo,Cowpea white,12.68,Wholesale
Bono East,Kintampo North Municipal,04/08/2025,Kintampo,Palm oil,28.89,Wholesale
Bono East,Kintampo North Municipal,04/08/2025,Kintampo,Sorghum,8.14,Wholesale
Bono East,Kintampo North Municipal,04/08/2025,Kintampo,Yam puna,9.40,Wholesale
Bono East,Kintampo North Municipal,04/08/2025,Kintampo,Tomato navrongo,21.56,Wholesale
Bono East,Kintampo North Municipal,04/08/2025,Kintampo,Okro dried,65.22,Wholesale
Bono East,Kintampo North Municipal,04/08/2025,Kintampo,Dried cassava chips kokonte,11.66,Wholesale
Eastern,New Juaben South Municipal,07/08/2025,Agatha,Garden egg,14.63,Wholesale
Eastern,New Juaben South Municipal,07/08/2025,Agatha,Okro fresh,24.00,Wholesale
Eastern,New Juaben South Municipal,07/08/2025,Agatha,Onion,20.88,Wholesale
Eastern,New Juaben South Municipal,07/08/2025,Agatha,Ginger,68.97,Wholesale
Eastern,New Juaben South Municipal,07/08/2025,Agatha,Fresh pepper bonnet,16.73,Wholesale
Eastern,New Juaben South Municipal,07/08/2025,Agatha,Groundnut red,30.16,Wholesale
Eastern,New Juaben South Municipal,07/08/2025,Agatha,Tomato navrongo,26.47,Wholesale
Western North,Bibiani Anhwiaso Bekwai Municipal,08/08/2025,Bibiani,White maize,8.29,Wholesale
Western North,Bibiani Anhwiaso Bekwai Municipal,08/08/2025,Bibiani,Maize yellow,8.36,Wholesale
Western North,Bibiani Anhwiaso Bekwai Municipal,08/08/2025,Bibiani,Millet,17.26,Wholesale
Western North,Bibiani Anhwiaso Bekwai Municipal,08/08/2025,Bibiani,Rice local perfumed,13.96,Wholesale
Western North,Bibiani Anhwiaso Bekwai Municipal,08/08/2025,Bibiani,Rice local non perfumed,11.49,Wholesale
Western North,Bibiani Anhwiaso Bekwai Municipal,08/08/2025,Bibiani,Rice imported perfumed,17.15,Wholesale
Western North,Bibiani Anhwiaso Bekwai Municipal,08/08/2025,Bibiani,Rice imported non perfumed,13.11,Wholesale
Western North,Bibiani Anhwiaso Bekwai Municipal,08/08/2025,Bibiani,Yam white,14.93,Wholesale
Western North,Bibiani Anhwiaso Bekwai Municipal,08/08/2025,Bibiani,Cocoyam,22.14,Wholesale
Western North,Bibiani Anhwiaso Bekwai Municipal,08/08/2025,Bibiani,Gari,22.73,Wholesale
Western North,Bibiani Anhwiaso Bekwai Municipal,08/08/2025,Bibiani,Dried cassava powder kokonte,16.21,Wholesale
Western North,Bibiani Anhwiaso Bekwai Municipal,08/08/2025,Bibiani,Plantain apentu,14.14,Wholesale
Western North,Bibiani Anhwiaso Bekwai Municipal,08/08/2025,Bibiani,Plantain apem,11.72,Wholesale
Western North,Bibiani Anhwiaso Bekwai Municipal,08/08/2025,Bibiani,Banana local,9.15,Wholesale
Western North,Bibiani Anhwiaso Bekwai Municipal,08/08/2025,Bibiani,Tomato local,42.97,Wholesale
Western North,Bibiani Anhwiaso Bekwai Municipal,08/08/2025,Bibiani,Garden egg,21.01,Wholesale
Western North,Bibiani Anhwiaso Bekwai Municipal,08/08/2025,Bibiani,Okro fresh,84.30,Wholesale
Western North,Bibiani Anhwiaso Bekwai Municipal,08/08/2025,Bibiani,Onion,10.53,Wholesale
Western North,Bibiani Anhwiaso Bekwai Municipal,08/08/2025,Bibiani,Ginger,75.31,Wholesale
Western North,Bibiani Anhwiaso Bekwai Municipal,08/08/2025,Bibiani,Fresh pepper,25.00,Wholesale
Western North,Bibiani Anhwiaso Bekwai Municipal,08/08/2025,Bibiani,Fresh pepper bonnet,22.70,Wholesale
Western North,Bibiani Anhwiaso Bekwai Municipal,08/08/2025,Bibiani,Palm fruit,15.79,Wholesale
Western North,Bibiani Anhwiaso Bekwai Municipal,08/08/2025,Bibiani,Groundnut red,22.67,Wholesale
Western North,Bibiani Anhwiaso Bekwai Municipal,08/08/2025,Bibiani,Cowpea white,17.92,Wholesale
Western North,Bibiani Anhwiaso Bekwai Municipal,08/08/2025,Bibiani,Soya bean,23.08,Wholesale
Western North,Bibiani Anhwiaso Bekwai Municipal,08/08/2025,Bibiani,Melon seeds agushi,71.73,Wholesale
Western North,Bibiani Anhwiaso Bekwai Municipal,08/08/2025,Bibiani,Melon seeds agushi powder,94.36,Wholesale
Western North,Bibiani Anhwiaso Bekwai Municipal,08/08/2025,Bibiani,Melon seeds neri,22.85,Wholesale
Western North,Bibiani Anhwiaso Bekwai Municipal,08/08/2025,Bibiani,Melon seeds neri powder,50.11,Wholesale
Western North,Bibiani Anhwiaso Bekwai Municipal,08/08/2025,Bibiani,Palm oil,26.30,Wholesale
Western North,Bibiani Anhwiaso Bekwai Municipal,08/08/2025,Bibiani,Smoked herring,72.27,Wholesale
Western North,Bibiani Anhwiaso Bekwai Municipal,08/08/2025,Bibiani,Egg commercial,60.00,Wholesale
Western North,Bibiani Anhwiaso Bekwai Municipal,08/08/2025,Bibiani,Chicken,20.02,Wholesale
Western North,Bibiani Anhwiaso Bekwai Municipal,08/08/2025,Bibiani,Cassava dough,7.90,Wholesale
Western North,Bibiani Anhwiaso Bekwai Municipal,08/08/2025,Bibiani,Fresh salmon mackerel fish,18.64,Wholesale
Western North,Bibiani Anhwiaso Bekwai Municipal,08/08/2025,Bibiani,Fresh kpanla fish,15.92,Wholesale
Western North,Bibiani Anhwiaso Bekwai Municipal,08/08/2025,Bibiani,Yam puna,15.56,Wholesale
Western North,Bibiani Anhwiaso Bekwai Municipal,08/08/2025,Bibiani,Okro dried,213.89,Wholesale
Western North,Bibiani Anhwiaso Bekwai Municipal,08/08/2025,Bibiani,Unshelled groundnut,39.67,Wholesale
Western North,Bibiani Anhwiaso Bekwai Municipal,08/08/2025,Bibiani,Dried cassava chips kokonte,10.17,Wholesale
North East,East Mamprusi Municipal,07/08/2025,Gbintiri,White maize,4.88,Wholesale
North East,East Mamprusi Municipal,07/08/2025,Gbintiri,Maize yellow,4.75,Wholesale
North East,East Mamprusi Municipal,07/08/2025,Gbintiri,Millet,7.54,Wholesale
North East,East Mamprusi Municipal,07/08/2025,Gbintiri,Rice local perfumed,10.06,Wholesale
North East,East Mamprusi Municipal,07/08/2025,Gbintiri,Rice local non perfumed,9.98,Wholesale
North East,East Mamprusi Municipal,07/08/2025,Gbintiri,Gari,12.75,Wholesale
North East,East Mamprusi Municipal,07/08/2025,Gbintiri,Dried pepper,30.91,Wholesale
North East,East Mamprusi Municipal,07/08/2025,Gbintiri,Cowpea white,14.06,Wholesale
North East,East Mamprusi Municipal,07/08/2025,Gbintiri,Soya bean,7.12,Wholesale
North East,East Mamprusi Municipal,07/08/2025,Gbintiri,Bambara bean,15.02,Wholesale
North East,East Mamprusi Municipal,07/08/2025,Gbintiri,Sorghum,7.09,Wholesale
Ahafo,Asunafo North Municipal,08/08/2025,Goaso,White maize,7.37,Wholesale
Ahafo,Asunafo North Municipal,08/08/2025,Goaso,Maize yellow,7.50,Wholesale
Ahafo,Asunafo North Municipal,08/08/2025,Goaso,Millet,15.50,Wholesale
Ahafo,Asunafo North Municipal,08/08/2025,Goaso,Rice local perfumed,16.31,Wholesale
Ahafo,Asunafo North Municipal,08/08/2025,Goaso,Cocoyam,23.88,Wholesale
Ahafo,Asunafo North Municipal,08/08/2025,Goaso,Gari,13.82,Wholesale
Ahafo,Asunafo North Municipal,08/08/2025,Goaso,Plantain apentu,15.52,Wholesale
Ahafo,Asunafo North Municipal,08/08/2025,Goaso,Plantain apem,10.94,Wholesale
Ahafo,Asunafo North Municipal,08/08/2025,Goaso,Tomato local,8.84,Wholesale
Ahafo,Asunafo North Municipal,08/08/2025,Goaso,Garden egg,7.46,Wholesale
Ahafo,Asunafo North Municipal,08/08/2025,Goaso,Okro fresh,11.92,Wholesale
Ahafo,Asunafo North Municipal,08/08/2025,Goaso,Ginger,35.37,Wholesale
Ahafo,Asunafo North Municipal,08/08/2025,Goaso,Groundnut red,21.97,Wholesale
Ahafo,Asunafo North Municipal,08/08/2025,Goaso,Cowpea white,14.69,Wholesale
Ahafo,Asunafo North Municipal,08/08/2025,Goaso,Egg commercial,50.00,Wholesale
Ahafo,Asunafo North Municipal,08/08/2025,Goaso,Sorghum,13.56,Wholesale
Ahafo,Asunafo North Municipal,08/08/2025,Goaso,Yam puna,8.55,Wholesale
Upper East,Bolgatangatanga Municipal,10/08/2025,Bolgatanga,White maize,4.70,Wholesale
Upper East,Bolgatangatanga Municipal,10/08/2025,Bolgatanga,Maize yellow,4.73,Wholesale
Upper East,Bolgatangatanga Municipal,10/08/2025,Bolgatanga,Millet,8.83,Wholesale
Upper East,Bolgatangatanga Municipal,10/08/2025,Bolgatanga,Rice imported perfumed,16.50,Wholesale
Upper East,Bolgatangatanga Municipal,10/08/2025,Bolgatanga,Rice imported non perfumed,13.65,Wholesale
Upper East,Bolgatangatanga Municipal,10/08/2025,Bolgatanga,Groundnut red,13.61,Wholesale
Upper East,Bolgatangatanga Municipal,10/08/2025,Bolgatanga,Cowpea white,8.26,Wholesale
Upper East,Bolgatangatanga Municipal,10/08/2025,Bolgatanga,Soya bean,4.54,Wholesale
Upper East,Bolgatangatanga Municipal,10/08/2025,Bolgatanga,Sorghum,5.67,Wholesale
Upper East,Bolgatangatanga Municipal,10/08/2025,Bolgatanga,Groundnut Oil,27.04,Wholesale
Greater Accra,Tema East,07/08/2025,Tema Community One,White maize,14.00,Wholesale
Greater Accra,Tema East,07/08/2025,Tema Community One,Maize yellow,15.00,Wholesale
Greater Accra,Tema East,07/08/2025,Tema Community One,Millet,16.45,Wholesale
Greater Accra,Tema East,07/08/2025,Tema Community One,Rice local perfumed,25.66,Wholesale
Greater Accra,Tema East,07/08/2025,Tema Community One,Rice imported perfumed,27.69,Wholesale
Greater Accra,Tema East,07/08/2025,Tema Community One,Yam white,46.02,Wholesale
Greater Accra,Tema East,07/08/2025,Tema Community One,Gari,20.95,Wholesale
Greater Accra,Tema East,07/08/2025,Tema Community One,Dried cassava powder kokonte,28.18,Wholesale
Greater Accra,Tema East,07/08/2025,Tema Community One,Plantain apentu,45.80,Wholesale
Greater Accra,Tema East,07/08/2025,Tema Community One,Plantain apem,92.10,Wholesale
Greater Accra,Tema East,07/08/2025,Tema Community One,Orange,15.15,Wholesale
Greater Accra,Tema East,07/08/2025,Tema Community One,Pineapple,11.90,Wholesale
Greater Accra,Tema East,07/08/2025,Tema Community One,Mango exotic,17.39,Wholesale
Greater Accra,Tema East,07/08/2025,Tema Community One,Tomato local,12.52,Wholesale
Greater Accra,Tema East,07/08/2025,Tema Community One,Garden egg,27.64,Wholesale
Greater Accra,Tema East,07/08/2025,Tema Community One,Onion,23.81,Wholesale
Greater Accra,Tema East,07/08/2025,Tema Community One,Ginger,89.74,Wholesale
Greater Accra,Tema East,07/08/2025,Tema Community One,Dried pepper,64.45,Wholesale
Greater Accra,Tema East,07/08/2025,Tema Community One,Fresh pepper,35.18,Wholesale
Greater Accra,Tema East,07/08/2025,Tema Community One,Fresh pepper bonnet,51.52,Wholesale
Greater Accra,Tema East,07/08/2025,Tema Community One,Groundnut red,34.67,Wholesale
Greater Accra,Tema East,07/08/2025,Tema Community One,Cowpea white,18.75,Wholesale
Greater Accra,Tema East,07/08/2025,Tema Community One,Soya bean,16.67,Wholesale
Greater Accra,Tema East,07/08/2025,Tema Community One,Melon seeds agushi,121.21,Wholesale
Greater Accra,Tema East,07/08/2025,Tema Community One,Melon seeds agushi powder,55.00,Wholesale
Greater Accra,Tema East,07/08/2025,Tema Community One,Palm oil,30.00,Wholesale
Greater Accra,Tema East,07/08/2025,Tema Community One,Smoked herring,120.10,Wholesale
Greater Accra,Tema East,07/08/2025,Tema Community One,Egg commercial,68.33,Wholesale
Greater Accra,Tema East,07/08/2025,Tema Community One,Bambara bean,33.76,Wholesale
Greater Accra,Tema East,07/08/2025,Tema Community One,Sorghum,16.91,Wholesale
Greater Accra,Tema East,07/08/2025,Tema Community One,Yam puna,59.61,Wholesale
Greater Accra,Tema East,07/08/2025,Tema Community One,Tomato navrongo,27.45,Wholesale
Bono East,Techiman Municipal,07/08/2025,Techiman,White maize,6.54,Wholesale
Bono East,Techiman Municipal,07/08/2025,Techiman,Maize yellow,6.95,Wholesale
Bono East,Techiman Municipal,07/08/2025,Techiman,Millet,11.06,Wholesale
Bono East,Techiman Municipal,07/08/2025,Techiman,Rice local perfumed,11.22,Wholesale
Bono East,Techiman Municipal,07/08/2025,Techiman,Rice local non perfumed,10.25,Wholesale
Bono East,Techiman Municipal,07/08/2025,Techiman,Rice imported perfumed,18.33,Wholesale
Bono East,Techiman Municipal,07/08/2025,Techiman,Rice imported non perfumed,12.07,Wholesale
Bono East,Techiman Municipal,07/08/2025,Techiman,Cassava,1.82,Wholesale
Bono East,Techiman Municipal,07/08/2025,Techiman,Gari,11.48,Wholesale
Bono East,Techiman Municipal,07/08/2025,Techiman,Plantain apentu,11.32,Wholesale
Bono East,Techiman Municipal,07/08/2025,Techiman,Plantain apem,21.95,Wholesale
Bono East,Techiman Municipal,07/08/2025,Techiman,Banana exotic,11.01,Wholesale
Bono East,Techiman Municipal,07/08/2025,Techiman,Banana local,11.32,Wholesale
Bono East,Techiman Municipal,07/08/2025,Techiman,Orange,3.65,Wholesale
Bono East,Techiman Municipal,07/08/2025,Techiman,Watermelon,4.46,Wholesale
Bono East,Techiman Municipal,07/08/2025,Techiman,Pineapple,9.68,Wholesale
Bono East,Techiman Municipal,07/08/2025,Techiman,Mango exotic,4.25,Wholesale
Bono East,Techiman Municipal,07/08/2025,Techiman,Tomato local,8.86,Wholesale
Bono East,Techiman Municipal,07/08/2025,Techiman,Garden egg,14.72,Wholesale
Bono East,Techiman Municipal,07/08/2025,Techiman,Okro fresh,8.48,Wholesale
Bono East,Techiman Municipal,07/08/2025,Techiman,Onion,16.21,Wholesale
Bono East,Techiman Municipal,07/08/2025,Techiman,Ginger,33.72,Wholesale
Bono East,Techiman Municipal,07/08/2025,Techiman,Dried pepper,106.72,Wholesale
Bono East,Techiman Municipal,07/08/2025,Techiman,Fresh pepper bonnet,9.33,Wholesale
Bono East,Techiman Municipal,07/08/2025,Techiman,Tiger nut,20.67,Wholesale
Bono East,Techiman Municipal,07/08/2025,Techiman,Groundnut red,19.84,Wholesale
Bono East,Techiman Municipal,07/08/2025,Techiman,Cowpea white,16.33,Wholesale
Bono East,Techiman Municipal,07/08/2025,Techiman,Soya bean,8.63,Wholesale
Bono East,Techiman Municipal,07/08/2025,Techiman,Melon seeds agushi,42.17,Wholesale
Bono East,Techiman Municipal,07/08/2025,Techiman,Melon seeds neri,15.10,Wholesale
Bono East,Techiman Municipal,07/08/2025,Techiman,Anchovy,71.03,Wholesale
Bono East,Techiman Municipal,07/08/2025,Techiman,Egg commercial,60.00,Wholesale
Bono East,Techiman Municipal,07/08/2025,Techiman,Chicken,36.33,Wholesale
Bono East,Techiman Municipal,07/08/2025,Techiman,Cabbage,8.47,Wholesale
Bono East,Techiman Municipal,07/08/2025,Techiman,Bambara bean,23.05,Wholesale
Bono East,Techiman Municipal,07/08/2025,Techiman,Cassava dough,4.50,Wholesale
Bono East,Techiman Municipal,07/08/2025,Techiman,Fresh red fish,55.89,Wholesale
Bono East,Techiman Municipal,07/08/2025,Techiman,Fresh salmon mackerel fish,57.50,Wholesale
Bono East,Techiman Municipal,07/08/2025,Techiman,Fresh kpanla fish,34.00,Wholesale
Bono East,Techiman Municipal,07/08/2025,Techiman,Sorghum,8.52,Wholesale
Bono East,Techiman Municipal,07/08/2025,Techiman,Yam puna,10.39,Wholesale
Bono East,Techiman Municipal,07/08/2025,Techiman,Unshelled groundnut,10.52,Wholesale
Bono East,Techiman Municipal,07/08/2025,Techiman,Dried cassava chips kokonte,5.56,Wholesale
Bono East,Kintampo North Municipal,12/08/2025,Kintampo,White maize,6.23,Wholesale
Bono East,Kintampo North Municipal,12/08/2025,Kintampo,Maize yellow,6.38,Wholesale
Bono East,Kintampo North Municipal,12/08/2025,Kintampo,Millet,7.65,Wholesale
Bono East,Kintampo North Municipal,12/08/2025,Kintampo,Rice local perfumed,11.86,Wholesale
Bono East,Kintampo North Municipal,12/08/2025,Kintampo,Rice imported perfumed,16.53,Wholesale
Bono East,Kintampo North Municipal,12/08/2025,Kintampo,Yam white,7.32,Wholesale
Bono East,Kintampo North Municipal,12/08/2025,Kintampo,Cassava,9.32,Wholesale
Bono East,Kintampo North Municipal,12/08/2025,Kintampo,Gari,8.16,Wholesale
Bono East,Kintampo North Municipal,12/08/2025,Kintampo,Plantain apentu,33.61,Wholesale
Bono East,Kintampo North Municipal,12/08/2025,Kintampo,Plantain apem,34.06,Wholesale
Bono East,Kintampo North Municipal,12/08/2025,Kintampo,Tomato local,26.65,Wholesale
Bono East,Kintampo North Municipal,12/08/2025,Kintampo,Garden egg,15.79,Wholesale
Bono East,Kintampo North Municipal,12/08/2025,Kintampo,Okro fresh,31.90,Wholesale
Bono East,Kintampo North Municipal,12/08/2025,Kintampo,Onion,12.88,Wholesale
Bono East,Kintampo North Municipal,12/08/2025,Kintampo,Ginger,33.49,Wholesale
Bono East,Kintampo North Municipal,12/08/2025,Kintampo,Dried pepper,92.96,Wholesale
Bono East,Kintampo North Municipal,12/08/2025,Kintampo,Fresh pepper,17.83,Wholesale
Bono East,Kintampo North Municipal,12/08/2025,Kintampo,Cowpea white,12.26,Wholesale
Bono East,Kintampo North Municipal,12/08/2025,Kintampo,Sorghum,8.88,Wholesale
Bono East,Kintampo North Municipal,12/08/2025,Kintampo,Yam puna,8.92,Wholesale
Bono East,Kintampo North Municipal,12/08/2025,Kintampo,Okro dried,69.58,Wholesale
Bono East,Kintampo North Municipal,12/08/2025,Kintampo,Dried cassava chips kokonte,10.96,Wholesale
Bono East,Techiman Municipal,04/08/2025,Techiman,White maize,6.54,Wholesale
Bono East,Techiman Municipal,04/08/2025,Techiman,Maize yellow,6.92,Wholesale
Bono East,Techiman Municipal,04/08/2025,Techiman,Millet,11.06,Wholesale
Bono East,Techiman Municipal,04/08/2025,Techiman,Rice local perfumed,11.22,Wholesale
Bono East,Techiman Municipal,04/08/2025,Techiman,Rice local non perfumed,9.77,Wholesale
Bono East,Techiman Municipal,04/08/2025,Techiman,Rice imported perfumed,19.48,Wholesale
Bono East,Techiman Municipal,04/08/2025,Techiman,Rice imported non perfumed,13.92,Wholesale
Bono East,Techiman Municipal,04/08/2025,Techiman,Cassava,1.74,Wholesale
Bono East,Techiman Municipal,04/08/2025,Techiman,Gari,11.17,Wholesale
Bono East,Techiman Municipal,04/08/2025,Techiman,Plantain apentu,15.41,Wholesale
Bono East,Techiman Municipal,04/08/2025,Techiman,Plantain apem,17.78,Wholesale
Bono East,Techiman Municipal,04/08/2025,Techiman,Banana exotic,13.42,Wholesale
Bono East,Techiman Municipal,04/08/2025,Techiman,Banana local,10.87,Wholesale
Bono East,Techiman Municipal,04/08/2025,Techiman,Orange,3.91,Wholesale
Bono East,Techiman Municipal,04/08/2025,Techiman,Watermelon,3.44,Wholesale
Bono East,Techiman Municipal,04/08/2025,Techiman,Pineapple,8.42,Wholesale
Bono East,Techiman Municipal,04/08/2025,Techiman,Tomato local,9.33,Wholesale
Bono East,Techiman Municipal,04/08/2025,Techiman,Garden egg,14.77,Wholesale
Bono East,Techiman Municipal,04/08/2025,Techiman,Okro fresh,9.49,Wholesale
Bono East,Techiman Municipal,04/08/2025,Techiman,Onion,15.05,Wholesale
Bono East,Techiman Municipal,04/08/2025,Techiman,Dried pepper,112.62,Wholesale
Bono East,Techiman Municipal,04/08/2025,Techiman,Fresh pepper bonnet,10.06,Wholesale
Bono East,Techiman Municipal,04/08/2025,Techiman,Palm fruit,6.68,Wholesale
Bono East,Techiman Municipal,04/08/2025,Techiman,Groundnut red,18.91,Wholesale
Bono East,Techiman Municipal,04/08/2025,Techiman,Cowpea white,17.57,Wholesale
Bono East,Techiman Municipal,04/08/2025,Techiman,Soya bean,8.65,Wholesale
Bono East,Techiman Municipal,04/08/2025,Techiman,Melon seeds agushi,49.40,Wholesale
Bono East,Techiman Municipal,04/08/2025,Techiman,Melon seeds neri,17.04,Wholesale
Bono East,Techiman Municipal,04/08/2025,Techiman,Anchovy,71.86,Wholesale
Bono East,Techiman Municipal,04/08/2025,Techiman,Egg commercial,59.67,Wholesale
Bono East,Techiman Municipal,04/08/2025,Techiman,Chicken,42.67,Wholesale
Bono East,Techiman Municipal,04/08/2025,Techiman,Cabbage,8.61,Wholesale
Bono East,Techiman Municipal,04/08/2025,Techiman,Bambara bean,22.24,Wholesale
Bono East,Techiman Municipal,04/08/2025,Techiman,Fresh red fish,46.83,Wholesale
Bono East,Techiman Municipal,04/08/2025,Techiman,Fresh salmon mackerel fish,56.88,Wholesale
Bono East,Techiman Municipal,04/08/2025,Techiman,Fresh kpanla fish,41.04,Wholesale
Bono East,Techiman Municipal,04/08/2025,Techiman,Sorghum,8.64,Wholesale
Bono East,Techiman Municipal,04/08/2025,Techiman,Yam puna,10.53,Wholesale
Bono East,Techiman Municipal,04/08/2025,Techiman,Unshelled groundnut,10.01,Wholesale
Bono East,Techiman Municipal,04/08/2025,Techiman,Dried cassava chips kokonte,5.72,Wholesale
Eastern,New Juaben South Municipal,14/08/2025,Koforidua Central,White maize,5.56,Wholesale
Eastern,New Juaben South Municipal,14/08/2025,Koforidua Central,Gari,13.33,Wholesale
Eastern,New Juaben South Municipal,14/08/2025,Koforidua Central,Tomato local,11.76,Wholesale
Eastern,New Juaben South Municipal,14/08/2025,Koforidua Central,Garden egg,13.33,Wholesale
Eastern,New Juaben South Municipal,14/08/2025,Koforidua Central,Ginger,68.97,Wholesale
Eastern,New Juaben South Municipal,14/08/2025,Koforidua Central,Fresh pepper bonnet,17.65,Wholesale
Eastern,New Juaben South Municipal,14/08/2025,Koforidua Central,Beef,20.00,Wholesale
Eastern,New Juaben South Municipal,14/08/2025,Koforidua Central,Egg commercial,55.00,Wholesale
Eastern,New Juaben South Municipal,14/08/2025,Koforidua Central,Mutton sheep meat,21.67,Wholesale
Eastern,New Juaben South Municipal,14/08/2025,Koforidua Central,Chevon goat meat,22.50,Wholesale
Eastern,New Juaben South Municipal,14/08/2025,Koforidua Central,Cassava dough,4.48,Wholesale
Eastern,New Juaben South Municipal,14/08/2025,Koforidua Central,Yam puna,14.67,Wholesale
Bono,Sunyani Municipal,13/08/2025,Nana Bosomah,White maize,6.15,Wholesale
Bono,Sunyani Municipal,13/08/2025,Nana Bosomah,Maize yellow,6.15,Wholesale
Bono,Sunyani Municipal,13/08/2025,Nana Bosomah,Rice local perfumed,12.00,Wholesale
Bono,Sunyani Municipal,13/08/2025,Nana Bosomah,Rice local non perfumed,11.67,Wholesale
Bono,Sunyani Municipal,13/08/2025,Nana Bosomah,Rice imported perfumed,24.00,Wholesale
Bono,Sunyani Municipal,13/08/2025,Nana Bosomah,Rice imported non perfumed,12.50,Wholesale
Bono,Sunyani Municipal,13/08/2025,Nana Bosomah,Yam white,7.83,Wholesale
Bono,Sunyani Municipal,13/08/2025,Nana Bosomah,Cassava,1.75,Wholesale
Bono,Sunyani Municipal,13/08/2025,Nana Bosomah,Gari,10.00,Wholesale
Bono,Sunyani Municipal,13/08/2025,Nana Bosomah,Plantain apentu,16.24,Wholesale
Bono,Sunyani Municipal,13/08/2025,Nana Bosomah,Plantain apem,14.33,Wholesale
Bono,Sunyani Municipal,13/08/2025,Nana Bosomah,Banana exotic,10.51,Wholesale
Bono,Sunyani Municipal,13/08/2025,Nana Bosomah,Banana local,10.51,Wholesale
Bono,Sunyani Municipal,13/08/2025,Nana Bosomah,Ginger,43.48,Wholesale
Bono,Sunyani Municipal,13/08/2025,Nana Bosomah,Dried pepper,74.07,Wholesale
Bono,Sunyani Municipal,13/08/2025,Nana Bosomah,Fresh pepper bonnet,25.00,Wholesale
Bono,Sunyani Municipal,13/08/2025,Nana Bosomah,Palm oil,20.00,Wholesale
Bono,Sunyani Municipal,13/08/2025,Nana Bosomah,Fresh red fish,50.00,Wholesale
Bono,Sunyani Municipal,13/08/2025,Nana Bosomah,Fresh salmon mackerel fish,38.00,Wholesale
Bono,Sunyani Municipal,13/08/2025,Nana Bosomah,Fresh kpanla fish,38.00,Wholesale
Bono,Sunyani Municipal,13/08/2025,Nana Bosomah,Yam puna,7.83,Wholesale
Western North,Bibiani Anhwiaso Bekwai Municipal,14/08/2025,Bibiani ,White maize,11.31,Wholesale
Western North,Bibiani Anhwiaso Bekwai Municipal,14/08/2025,Bibiani ,Maize yellow,12.29,Wholesale
Western North,Bibiani Anhwiaso Bekwai Municipal,14/08/2025,Bibiani ,Millet,14.39,Wholesale
Western North,Bibiani Anhwiaso Bekwai Municipal,14/08/2025,Bibiani ,Rice local perfumed,15.36,Wholesale
Western North,Bibiani Anhwiaso Bekwai Municipal,14/08/2025,Bibiani ,Rice local non perfumed,12.98,Wholesale
Western North,Bibiani Anhwiaso Bekwai Municipal,14/08/2025,Bibiani ,Rice imported perfumed,16.08,Wholesale
Western North,Bibiani Anhwiaso Bekwai Municipal,14/08/2025,Bibiani ,Rice imported non perfumed,13.22,Wholesale
Western North,Bibiani Anhwiaso Bekwai Municipal,14/08/2025,Bibiani ,Yam white,14.48,Wholesale
Western North,Bibiani Anhwiaso Bekwai Municipal,14/08/2025,Bibiani ,Cocoyam,30.60,Wholesale
Western North,Bibiani Anhwiaso Bekwai Municipal,14/08/2025,Bibiani ,Gari,7.72,Wholesale
Western North,Bibiani Anhwiaso Bekwai Municipal,14/08/2025,Bibiani ,Dried cassava powder kokonte,9.42,Wholesale
Western North,Bibiani Anhwiaso Bekwai Municipal,14/08/2025,Bibiani ,Plantain apentu,19.88,Wholesale
Western North,Bibiani Anhwiaso Bekwai Municipal,14/08/2025,Bibiani ,Plantain apem,15.46,Wholesale
Western North,Bibiani Anhwiaso Bekwai Municipal,14/08/2025,Bibiani ,Banana local,9.87,Wholesale
Western North,Bibiani Anhwiaso Bekwai Municipal,14/08/2025,Bibiani ,Tomato local,14.76,Wholesale
Western North,Bibiani Anhwiaso Bekwai Municipal,14/08/2025,Bibiani ,Garden egg,21.64,Wholesale
Western North,Bibiani Anhwiaso Bekwai Municipal,14/08/2025,Bibiani ,Okro fresh,68.98,Wholesale
Western North,Bibiani Anhwiaso Bekwai Municipal,14/08/2025,Bibiani ,Onion,41.92,Wholesale
Western North,Bibiani Anhwiaso Bekwai Municipal,14/08/2025,Bibiani ,Ginger,110.56,Wholesale
Western North,Bibiani Anhwiaso Bekwai Municipal,14/08/2025,Bibiani ,Dried pepper,27.85,Wholesale
Western North,Bibiani Anhwiaso Bekwai Municipal,14/08/2025,Bibiani ,Fresh pepper,21.29,Wholesale
Western North,Bibiani Anhwiaso Bekwai Municipal,14/08/2025,Bibiani ,Fresh pepper bonnet,24.38,Wholesale
Western North,Bibiani Anhwiaso Bekwai Municipal,14/08/2025,Bibiani ,Palm fruit,16.21,Wholesale
Western North,Bibiani Anhwiaso Bekwai Municipal,14/08/2025,Bibiani ,Groundnut red,20.07,Wholesale
Western North,Bibiani Anhwiaso Bekwai Municipal,14/08/2025,Bibiani ,Cowpea white,18.11,Wholesale
Western North,Bibiani Anhwiaso Bekwai Municipal,14/08/2025,Bibiani ,Soya bean,22.24,Wholesale
Western North,Bibiani Anhwiaso Bekwai Municipal,14/08/2025,Bibiani ,Melon seeds agushi,62.56,Wholesale
Western North,Bibiani Anhwiaso Bekwai Municipal,14/08/2025,Bibiani ,Melon seeds agushi powder,101.39,Wholesale
Western North,Bibiani Anhwiaso Bekwai Municipal,14/08/2025,Bibiani ,Melon seeds neri,26.52,Wholesale
Western North,Bibiani Anhwiaso Bekwai Municipal,14/08/2025,Bibiani ,Melon seeds neri powder,32.27,Wholesale
Western North,Bibiani Anhwiaso Bekwai Municipal,14/08/2025,Bibiani ,Palm oil,34.44,Wholesale
Western North,Bibiani Anhwiaso Bekwai Municipal,14/08/2025,Bibiani ,Smoked herring,34.75,Wholesale
Western North,Bibiani Anhwiaso Bekwai Municipal,14/08/2025,Bibiani ,Chicken,20.02,Wholesale
Western North,Bibiani Anhwiaso Bekwai Municipal,14/08/2025,Bibiani ,Cassava dough,5.83,Wholesale
Western North,Bibiani Anhwiaso Bekwai Municipal,14/08/2025,Bibiani ,Fresh salmon mackerel fish,18.64,Wholesale
Western North,Bibiani Anhwiaso Bekwai Municipal,14/08/2025,Bibiani ,Fresh kpanla fish,15.92,Wholesale
Western North,Bibiani Anhwiaso Bekwai Municipal,14/08/2025,Bibiani ,Yam puna,15.25,Wholesale
Western North,Bibiani Anhwiaso Bekwai Municipal,14/08/2025,Bibiani ,Okro dried,140.83,Wholesale
Western North,Bibiani Anhwiaso Bekwai Municipal,14/08/2025,Bibiani ,Unshelled groundnut,43.99,Wholesale
Western North,Bibiani Anhwiaso Bekwai Municipal,14/08/2025,Bibiani ,Dried cassava chips kokonte,8.28,Wholesale
Ahafo,Asunafo North Municipal,14/08/2025,Goaso,White maize,8.09,Wholesale
Ahafo,Asunafo North Municipal,14/08/2025,Goaso,Maize yellow,8.17,Wholesale
Ahafo,Asunafo North Municipal,14/08/2025,Goaso,Cocoyam,25.22,Wholesale
Ahafo,Asunafo North Municipal,14/08/2025,Goaso,Dried cassava powder kokonte,14.54,Wholesale
Ahafo,Asunafo North Municipal,14/08/2025,Goaso,Plantain apentu,12.23,Wholesale
Ahafo,Asunafo North Municipal,14/08/2025,Goaso,Tomato local,8.84,Wholesale
Ahafo,Asunafo North Municipal,14/08/2025,Goaso,Okro fresh,12.30,Wholesale
Ahafo,Asunafo North Municipal,14/08/2025,Goaso,Ginger,33.09,Wholesale
Ahafo,Asunafo North Municipal,14/08/2025,Goaso,Cowpea white,14.69,Wholesale
Ahafo,Asunafo North Municipal,14/08/2025,Goaso,Egg commercial,53.33,Wholesale
Ahafo,Asunafo North Municipal,14/08/2025,Goaso,Yam puna,11.17,Wholesale
Ahafo,Asunafo North Municipal,14/08/2025,Goaso,Dried cassava chips kokonte,14.69,Wholesale
Savannah,Bole,17/05/2025,Bamboi,White maize,7.79,Wholesale
Savannah,Bole,17/05/2025,Bamboi,Maize yellow,6.47,Wholesale
Savannah,Bole,17/05/2025,Bamboi,Millet,17.50,Wholesale
Savannah,Bole,17/05/2025,Bamboi,Rice local perfumed,11.15,Wholesale
Savannah,Bole,17/05/2025,Bamboi,Rice local non perfumed,12.10,Wholesale
Savannah,Bole,17/05/2025,Bamboi,Rice imported perfumed,18.67,Wholesale
Savannah,Bole,17/05/2025,Bamboi,Rice imported non perfumed,16.17,Wholesale
Savannah,Bole,17/05/2025,Bamboi,Yam white,14.00,Wholesale
Savannah,Bole,17/05/2025,Bamboi,Gari,18.38,Wholesale
Savannah,Bole,17/05/2025,Bamboi,Tomato local,11.86,Wholesale
Savannah,Bole,17/05/2025,Bamboi,Garden egg,14.91,Wholesale
Savannah,Bole,17/05/2025,Bamboi,Okro fresh,13.51,Wholesale
Savannah,Bole,17/05/2025,Bamboi,Onion,15.11,Wholesale
Savannah,Bole,17/05/2025,Bamboi,Fresh pepper bonnet,14.06,Wholesale
Savannah,Bole,17/05/2025,Bamboi,Palm fruit,22.19,Wholesale
Savannah,Bole,17/05/2025,Bamboi,Groundnut red,25.00,Wholesale
Savannah,Bole,17/05/2025,Bamboi,Cowpea white,23.13,Wholesale
Savannah,Bole,17/05/2025,Bamboi,Soya bean,17.50,Wholesale
Savannah,Bole,17/05/2025,Bamboi,Melon seeds agushi,34.42,Wholesale
Savannah,Bole,17/05/2025,Bamboi,Melon seeds neri,68.19,Wholesale
Savannah,Bole,17/05/2025,Bamboi,Egg commercial,70.00,Wholesale
Savannah,Bole,17/05/2025,Bamboi,Bambara bean,25.00,Wholesale
Savannah,Bole,17/05/2025,Bamboi,Sorghum,12.50,Wholesale
Savannah,Bole,17/05/2025,Bamboi,Yam puna,18.00,Wholesale
Savannah,Bole,17/05/2025,Bamboi,Okro dried,32.26,Wholesale
Oti,Nkwanta South Municipal,14/08/2025,Nkwanta,White maize,6.87,Wholesale
Oti,Nkwanta South Municipal,14/08/2025,Nkwanta,Millet,10.33,Wholesale
Oti,Nkwanta South Municipal,14/08/2025,Nkwanta,Rice local perfumed,11.56,Wholesale
Oti,Nkwanta South Municipal,14/08/2025,Nkwanta,Rice local non perfumed,9.45,Wholesale
Oti,Nkwanta South Municipal,14/08/2025,Nkwanta,Rice imported perfumed,15.00,Wholesale
Oti,Nkwanta South Municipal,14/08/2025,Nkwanta,Rice imported non perfumed,11.33,Wholesale
Oti,Nkwanta South Municipal,14/08/2025,Nkwanta,Cocoyam,5.74,Wholesale
Oti,Nkwanta South Municipal,14/08/2025,Nkwanta,Cassava,4.17,Wholesale
Oti,Nkwanta South Municipal,14/08/2025,Nkwanta,Gari,8.46,Wholesale
Oti,Nkwanta South Municipal,14/08/2025,Nkwanta,Plantain apentu,4.00,Wholesale
Oti,Nkwanta South Municipal,14/08/2025,Nkwanta,Plantain apem,4.20,Wholesale
Oti,Nkwanta South Municipal,14/08/2025,Nkwanta,Banana exotic,6.39,Wholesale
Oti,Nkwanta South Municipal,14/08/2025,Nkwanta,Banana local,5.71,Wholesale
Oti,Nkwanta South Municipal,14/08/2025,Nkwanta,Tomato local,5.11,Wholesale
Oti,Nkwanta South Municipal,14/08/2025,Nkwanta,Garden egg,8.11,Wholesale
Oti,Nkwanta South Municipal,14/08/2025,Nkwanta,Okro fresh,15.56,Wholesale
Oti,Nkwanta South Municipal,14/08/2025,Nkwanta,Onion,24.24,Wholesale
Oti,Nkwanta South Municipal,14/08/2025,Nkwanta,Ginger,20.00,Wholesale
Oti,Nkwanta South Municipal,14/08/2025,Nkwanta,Dried pepper,80.00,Wholesale
Oti,Nkwanta South Municipal,14/08/2025,Nkwanta,Fresh pepper bonnet,9.93,Wholesale
Oti,Nkwanta South Municipal,14/08/2025,Nkwanta,Palm fruit,4.42,Wholesale
Oti,Nkwanta South Municipal,14/08/2025,Nkwanta,Cowpea white,15.38,Wholesale
Oti,Nkwanta South Municipal,14/08/2025,Nkwanta,Soya bean,8.33,Wholesale
Oti,Nkwanta South Municipal,14/08/2025,Nkwanta,Melon seeds agushi,40.00,Wholesale
Oti,Nkwanta South Municipal,14/08/2025,Nkwanta,Melon seeds neri,10.00,Wholesale
Oti,Nkwanta South Municipal,14/08/2025,Nkwanta,Egg commercial,65.00,Wholesale
Oti,Nkwanta South Municipal,14/08/2025,Nkwanta,Chicken,50.00,Wholesale
Oti,Nkwanta South Municipal,14/08/2025,Nkwanta,Bambara bean,12.00,Wholesale
Oti,Nkwanta South Municipal,14/08/2025,Nkwanta,Cassava dough,4.08,Wholesale
Oti,Nkwanta South Municipal,14/08/2025,Nkwanta,Fresh salmon mackerel fish,17.56,Wholesale
Oti,Nkwanta South Municipal,14/08/2025,Nkwanta,Fresh kpanla fish,12.78,Wholesale
Oti,Nkwanta South Municipal,14/08/2025,Nkwanta,Sorghum,8.85,Wholesale
Oti,Nkwanta South Municipal,14/08/2025,Nkwanta,Yam puna,11.15,Wholesale
Oti,Nkwanta South Municipal,14/08/2025,Nkwanta,Tomato navrongo,7.83,Wholesale
Oti,Nkwanta South Municipal,14/08/2025,Nkwanta,Okro dried,33.04,Wholesale
Oti,Nkwanta South Municipal,14/08/2025,Nkwanta,Dried cassava chips kokonte,8.86,Wholesale
Upper East,Bolgatangatanga Municipal,16/08/2025,Bolgatangatanga,White maize,4.63,Wholesale
Upper East,Bolgatangatanga Municipal,16/08/2025,Bolgatangatanga,Maize yellow,4.60,Wholesale
Upper East,Bolgatangatanga Municipal,16/08/2025,Bolgatangatanga,Millet,8.77,Wholesale
Upper East,Bolgatangatanga Municipal,16/08/2025,Bolgatangatanga,Rice local non perfumed,21.33,Wholesale
Upper East,Bolgatangatanga Municipal,16/08/2025,Bolgatangatanga,Rice imported perfumed,16.33,Wholesale
Upper East,Bolgatangatanga Municipal,16/08/2025,Bolgatangatanga,Rice imported non perfumed,14.33,Wholesale
Upper East,Bolgatangatanga Municipal,16/08/2025,Bolgatangatanga,Groundnut red,15.00,Wholesale
Upper East,Bolgatangatanga Municipal,16/08/2025,Bolgatangatanga,Cowpea white,8.60,Wholesale
Upper East,Bolgatangatanga Municipal,16/08/2025,Bolgatangatanga,Soya bean,5.21,Wholesale
Upper East,Bolgatangatanga Municipal,16/08/2025,Bolgatangatanga,Sorghum,40.31,Wholesale
Upper East,Bolgatangatanga Municipal,16/08/2025,Bolgatangatanga,Groundnut Oil,20.56,Wholesale
Upper West,Wa Municipal,17/08/2025,Wa ,White maize,6.00,Wholesale
Upper West,Wa Municipal,17/08/2025,Wa ,Maize yellow,6.00,Wholesale
Upper West,Wa Municipal,17/08/2025,Wa ,Millet,11.73,Wholesale
Upper West,Wa Municipal,17/08/2025,Wa ,Rice local perfumed,8.14,Wholesale
Upper West,Wa Municipal,17/08/2025,Wa ,Rice local non perfumed,6.98,Wholesale
Upper West,Wa Municipal,17/08/2025,Wa ,Rice imported perfumed,17.00,Wholesale
Upper West,Wa Municipal,17/08/2025,Wa ,Rice imported non perfumed,11.00,Wholesale
Upper West,Wa Municipal,17/08/2025,Wa ,Yam white,12.86,Wholesale
Upper West,Wa Municipal,17/08/2025,Wa ,Cowpea white,16.00,Wholesale
Upper West,Wa Municipal,17/08/2025,Wa ,Sorghum,9.00,Wholesale
Upper West,Wa Municipal,17/08/2025,Wa ,Yam puna,15.41,Wholesale
Greater Accra,Okaikoi South,16/06/2025,Agbogbloshie,White maize,9.00,Wholesale
Greater Accra,Okaikoi South,16/06/2025,Agbogbloshie,Maize yellow,9.33,Wholesale
Greater Accra,Okaikoi South,16/06/2025,Agbogbloshie,Millet,15.23,Wholesale
Greater Accra,Okaikoi South,16/06/2025,Agbogbloshie,Rice local perfumed,15.00,Wholesale
Greater Accra,Okaikoi South,16/06/2025,Agbogbloshie,Rice local non perfumed,14.80,Wholesale
Greater Accra,Okaikoi South,16/06/2025,Agbogbloshie,Rice imported perfumed,17.47,Wholesale
Greater Accra,Okaikoi South,16/06/2025,Agbogbloshie,Rice imported non perfumed,13.33,Wholesale
Greater Accra,Okaikoi South,16/06/2025,Agbogbloshie,Plantain apentu,26.08,Wholesale
Greater Accra,Okaikoi South,16/06/2025,Agbogbloshie,Tomato local,12.47,Wholesale
Greater Accra,Okaikoi South,16/06/2025,Agbogbloshie,Garden egg,25.52,Wholesale
Greater Accra,Okaikoi South,16/06/2025,Agbogbloshie,Okro fresh,26.52,Wholesale
Greater Accra,Okaikoi South,16/06/2025,Agbogbloshie,Onion,15.15,Wholesale
Greater Accra,Okaikoi South,16/06/2025,Agbogbloshie,Egg commercial,67.50,Wholesale
Greater Accra,Okaikoi South,16/06/2025,Agbogbloshie,Plantain riped,25.27,Wholesale
Greater Accra,Okaikoi South,16/06/2025,Agbogbloshie,Sorghum,4.13,Wholesale
Greater Accra,Okaikoi South,16/06/2025,Agbogbloshie,Tomato navrongo,13.62,Wholesale
Greater Accra,Okaikoi South,16/04/2025,Makola ,White maize,9.00,Wholesale
Greater Accra,Okaikoi South,16/04/2025,Makola ,Maize yellow,9.56,Wholesale
Greater Accra,Okaikoi South,16/04/2025,Makola ,Millet,13.97,Wholesale
Greater Accra,Okaikoi South,16/04/2025,Makola ,Rice local perfumed,16.00,Wholesale
Greater Accra,Okaikoi South,16/04/2025,Makola ,Rice local non perfumed,14.80,Wholesale
Greater Accra,Okaikoi South,16/04/2025,Makola ,Rice imported perfumed,18.00,Wholesale
Greater Accra,Okaikoi South,16/04/2025,Makola ,Rice imported non perfumed,14.67,Wholesale
Greater Accra,Okaikoi South,16/04/2025,Makola ,Plantain apentu,31.25,Wholesale
Greater Accra,Okaikoi South,16/04/2025,Makola ,Tomato local,13.33,Wholesale
Greater Accra,Okaikoi South,16/04/2025,Makola ,Garden egg,17.86,Wholesale
Greater Accra,Okaikoi South,16/04/2025,Makola ,Okro fresh,12.40,Wholesale
Greater Accra,Okaikoi South,16/04/2025,Makola ,Onion,15.04,Wholesale
Greater Accra,Okaikoi South,16/04/2025,Makola ,Ginger,80.00,Wholesale
Greater Accra,Okaikoi South,16/04/2025,Makola ,Dried pepper,120.00,Wholesale
Greater Accra,Okaikoi South,16/04/2025,Makola ,Fresh pepper,27.95,Wholesale
Greater Accra,Okaikoi South,16/04/2025,Makola ,Plantain riped,29.27,Wholesale
Greater Accra,Okaikoi South,16/04/2025,Makola ,Sorghum,4.37,Wholesale
Greater Accra,Okaikoi South,16/04/2025,Makola ,Tomato navrongo,15.73,Wholesale
Bono East,Kintampo North Municipal,16/08/2025,Kintampo,White maize,5.62,Wholesale
Bono East,Kintampo North Municipal,16/08/2025,Kintampo,Maize yellow,5.63,Wholesale
Bono East,Kintampo North Municipal,16/08/2025,Kintampo,Millet,7.39,Wholesale
Bono East,Kintampo North Municipal,16/08/2025,Kintampo,Rice local perfumed,11.36,Wholesale
Bono East,Kintampo North Municipal,16/08/2025,Kintampo,Rice imported perfumed,15.73,Wholesale
Bono East,Kintampo North Municipal,16/08/2025,Kintampo,Yam white,8.08,Wholesale
Bono East,Kintampo North Municipal,16/08/2025,Kintampo,Cassava,9.38,Wholesale
Bono East,Kintampo North Municipal,16/08/2025,Kintampo,Gari,8.27,Wholesale
Bono East,Kintampo North Municipal,16/08/2025,Kintampo,Tomato local,32.08,Wholesale
Bono East,Kintampo North Municipal,16/08/2025,Kintampo,Garden egg,16.25,Wholesale
Bono East,Kintampo North Municipal,16/08/2025,Kintampo,Okro fresh,35.91,Wholesale
Bono East,Kintampo North Municipal,16/08/2025,Kintampo,Onion,14.43,Wholesale
Bono East,Kintampo North Municipal,16/08/2025,Kintampo,Ginger,36.56,Wholesale
Bono East,Kintampo North Municipal,16/08/2025,Kintampo,Dried pepper,102.81,Wholesale
Bono East,Kintampo North Municipal,16/08/2025,Kintampo,Fresh pepper,17.97,Wholesale
Bono East,Kintampo North Municipal,16/08/2025,Kintampo,Cowpea white,11.41,Wholesale
Bono East,Kintampo North Municipal,16/08/2025,Kintampo,Palm oil,27.33,Wholesale
Bono East,Kintampo North Municipal,16/08/2025,Kintampo,Sorghum,8.25,Wholesale
Bono East,Kintampo North Municipal,16/08/2025,Kintampo,Yam puna,9.87,Wholesale
Bono East,Kintampo North Municipal,16/08/2025,Kintampo,Okro dried,66.71,Wholesale
Bono East,Kintampo North Municipal,16/08/2025,Kintampo,Dried cassava chips kokonte,11.35,Wholesale
Bono East,Techiman Municipal,14/08/2025,Techiman,White maize,6.28,Wholesale
Bono East,Techiman Municipal,14/08/2025,Techiman,Maize yellow,6.67,Wholesale
Bono East,Techiman Municipal,14/08/2025,Techiman,Millet,11.21,Wholesale
Bono East,Techiman Municipal,14/08/2025,Techiman,Rice local perfumed,10.87,Wholesale
Bono East,Techiman Municipal,14/08/2025,Techiman,Rice local non perfumed,10.50,Wholesale
Bono East,Techiman Municipal,14/08/2025,Techiman,Rice imported perfumed,18.12,Wholesale
Bono East,Techiman Municipal,14/08/2025,Techiman,Rice imported non perfumed,12.95,Wholesale
Bono East,Techiman Municipal,14/08/2025,Techiman,Cassava,1.79,Wholesale
Bono East,Techiman Municipal,14/08/2025,Techiman,Gari,10.78,Wholesale
Bono East,Techiman Municipal,14/08/2025,Techiman,Plantain apentu,12.94,Wholesale
Bono East,Techiman Municipal,14/08/2025,Techiman,Plantain apem,21.46,Wholesale
Bono East,Techiman Municipal,14/08/2025,Techiman,Orange,3.49,Wholesale
Bono East,Techiman Municipal,14/08/2025,Techiman,Watermelon,4.39,Wholesale
Bono East,Techiman Municipal,14/08/2025,Techiman,Pineapple,9.17,Wholesale
Bono East,Techiman Municipal,14/08/2025,Techiman,Mango exotic,5.98,Wholesale
Bono East,Techiman Municipal,14/08/2025,Techiman,Tomato local,10.34,Wholesale
Bono East,Techiman Municipal,14/08/2025,Techiman,Garden egg,14.00,Wholesale
Bono East,Techiman Municipal,14/08/2025,Techiman,Okro fresh,13.99,Wholesale
Bono East,Techiman Municipal,14/08/2025,Techiman,Onion,15.43,Wholesale
Bono East,Techiman Municipal,14/08/2025,Techiman,Ginger,36.52,Wholesale
Bono East,Techiman Municipal,14/08/2025,Techiman,Dried pepper,102.29,Wholesale
Bono East,Techiman Municipal,14/08/2025,Techiman,Fresh pepper bonnet,9.28,Wholesale
Bono East,Techiman Municipal,14/08/2025,Techiman,Tiger nut,22.92,Wholesale
Bono East,Techiman Municipal,14/08/2025,Techiman,Groundnut red,18.98,Wholesale
Bono East,Techiman Municipal,14/08/2025,Techiman,Cowpea white,16.45,Wholesale
Bono East,Techiman Municipal,14/08/2025,Techiman,Soya bean,8.37,Wholesale
Bono East,Techiman Municipal,14/08/2025,Techiman,Anchovy,63.89,Wholesale
Bono East,Techiman Municipal,14/08/2025,Techiman,Egg commercial,60.00,Wholesale
Bono East,Techiman Municipal,14/08/2025,Techiman,Chicken,35.33,Wholesale
Bono East,Techiman Municipal,14/08/2025,Techiman,Cabbage,8.58,Wholesale
Bono East,Techiman Municipal,14/08/2025,Techiman,Bambara bean,23.65,Wholesale
Bono East,Techiman Municipal,14/08/2025,Techiman,Cassava dough,4.39,Wholesale
Bono East,Techiman Municipal,14/08/2025,Techiman,Fresh red fish,55.89,Wholesale
Bono East,Techiman Municipal,14/08/2025,Techiman,Fresh salmon mackerel fish,61.67,Wholesale
Bono East,Techiman Municipal,14/08/2025,Techiman,Fresh kpanla fish,33.67,Wholesale
Bono East,Techiman Municipal,14/08/2025,Techiman,Sorghum,8.43,Wholesale
Bono East,Techiman Municipal,14/08/2025,Techiman,Yam puna,10.50,Wholesale
Bono East,Techiman Municipal,14/08/2025,Techiman,Unshelled groundnut,13.96,Wholesale
Bono East,Techiman Municipal,14/08/2025,Techiman,Dried cassava chips kokonte,5.54,Wholesale
Greater Accra,Tema East,15/08/2025,Tema Community One,White maize,14.00,Wholesale
Greater Accra,Tema East,15/08/2025,Tema Community One,Maize yellow,15.00,Wholesale
Greater Accra,Tema East,15/08/2025,Tema Community One,Millet,16.91,Wholesale
Greater Accra,Tema East,15/08/2025,Tema Community One,Rice local perfumed,26.52,Wholesale
Greater Accra,Tema East,15/08/2025,Tema Community One,Rice imported perfumed,27.55,Wholesale
Greater Accra,Tema East,15/08/2025,Tema Community One,Yam white,46.97,Wholesale
Greater Accra,Tema East,15/08/2025,Tema Community One,Gari,20.48,Wholesale
Greater Accra,Tema East,15/08/2025,Tema Community One,Dried cassava powder kokonte,28.18,Wholesale
Greater Accra,Tema East,15/08/2025,Tema Community One,Plantain apentu,49.88,Wholesale
Greater Accra,Tema East,15/08/2025,Tema Community One,Plantain apem,56.89,Wholesale
Greater Accra,Tema East,15/08/2025,Tema Community One,Orange,12.25,Wholesale
Greater Accra,Tema East,15/08/2025,Tema Community One,Pineapple,11.90,Wholesale
Greater Accra,Tema East,15/08/2025,Tema Community One,Mango exotic,21.74,Wholesale
Greater Accra,Tema East,15/08/2025,Tema Community One,Garden egg,33.38,Wholesale
Greater Accra,Tema East,15/08/2025,Tema Community One,Onion,28.16,Wholesale
Greater Accra,Tema East,15/08/2025,Tema Community One,Ginger,100.00,Wholesale
Greater Accra,Tema East,15/08/2025,Tema Community One,Dried pepper,68.26,Wholesale
Greater Accra,Tema East,15/08/2025,Tema Community One,Fresh pepper,54.44,Wholesale
Greater Accra,Tema East,15/08/2025,Tema Community One,Fresh pepper bonnet,57.51,Wholesale
Greater Accra,Tema East,15/08/2025,Tema Community One,Groundnut red,36.00,Wholesale
Greater Accra,Tema East,15/08/2025,Tema Community One,Cowpea white,18.75,Wholesale
Greater Accra,Tema East,15/08/2025,Tema Community One,Soya bean,16.00,Wholesale
Greater Accra,Tema East,15/08/2025,Tema Community One,Melon seeds agushi,136.36,Wholesale
Greater Accra,Tema East,15/08/2025,Tema Community One,Melon seeds agushi powder,60.00,Wholesale
Greater Accra,Tema East,15/08/2025,Tema Community One,Palm oil,51.56,Wholesale
Greater Accra,Tema East,15/08/2025,Tema Community One,Smoked herring,120.10,Wholesale
Greater Accra,Tema East,15/08/2025,Tema Community One,Egg commercial,70.00,Wholesale
Greater Accra,Tema East,15/08/2025,Tema Community One,Bambara bean,33.33,Wholesale
Greater Accra,Tema East,15/08/2025,Tema Community One,Sorghum,17.15,Wholesale
Greater Accra,Tema East,15/08/2025,Tema Community One,Yam puna,60.55,Wholesale
Greater Accra,Tema East,15/08/2025,Tema Community One,Tomato navrongo,23.08,Wholesale
Ahafo,Asunafo North Municipal,21/08/2025,Goaso,White maize,6.42,Wholesale
Ahafo,Asunafo North Municipal,21/08/2025,Goaso,Maize yellow,6.46,Wholesale
Ahafo,Asunafo North Municipal,21/08/2025,Goaso,Millet,16.02,Wholesale
Ahafo,Asunafo North Municipal,21/08/2025,Goaso,Rice local perfumed,14.44,Wholesale
Ahafo,Asunafo North Municipal,21/08/2025,Goaso,Cocoyam,25.17,Wholesale
Ahafo,Asunafo North Municipal,21/08/2025,Goaso,Gari,13.69,Wholesale
Ahafo,Asunafo North Municipal,21/08/2025,Goaso,Dried cassava powder kokonte,13.48,Wholesale
Ahafo,Asunafo North Municipal,21/08/2025,Goaso,Plantain apentu,12.06,Wholesale
Ahafo,Asunafo North Municipal,21/08/2025,Goaso,Tomato local,9.21,Wholesale
Ahafo,Asunafo North Municipal,21/08/2025,Goaso,Garden egg,9.53,Wholesale
Ahafo,Asunafo North Municipal,21/08/2025,Goaso,Okro fresh,16.03,Wholesale
Ahafo,Asunafo North Municipal,21/08/2025,Goaso,Ginger,30.64,Wholesale
Ahafo,Asunafo North Municipal,21/08/2025,Goaso,Fresh pepper bonnet,12.18,Wholesale
Ahafo,Asunafo North Municipal,21/08/2025,Goaso,Palm fruit,4.93,Wholesale
Ahafo,Asunafo North Municipal,21/08/2025,Goaso,Groundnut red,19.74,Wholesale
Ahafo,Asunafo North Municipal,21/08/2025,Goaso,Cowpea white,15.71,Wholesale
Ahafo,Asunafo North Municipal,21/08/2025,Goaso,Egg commercial,55.00,Wholesale
Ahafo,Asunafo North Municipal,21/08/2025,Goaso,Sorghum,15.01,Wholesale
Ahafo,Asunafo North Municipal,21/08/2025,Goaso,Yam puna,11.17,Wholesale
Ahafo,Asunafo North Municipal,21/08/2025,Goaso,Tomato navrongo,12.72,Wholesale
Ahafo,Asunafo North Municipal,21/08/2025,Goaso,Unshelled groundnut,13.72,Wholesale
Ahafo,Asunafo North Municipal,21/08/2025,Goaso,Dried cassava chips kokonte,13.71,Wholesale
Eastern,New Juaben South Municipal,22/08/2025,Koforidua Central,Gari,14.06,Wholesale
Eastern,New Juaben South Municipal,22/08/2025,Koforidua Central,Plantain apentu,12.50,Wholesale
Eastern,New Juaben South Municipal,22/08/2025,Koforidua Central,Pineapple,10.96,Wholesale
Eastern,New Juaben South Municipal,22/08/2025,Koforidua Central,Tomato local,14.71,Wholesale
Eastern,New Juaben South Municipal,22/08/2025,Koforidua Central,Garden egg,14.63,Wholesale
Eastern,New Juaben South Municipal,22/08/2025,Koforidua Central,Okro fresh,20.00,Wholesale
Eastern,New Juaben South Municipal,22/08/2025,Koforidua Central,Onion,18.60,Wholesale
Eastern,New Juaben South Municipal,22/08/2025,Koforidua Central,Ginger,68.97,Wholesale
Eastern,New Juaben South Municipal,22/08/2025,Koforidua Central,Fresh pepper bonnet,26.47,Wholesale
Eastern,New Juaben South Municipal,22/08/2025,Koforidua Central,Palm fruit,7.80,Wholesale
Eastern,New Juaben South Municipal,22/08/2025,Koforidua Central,Egg commercial,55.00,Wholesale
Eastern,New Juaben South Municipal,22/08/2025,Koforidua Central,Nkontomire,11.11,Wholesale
Eastern,New Juaben South Municipal,22/08/2025,Koforidua Central,Cabbage,5.22,Wholesale
Eastern,New Juaben South Municipal,22/08/2025,Koforidua Central,Yam puna,16.39,Wholesale
Oti,Nkwanta South Municipal,18/08/2025,Nkwanta,White maize,7.20,Wholesale
Oti,Nkwanta South Municipal,18/08/2025,Nkwanta,Millet,10.33,Wholesale
Oti,Nkwanta South Municipal,18/08/2025,Nkwanta,Rice local perfumed,11.67,Wholesale
Oti,Nkwanta South Municipal,18/08/2025,Nkwanta,Rice local non perfumed,9.45,Wholesale
Oti,Nkwanta South Municipal,18/08/2025,Nkwanta,Rice imported perfumed,15.00,Wholesale
Oti,Nkwanta South Municipal,18/08/2025,Nkwanta,Rice imported non perfumed,11.33,Wholesale
Oti,Nkwanta South Municipal,18/08/2025,Nkwanta,Cocoyam,5.37,Wholesale
Oti,Nkwanta South Municipal,18/08/2025,Nkwanta,Cassava,4.17,Wholesale
Oti,Nkwanta South Municipal,18/08/2025,Nkwanta,Gari,8.46,Wholesale
Oti,Nkwanta South Municipal,18/08/2025,Nkwanta,Plantain apentu,4.00,Wholesale
Oti,Nkwanta South Municipal,18/08/2025,Nkwanta,Plantain apem,4.20,Wholesale
Oti,Nkwanta South Municipal,18/08/2025,Nkwanta,Banana exotic,6.39,Wholesale
Oti,Nkwanta South Municipal,18/08/2025,Nkwanta,Banana local,5.71,Wholesale
Oti,Nkwanta South Municipal,18/08/2025,Nkwanta,Tomato local,5.11,Wholesale
Oti,Nkwanta South Municipal,18/08/2025,Nkwanta,Garden egg,8.11,Wholesale
Oti,Nkwanta South Municipal,18/08/2025,Nkwanta,Okro fresh,6.67,Wholesale
Oti,Nkwanta South Municipal,18/08/2025,Nkwanta,Onion,22.73,Wholesale
Oti,Nkwanta South Municipal,18/08/2025,Nkwanta,Ginger,20.00,Wholesale
Oti,Nkwanta South Municipal,18/08/2025,Nkwanta,Dried pepper,80.00,Wholesale
Oti,Nkwanta South Municipal,18/08/2025,Nkwanta,Fresh pepper bonnet,10.81,Wholesale
Oti,Nkwanta South Municipal,18/08/2025,Nkwanta,Palm fruit,4.42,Wholesale
Oti,Nkwanta South Municipal,18/08/2025,Nkwanta,Cowpea white,15.38,Wholesale
Oti,Nkwanta South Municipal,18/08/2025,Nkwanta,Soya bean,8.33,Wholesale
Oti,Nkwanta South Municipal,18/08/2025,Nkwanta,Melon seeds agushi,40.00,Wholesale
Oti,Nkwanta South Municipal,18/08/2025,Nkwanta,Melon seeds neri,10.00,Wholesale
Oti,Nkwanta South Municipal,18/08/2025,Nkwanta,Egg commercial,65.00,Wholesale
Oti,Nkwanta South Municipal,18/08/2025,Nkwanta,Chicken,50.00,Wholesale
Oti,Nkwanta South Municipal,18/08/2025,Nkwanta,Bambara bean,12.00,Wholesale
Oti,Nkwanta South Municipal,18/08/2025,Nkwanta,Cassava dough,4.08,Wholesale
Oti,Nkwanta South Municipal,18/08/2025,Nkwanta,Fresh salmon mackerel fish,17.56,Wholesale
Oti,Nkwanta South Municipal,18/08/2025,Nkwanta,Fresh kpanla fish,12.78,Wholesale
Oti,Nkwanta South Municipal,18/08/2025,Nkwanta,Sorghum,8.85,Wholesale
Oti,Nkwanta South Municipal,18/08/2025,Nkwanta,Yam puna,6.46,Wholesale
Oti,Nkwanta South Municipal,18/08/2025,Nkwanta,Tomato navrongo,10.83,Wholesale
Oti,Nkwanta South Municipal,18/08/2025,Nkwanta,Okro dried,33.04,Wholesale
Oti,Nkwanta South Municipal,18/08/2025,Nkwanta,Dried cassava chips kokonte,8.86,Wholesale
Western North,Bibiani Anhwiaso Bekwai Municipal,22/08/2025,Bibiani ,White maize,9.13,Wholesale
Western North,Bibiani Anhwiaso Bekwai Municipal,22/08/2025,Bibiani ,Maize yellow,10.41,Wholesale
Western North,Bibiani Anhwiaso Bekwai Municipal,22/08/2025,Bibiani ,Millet,16.26,Wholesale
Western North,Bibiani Anhwiaso Bekwai Municipal,22/08/2025,Bibiani ,Rice local perfumed,20.94,Wholesale
Western North,Bibiani Anhwiaso Bekwai Municipal,22/08/2025,Bibiani ,Rice local non perfumed,18.05,Wholesale
Western North,Bibiani Anhwiaso Bekwai Municipal,22/08/2025,Bibiani ,Rice imported perfumed,16.56,Wholesale
Western North,Bibiani Anhwiaso Bekwai Municipal,22/08/2025,Bibiani ,Rice imported non perfumed,15.23,Wholesale
Western North,Bibiani Anhwiaso Bekwai Municipal,22/08/2025,Bibiani ,Yam white,14.83,Wholesale
Western North,Bibiani Anhwiaso Bekwai Municipal,22/08/2025,Bibiani ,Cocoyam,42.00,Wholesale
Western North,Bibiani Anhwiaso Bekwai Municipal,22/08/2025,Bibiani ,Gari,12.38,Wholesale
Western North,Bibiani Anhwiaso Bekwai Municipal,22/08/2025,Bibiani ,Dried cassava powder kokonte,8.66,Wholesale
Western North,Bibiani Anhwiaso Bekwai Municipal,22/08/2025,Bibiani ,Plantain apentu,11.65,Wholesale
Western North,Bibiani Anhwiaso Bekwai Municipal,22/08/2025,Bibiani ,Plantain apem,12.04,Wholesale
Western North,Bibiani Anhwiaso Bekwai Municipal,22/08/2025,Bibiani ,Banana local,8.65,Wholesale
Western North,Bibiani Anhwiaso Bekwai Municipal,22/08/2025,Bibiani ,Orange,11.49,Wholesale
Western North,Bibiani Anhwiaso Bekwai Municipal,22/08/2025,Bibiani ,Tomato local,13.58,Wholesale
Western North,Bibiani Anhwiaso Bekwai Municipal,22/08/2025,Bibiani ,Garden egg,30.99,Wholesale
Western North,Bibiani Anhwiaso Bekwai Municipal,22/08/2025,Bibiani ,Okro fresh,101.75,Wholesale
Western North,Bibiani Anhwiaso Bekwai Municipal,22/08/2025,Bibiani ,Onion,26.41,Wholesale
Western North,Bibiani Anhwiaso Bekwai Municipal,22/08/2025,Bibiani ,Ginger,129.76,Wholesale
Western North,Bibiani Anhwiaso Bekwai Municipal,22/08/2025,Bibiani ,Dried pepper,22.20,Wholesale
Western North,Bibiani Anhwiaso Bekwai Municipal,22/08/2025,Bibiani ,Fresh pepper,56.69,Wholesale
Western North,Bibiani Anhwiaso Bekwai Municipal,22/08/2025,Bibiani ,Fresh pepper bonnet,85.46,Wholesale
Western North,Bibiani Anhwiaso Bekwai Municipal,22/08/2025,Bibiani ,Palm fruit,12.12,Wholesale
Western North,Bibiani Anhwiaso Bekwai Municipal,22/08/2025,Bibiani ,Groundnut red,21.64,Wholesale
Western North,Bibiani Anhwiaso Bekwai Municipal,22/08/2025,Bibiani ,Cowpea white,19.08,Wholesale
Western North,Bibiani Anhwiaso Bekwai Municipal,22/08/2025,Bibiani ,Soya bean,12.92,Wholesale
Western North,Bibiani Anhwiaso Bekwai Municipal,22/08/2025,Bibiani ,Melon seeds agushi,52.08,Wholesale
Western North,Bibiani Anhwiaso Bekwai Municipal,22/08/2025,Bibiani ,Melon seeds agushi powder,53.63,Wholesale
Western North,Bibiani Anhwiaso Bekwai Municipal,22/08/2025,Bibiani ,Melon seeds neri,17.99,Wholesale
Western North,Bibiani Anhwiaso Bekwai Municipal,22/08/2025,Bibiani ,Melon seeds neri powder,18.18,Wholesale
Western North,Bibiani Anhwiaso Bekwai Municipal,22/08/2025,Bibiani ,Palm oil,33.33,Wholesale
Western North,Bibiani Anhwiaso Bekwai Municipal,22/08/2025,Bibiani ,Smoked herring,36.98,Wholesale
Western North,Bibiani Anhwiaso Bekwai Municipal,22/08/2025,Bibiani ,Chicken,19.14,Wholesale
Western North,Bibiani Anhwiaso Bekwai Municipal,22/08/2025,Bibiani ,Cassava dough,7.62,Wholesale
Western North,Bibiani Anhwiaso Bekwai Municipal,22/08/2025,Bibiani ,Fresh salmon mackerel fish,20.68,Wholesale
Western North,Bibiani Anhwiaso Bekwai Municipal,22/08/2025,Bibiani ,Fresh kpanla fish,16.02,Wholesale
Western North,Bibiani Anhwiaso Bekwai Municipal,22/08/2025,Bibiani ,Yam puna,14.29,Wholesale
Western North,Bibiani Anhwiaso Bekwai Municipal,22/08/2025,Bibiani ,Tomato navrongo,35.72,Wholesale
Western North,Bibiani Anhwiaso Bekwai Municipal,22/08/2025,Bibiani ,Unshelled groundnut,32.92,Wholesale
Upper East,Bolgatangatanga Municipal,23/08/2025,Bolgatangatanga,White maize,4.50,Wholesale
Upper East,Bolgatangatanga Municipal,23/08/2025,Bolgatangatanga,Maize yellow,4.50,Wholesale
Upper East,Bolgatangatanga Municipal,23/08/2025,Bolgatangatanga,Millet,8.17,Wholesale
Upper East,Bolgatangatanga Municipal,23/08/2025,Bolgatangatanga,Rice imported perfumed,17.33,Wholesale
Upper East,Bolgatangatanga Municipal,23/08/2025,Bolgatangatanga,Rice imported non perfumed,15.33,Wholesale
Upper East,Bolgatangatanga Municipal,23/08/2025,Bolgatangatanga,Groundnut red,14.33,Wholesale
Upper East,Bolgatangatanga Municipal,23/08/2025,Bolgatangatanga,Cowpea white,9.43,Wholesale
Upper East,Bolgatangatanga Municipal,23/08/2025,Bolgatangatanga,Soya bean,6.39,Wholesale
Upper East,Bolgatangatanga Municipal,23/08/2025,Bolgatangatanga,Sorghum,5.83,Wholesale
Bono East,Techiman Municipal,21/08/2025,Techiman,White maize,6.15,Wholesale
Bono East,Techiman Municipal,21/08/2025,Techiman,Maize yellow,6.38,Wholesale
Bono East,Techiman Municipal,21/08/2025,Techiman,Millet,10.91,Wholesale
Bono East,Techiman Municipal,21/08/2025,Techiman,Rice local perfumed,12.67,Wholesale
Bono East,Techiman Municipal,21/08/2025,Techiman,Rice local non perfumed,10.01,Wholesale
Bono East,Techiman Municipal,21/08/2025,Techiman,Rice imported perfumed,19.85,Wholesale
Bono East,Techiman Municipal,21/08/2025,Techiman,Rice imported non perfumed,12.82,Wholesale
Bono East,Techiman Municipal,21/08/2025,Techiman,Yam white,7.05,Wholesale
Bono East,Techiman Municipal,21/08/2025,Techiman,Cassava,1.68,Wholesale
Bono East,Techiman Municipal,21/08/2025,Techiman,Gari,11.32,Wholesale
Bono East,Techiman Municipal,21/08/2025,Techiman,Plantain apentu,20.44,Wholesale
Bono East,Techiman Municipal,21/08/2025,Techiman,Plantain apem,21.33,Wholesale
Bono East,Techiman Municipal,21/08/2025,Techiman,Banana local,9.86,Wholesale
Bono East,Techiman Municipal,21/08/2025,Techiman,Orange,3.83,Wholesale
Bono East,Techiman Municipal,21/08/2025,Techiman,Watermelon,4.39,Wholesale
Bono East,Techiman Municipal,21/08/2025,Techiman,Tomato local,16.36,Wholesale
Bono East,Techiman Municipal,21/08/2025,Techiman,Garden egg,14.59,Wholesale
Bono East,Techiman Municipal,21/08/2025,Techiman,Okro fresh,16.85,Wholesale
Bono East,Techiman Municipal,21/08/2025,Techiman,Onion,15.02,Wholesale
Bono East,Techiman Municipal,21/08/2025,Techiman,Dried pepper,112.29,Wholesale
Bono East,Techiman Municipal,21/08/2025,Techiman,Fresh pepper bonnet,18.02,Wholesale
Bono East,Techiman Municipal,21/08/2025,Techiman,Palm fruit,7.49,Wholesale
Bono East,Techiman Municipal,21/08/2025,Techiman,Groundnut red,18.89,Wholesale
Bono East,Techiman Municipal,21/08/2025,Techiman,Cowpea white,17.32,Wholesale
Bono East,Techiman Municipal,21/08/2025,Techiman,Soya bean,8.40,Wholesale
Bono East,Techiman Municipal,21/08/2025,Techiman,Melon seeds agushi,43.03,Wholesale
Bono East,Techiman Municipal,21/08/2025,Techiman,Melon seeds neri,17.87,Wholesale
Bono East,Techiman Municipal,21/08/2025,Techiman,Palm oil,25.33,Wholesale
Bono East,Techiman Municipal,21/08/2025,Techiman,Anchovy,69.87,Wholesale
Bono East,Techiman Municipal,21/08/2025,Techiman,Egg commercial,59.33,Wholesale
Bono East,Techiman Municipal,21/08/2025,Techiman,Chicken,39.33,Wholesale
Bono East,Techiman Municipal,21/08/2025,Techiman,Cabbage,7.87,Wholesale
Bono East,Techiman Municipal,21/08/2025,Techiman,Bambara bean,22.66,Wholesale
Bono East,Techiman Municipal,21/08/2025,Techiman,Cassava dough,5.30,Wholesale
Bono East,Techiman Municipal,21/08/2025,Techiman,Fresh red fish,56.00,Wholesale
Bono East,Techiman Municipal,21/08/2025,Techiman,Fresh salmon mackerel fish,57.50,Wholesale
Bono East,Techiman Municipal,21/08/2025,Techiman,Fresh kpanla fish,40.67,Wholesale
Bono East,Techiman Municipal,21/08/2025,Techiman,Sorghum,8.42,Wholesale
Bono East,Techiman Municipal,21/08/2025,Techiman,Yam puna,10.93,Wholesale
Bono East,Techiman Municipal,21/08/2025,Techiman,Unshelled groundnut,16.39,Wholesale
Bono East,Techiman Municipal,21/08/2025,Techiman,Dried cassava chips kokonte,6.02,Wholesale
Savannah,Bole,17/08/2025,Bamboi,White maize,6.00,Wholesale
Savannah,Bole,17/08/2025,Bamboi,Maize yellow,6.17,Wholesale
Savannah,Bole,17/08/2025,Bamboi,Millet,14.41,Wholesale
Savannah,Bole,17/08/2025,Bamboi,Rice local perfumed,10.03,Wholesale
Savannah,Bole,17/08/2025,Bamboi,Rice local non perfumed,15.02,Wholesale
Savannah,Bole,17/08/2025,Bamboi,Rice imported perfumed,17.10,Wholesale
Savannah,Bole,17/08/2025,Bamboi,Rice imported non perfumed,14.03,Wholesale
Savannah,Bole,17/08/2025,Bamboi,Yam white,34.04,Wholesale
Savannah,Bole,17/08/2025,Bamboi,Gari,14.71,Wholesale
Savannah,Bole,17/08/2025,Bamboi,Garden egg,16.25,Wholesale
Savannah,Bole,17/08/2025,Bamboi,Okro fresh,14.63,Wholesale
Savannah,Bole,17/08/2025,Bamboi,Onion,15.15,Wholesale
Savannah,Bole,17/08/2025,Bamboi,Fresh pepper bonnet,17.55,Wholesale
Savannah,Bole,17/08/2025,Bamboi,Palm fruit,25.22,Wholesale
Savannah,Bole,17/08/2025,Bamboi,Groundnut red,22.50,Wholesale
Savannah,Bole,17/08/2025,Bamboi,Cowpea white,20.00,Wholesale
Savannah,Bole,17/08/2025,Bamboi,Soya bean,15.66,Wholesale
Savannah,Bole,17/08/2025,Bamboi,Melon seeds agushi,50.00,Wholesale
Savannah,Bole,17/08/2025,Bamboi,Melon seeds neri,40.00,Wholesale
Savannah,Bole,17/08/2025,Bamboi,Beef,80.00,Wholesale
Savannah,Bole,17/08/2025,Bamboi,Egg commercial,70.00,Wholesale
Savannah,Bole,17/08/2025,Bamboi,Bambara bean,25.00,Wholesale
Savannah,Bole,17/08/2025,Bamboi,Sorghum,16.99,Wholesale
Savannah,Bole,17/08/2025,Bamboi,Yam puna,32.22,Wholesale
Savannah,Bole,17/08/2025,Bamboi,Tomato navrongo,13.20,Wholesale
Greater Accra,Tema East,23/08/2025,Tema Community One,White maize,14.00,Wholesale
Greater Accra,Tema East,23/08/2025,Tema Community One,Maize yellow,15.00,Wholesale
Greater Accra,Tema East,23/08/2025,Tema Community One,Millet,16.91,Wholesale
Greater Accra,Tema East,23/08/2025,Tema Community One,Rice local perfumed,25.65,Wholesale
Greater Accra,Tema East,23/08/2025,Tema Community One,Rice imported perfumed,27.60,Wholesale
Greater Accra,Tema East,23/08/2025,Tema Community One,Yam white,36.81,Wholesale
Greater Accra,Tema East,23/08/2025,Tema Community One,Gari,20.48,Wholesale
Greater Accra,Tema East,23/08/2025,Tema Community One,Dried cassava powder kokonte,20.48,Wholesale
Greater Accra,Tema East,23/08/2025,Tema Community One,Plantain apentu,30.93,Wholesale
Greater Accra,Tema East,23/08/2025,Tema Community One,Plantain apem,52.29,Wholesale
Greater Accra,Tema East,23/08/2025,Tema Community One,Orange,12.37,Wholesale
Greater Accra,Tema East,23/08/2025,Tema Community One,Pineapple,11.11,Wholesale
Greater Accra,Tema East,23/08/2025,Tema Community One,Mango exotic,20.29,Wholesale
Greater Accra,Tema East,23/08/2025,Tema Community One,Garden egg,31.24,Wholesale
Greater Accra,Tema East,23/08/2025,Tema Community One,Onion,22.86,Wholesale
Greater Accra,Tema East,23/08/2025,Tema Community One,Ginger,100.00,Wholesale
Greater Accra,Tema East,23/08/2025,Tema Community One,Dried pepper,68.26,Wholesale
Greater Accra,Tema East,23/08/2025,Tema Community One,Fresh pepper,49.29,Wholesale
Greater Accra,Tema East,23/08/2025,Tema Community One,Fresh pepper bonnet,50.09,Wholesale
Greater Accra,Tema East,23/08/2025,Tema Community One,Groundnut red,34.00,Wholesale
Greater Accra,Tema East,23/08/2025,Tema Community One,Cowpea white,20.44,Wholesale
Greater Accra,Tema East,23/08/2025,Tema Community One,Soya bean,18.67,Wholesale
Greater Accra,Tema East,23/08/2025,Tema Community One,Melon seeds agushi,122.65,Wholesale
Greater Accra,Tema East,23/08/2025,Tema Community One,Melon seeds agushi powder,65.00,Wholesale
Greater Accra,Tema East,23/08/2025,Tema Community One,Palm oil,28.00,Wholesale
Greater Accra,Tema East,23/08/2025,Tema Community One,Smoked herring,132.97,Wholesale
Greater Accra,Tema East,23/08/2025,Tema Community One,Egg commercial,66.67,Wholesale
Greater Accra,Tema East,23/08/2025,Tema Community One,Bambara bean,33.33,Wholesale
Greater Accra,Tema East,23/08/2025,Tema Community One,Sorghum,16.67,Wholesale
Greater Accra,Tema East,23/08/2025,Tema Community One,Yam puna,49.35,Wholesale
Greater Accra,Tema East,23/08/2025,Tema Community One,Tomato navrongo,20.39,Wholesale
Bono,Sunyani Municipal,20/08/2025,Nana Bosomah,White maize,3.08,Wholesale
Bono,Sunyani Municipal,20/08/2025,Nana Bosomah,Maize yellow,3.08,Wholesale
Bono,Sunyani Municipal,20/08/2025,Nana Bosomah,Rice local perfumed,12.00,Wholesale
Bono,Sunyani Municipal,20/08/2025,Nana Bosomah,Rice local non perfumed,10.00,Wholesale
Bono,Sunyani Municipal,20/08/2025,Nana Bosomah,Rice imported perfumed,24.00,Wholesale
Bono,Sunyani Municipal,20/08/2025,Nana Bosomah,Rice imported non perfumed,11.11,Wholesale
Bono,Sunyani Municipal,20/08/2025,Nana Bosomah,Yam white,8.33,Wholesale
Bono,Sunyani Municipal,20/08/2025,Nana Bosomah,Cassava,2.00,Wholesale
Bono,Sunyani Municipal,20/08/2025,Nana Bosomah,Plantain apentu,18.00,Wholesale
Bono,Sunyani Municipal,20/08/2025,Nana Bosomah,Plantain apem,15.25,Wholesale
Bono,Sunyani Municipal,20/08/2025,Nana Bosomah,Banana exotic,12.00,Wholesale
Bono,Sunyani Municipal,20/08/2025,Nana Bosomah,Banana local,12.00,Wholesale
Bono,Sunyani Municipal,20/08/2025,Nana Bosomah,Dried pepper,74.07,Wholesale
Bono,Sunyani Municipal,20/08/2025,Nana Bosomah,Fresh pepper bonnet,22.73,Wholesale
Bono,Sunyani Municipal,20/08/2025,Nana Bosomah,Palm oil,20.00,Wholesale
Bono,Sunyani Municipal,20/08/2025,Nana Bosomah,Yam puna,7.83,Wholesale
Bono East,Kintampo North Municipal,25/08/2025,Kintampo,White maize,5.48,Wholesale
Bono East,Kintampo North Municipal,25/08/2025,Kintampo,Maize yellow,5.35,Wholesale
Bono East,Kintampo North Municipal,25/08/2025,Kintampo,Millet,6.87,Wholesale
Bono East,Kintampo North Municipal,25/08/2025,Kintampo,Rice local perfumed,10.24,Wholesale
Bono East,Kintampo North Municipal,25/08/2025,Kintampo,Rice imported perfumed,16.53,Wholesale
Bono East,Kintampo North Municipal,25/08/2025,Kintampo,Yam white,8.15,Wholesale
Bono East,Kintampo North Municipal,25/08/2025,Kintampo,Cassava,8.63,Wholesale
Bono East,Kintampo North Municipal,25/08/2025,Kintampo,Gari,8.15,Wholesale
Bono East,Kintampo North Municipal,25/08/2025,Kintampo,Plantain apentu,28.88,Wholesale
Bono East,Kintampo North Municipal,25/08/2025,Kintampo,Plantain apem,37.82,Wholesale
Bono East,Kintampo North Municipal,25/08/2025,Kintampo,Tomato local,31.72,Wholesale
Bono East,Kintampo North Municipal,25/08/2025,Kintampo,Garden egg,15.99,Wholesale
Bono East,Kintampo North Municipal,25/08/2025,Kintampo,Okro fresh,35.24,Wholesale
Bono East,Kintampo North Municipal,25/08/2025,Kintampo,Onion,15.84,Wholesale
Bono East,Kintampo North Municipal,25/08/2025,Kintampo,Ginger,34.53,Wholesale
Bono East,Kintampo North Municipal,25/08/2025,Kintampo,Dried pepper,111.51,Wholesale
Bono East,Kintampo North Municipal,25/08/2025,Kintampo,Fresh pepper,23.32,Wholesale
Bono East,Kintampo North Municipal,25/08/2025,Kintampo,Cowpea white,11.43,Wholesale
Bono East,Kintampo North Municipal,25/08/2025,Kintampo,Palm oil,28.33,Wholesale
Bono East,Kintampo North Municipal,25/08/2025,Kintampo,Sorghum,7.80,Wholesale
Bono East,Kintampo North Municipal,25/08/2025,Kintampo,Yam puna,9.84,Wholesale
Bono East,Kintampo North Municipal,25/08/2025,Kintampo,Okro dried,58.77,Wholesale
Bono East,Kintampo North Municipal,25/08/2025,Kintampo,Dried cassava chips kokonte,11.41,Wholesale
Eastern,New Juaben South Municipal,27/08/2025,Koforidua Central,Plantain apentu,22.53,Wholesale
Eastern,New Juaben South Municipal,27/08/2025,Koforidua Central,Orange,4.50,Wholesale
Eastern,New Juaben South Municipal,27/08/2025,Koforidua Central,Tomato local,8.82,Wholesale
Eastern,New Juaben South Municipal,27/08/2025,Koforidua Central,Garden egg,13.33,Wholesale
Eastern,New Juaben South Municipal,27/08/2025,Koforidua Central,Okro fresh,20.00,Wholesale
Eastern,New Juaben South Municipal,27/08/2025,Koforidua Central,Onion,20.00,Wholesale
Eastern,New Juaben South Municipal,27/08/2025,Koforidua Central,Ginger,68.97,Wholesale
Eastern,New Juaben South Municipal,27/08/2025,Koforidua Central,Fresh pepper bonnet,20.59,Wholesale
Eastern,New Juaben South Municipal,27/08/2025,Koforidua Central,Palm fruit,12.00,Wholesale
Eastern,New Juaben South Municipal,27/08/2025,Koforidua Central,Egg commercial,55.00,Wholesale
Eastern,New Juaben South Municipal,27/08/2025,Koforidua Central,Nkontomire,7.69,Wholesale
Eastern,New Juaben South Municipal,27/08/2025,Koforidua Central,Yam puna,14.29,Wholesale
Ahafo,Asunafo North Municipal,29/08/2025,Goaso,White maize,7.38,Wholesale
Ahafo,Asunafo North Municipal,29/08/2025,Goaso,Maize yellow,7.37,Wholesale
Ahafo,Asunafo North Municipal,29/08/2025,Goaso,Millet,15.53,Wholesale
Ahafo,Asunafo North Municipal,29/08/2025,Goaso,Rice local perfumed,13.80,Wholesale
Ahafo,Asunafo North Municipal,29/08/2025,Goaso,Cocoyam,22.49,Wholesale
Ahafo,Asunafo North Municipal,29/08/2025,Goaso,Gari,14.53,Wholesale
Ahafo,Asunafo North Municipal,29/08/2025,Goaso,Dried cassava powder kokonte,12.25,Wholesale
Ahafo,Asunafo North Municipal,29/08/2025,Goaso,Plantain apentu,13.35,Wholesale
Ahafo,Asunafo North Municipal,29/08/2025,Goaso,Tomato local,8.84,Wholesale
Ahafo,Asunafo North Municipal,29/08/2025,Goaso,Garden egg,10.93,Wholesale
Ahafo,Asunafo North Municipal,29/08/2025,Goaso,Okro fresh,20.35,Wholesale
Ahafo,Asunafo North Municipal,29/08/2025,Goaso,Ginger,32.87,Wholesale
Ahafo,Asunafo North Municipal,29/08/2025,Goaso,Fresh pepper bonnet,11.70,Wholesale
Ahafo,Asunafo North Municipal,29/08/2025,Goaso,Groundnut red,20.28,Wholesale
Ahafo,Asunafo North Municipal,29/08/2025,Goaso,Cowpea white,15.91,Wholesale
Ahafo,Asunafo North Municipal,29/08/2025,Goaso,Egg commercial,50.00,Wholesale
Ahafo,Asunafo North Municipal,29/08/2025,Goaso,Sorghum,13.87,Wholesale
Ahafo,Asunafo North Municipal,29/08/2025,Goaso,Yam puna,10.85,Wholesale
Ahafo,Asunafo North Municipal,29/08/2025,Goaso,Tomato navrongo,12.11,Wholesale
Ahafo,Asunafo North Municipal,29/08/2025,Goaso,Unshelled groundnut,15.02,Wholesale
Ahafo,Asunafo North Municipal,29/08/2025,Goaso,Dried cassava chips kokonte,11.98,Wholesale
Oti,Nkwanta South Municipal,24/08/2025,Nkwanta ,White maize,7.20,Wholesale
Oti,Nkwanta South Municipal,24/08/2025,Nkwanta ,Millet,10.33,Wholesale
Oti,Nkwanta South Municipal,24/08/2025,Nkwanta ,Rice local perfumed,11.67,Wholesale
Oti,Nkwanta South Municipal,24/08/2025,Nkwanta ,Rice local non perfumed,9.45,Wholesale
Oti,Nkwanta South Municipal,24/08/2025,Nkwanta ,Rice imported perfumed,15.00,Wholesale
Oti,Nkwanta South Municipal,24/08/2025,Nkwanta ,Rice imported non perfumed,11.33,Wholesale
Oti,Nkwanta South Municipal,24/08/2025,Nkwanta ,Cocoyam,5.37,Wholesale
Oti,Nkwanta South Municipal,24/08/2025,Nkwanta ,Cassava,4.17,Wholesale
Oti,Nkwanta South Municipal,24/08/2025,Nkwanta ,Gari,8.57,Wholesale
Oti,Nkwanta South Municipal,24/08/2025,Nkwanta ,Plantain apentu,5.00,Wholesale
Oti,Nkwanta South Municipal,24/08/2025,Nkwanta ,Plantain apem,5.47,Wholesale
Oti,Nkwanta South Municipal,24/08/2025,Nkwanta ,Banana exotic,5.00,Wholesale
Oti,Nkwanta South Municipal,24/08/2025,Nkwanta ,Banana local,5.00,Wholesale
Oti,Nkwanta South Municipal,24/08/2025,Nkwanta ,Tomato local,5.11,Wholesale
Oti,Nkwanta South Municipal,24/08/2025,Nkwanta ,Garden egg,11.90,Wholesale
Oti,Nkwanta South Municipal,24/08/2025,Nkwanta ,Okro fresh,6.67,Wholesale
Oti,Nkwanta South Municipal,24/08/2025,Nkwanta ,Onion,20.83,Wholesale
Oti,Nkwanta South Municipal,24/08/2025,Nkwanta ,Ginger,20.00,Wholesale
Oti,Nkwanta South Municipal,24/08/2025,Nkwanta ,Dried pepper,70.00,Wholesale
Oti,Nkwanta South Municipal,24/08/2025,Nkwanta ,Fresh pepper bonnet,13.51,Wholesale
Oti,Nkwanta South Municipal,24/08/2025,Nkwanta ,Palm fruit,5.36,Wholesale
Oti,Nkwanta South Municipal,24/08/2025,Nkwanta ,Cowpea white,15.38,Wholesale
Oti,Nkwanta South Municipal,24/08/2025,Nkwanta ,Soya bean,8.33,Wholesale
Oti,Nkwanta South Municipal,24/08/2025,Nkwanta ,Melon seeds agushi,40.00,Wholesale
Oti,Nkwanta South Municipal,24/08/2025,Nkwanta ,Melon seeds neri,10.00,Wholesale
Oti,Nkwanta South Municipal,24/08/2025,Nkwanta ,Egg commercial,65.00,Wholesale
Oti,Nkwanta South Municipal,24/08/2025,Nkwanta ,Chicken,50.00,Wholesale
Oti,Nkwanta South Municipal,24/08/2025,Nkwanta ,Bambara bean,12.00,Wholesale
Oti,Nkwanta South Municipal,24/08/2025,Nkwanta ,Cassava dough,4.08,Wholesale
Oti,Nkwanta South Municipal,24/08/2025,Nkwanta ,Fresh salmon mackerel fish,17.56,Wholesale
Oti,Nkwanta South Municipal,24/08/2025,Nkwanta ,Fresh kpanla fish,12.78,Wholesale
Oti,Nkwanta South Municipal,24/08/2025,Nkwanta ,Sorghum,8.85,Wholesale
Oti,Nkwanta South Municipal,24/08/2025,Nkwanta ,Yam puna,6.46,Wholesale
Oti,Nkwanta South Municipal,24/08/2025,Nkwanta ,Tomato navrongo,10.83,Wholesale
Oti,Nkwanta South Municipal,24/08/2025,Nkwanta ,Okro dried,33.04,Wholesale
Western North,Bibiani Anhwiaso Bekwai Municipal,29/08/2025,Bibiani ,White maize,9.29,Wholesale
Western North,Bibiani Anhwiaso Bekwai Municipal,29/08/2025,Bibiani ,Maize yellow,9.75,Wholesale
Western North,Bibiani Anhwiaso Bekwai Municipal,29/08/2025,Bibiani ,Millet,14.62,Wholesale
Western North,Bibiani Anhwiaso Bekwai Municipal,29/08/2025,Bibiani ,Rice local perfumed,18.21,Wholesale
Western North,Bibiani Anhwiaso Bekwai Municipal,29/08/2025,Bibiani ,Rice local non perfumed,15.55,Wholesale
Western North,Bibiani Anhwiaso Bekwai Municipal,29/08/2025,Bibiani ,Rice imported perfumed,16.56,Wholesale
Western North,Bibiani Anhwiaso Bekwai Municipal,29/08/2025,Bibiani ,Yam white,15.11,Wholesale
Western North,Bibiani Anhwiaso Bekwai Municipal,29/08/2025,Bibiani ,Cocoyam,28.21,Wholesale
Western North,Bibiani Anhwiaso Bekwai Municipal,29/08/2025,Bibiani ,Gari,18.03,Wholesale
Western North,Bibiani Anhwiaso Bekwai Municipal,29/08/2025,Bibiani ,Dried cassava powder kokonte,12.95,Wholesale
Western North,Bibiani Anhwiaso Bekwai Municipal,29/08/2025,Bibiani ,Plantain apentu,19.10,Wholesale
Western North,Bibiani Anhwiaso Bekwai Municipal,29/08/2025,Bibiani ,Plantain apem,15.38,Wholesale
Western North,Bibiani Anhwiaso Bekwai Municipal,29/08/2025,Bibiani ,Banana local,9.75,Wholesale
Western North,Bibiani Anhwiaso Bekwai Municipal,29/08/2025,Bibiani ,Orange,7.31,Wholesale
Western North,Bibiani Anhwiaso Bekwai Municipal,29/08/2025,Bibiani ,Tomato local,32.20,Wholesale
Western North,Bibiani Anhwiaso Bekwai Municipal,29/08/2025,Bibiani ,Garden egg,31.68,Wholesale
Western North,Bibiani Anhwiaso Bekwai Municipal,29/08/2025,Bibiani ,Okro fresh,84.34,Wholesale
Western North,Bibiani Anhwiaso Bekwai Municipal,29/08/2025,Bibiani ,Onion,52.30,Wholesale
Western North,Bibiani Anhwiaso Bekwai Municipal,29/08/2025,Bibiani ,Ginger,83.55,Wholesale
Western North,Bibiani Anhwiaso Bekwai Municipal,29/08/2025,Bibiani ,Dried pepper,40.26,Wholesale
Western North,Bibiani Anhwiaso Bekwai Municipal,29/08/2025,Bibiani ,Fresh pepper bonnet,76.22,Wholesale
Western North,Bibiani Anhwiaso Bekwai Municipal,29/08/2025,Bibiani ,Palm fruit,17.35,Wholesale
Western North,Bibiani Anhwiaso Bekwai Municipal,29/08/2025,Bibiani ,Groundnut red,21.81,Wholesale
Western North,Bibiani Anhwiaso Bekwai Municipal,29/08/2025,Bibiani ,Cowpea white,19.37,Wholesale
Western North,Bibiani Anhwiaso Bekwai Municipal,29/08/2025,Bibiani ,Soya bean,15.52,Wholesale
Western North,Bibiani Anhwiaso Bekwai Municipal,29/08/2025,Bibiani ,Melon seeds agushi,50.00,Wholesale
Western North,Bibiani Anhwiaso Bekwai Municipal,29/08/2025,Bibiani ,Melon seeds agushi powder,52.81,Wholesale
Western North,Bibiani Anhwiaso Bekwai Municipal,29/08/2025,Bibiani ,Melon seeds neri,24.51,Wholesale
Western North,Bibiani Anhwiaso Bekwai Municipal,29/08/2025,Bibiani ,Melon seeds neri powder,18.13,Wholesale
Western North,Bibiani Anhwiaso Bekwai Municipal,29/08/2025,Bibiani ,Palm oil,36.94,Wholesale
Western North,Bibiani Anhwiaso Bekwai Municipal,29/08/2025,Bibiani ,Chicken,20.02,Wholesale
Western North,Bibiani Anhwiaso Bekwai Municipal,29/08/2025,Bibiani ,Cassava dough,8.33,Wholesale
Western North,Bibiani Anhwiaso Bekwai Municipal,29/08/2025,Bibiani ,Fresh kpanla fish,35.17,Wholesale
Western North,Bibiani Anhwiaso Bekwai Municipal,29/08/2025,Bibiani ,Yam puna,9.14,Wholesale
Western North,Bibiani Anhwiaso Bekwai Municipal,29/08/2025,Bibiani ,Tomato navrongo,37.76,Wholesale
Western North,Bibiani Anhwiaso Bekwai Municipal,29/08/2025,Bibiani ,Unshelled groundnut,29.59,Wholesale
Western North,Bibiani Anhwiaso Bekwai Municipal,29/08/2025,Bibiani ,Dried cassava chips kokonte,9.48,Wholesale
Bono,Sunyani Municipal,29/08/2025,Nana Bosomah,White maize,3.08,Wholesale
Bono,Sunyani Municipal,29/08/2025,Nana Bosomah,Maize yellow,3.08,Wholesale
Bono,Sunyani Municipal,29/08/2025,Nana Bosomah,Rice local perfumed,12.00,Wholesale
Bono,Sunyani Municipal,29/08/2025,Nana Bosomah,Rice local non perfumed,10.00,Wholesale
Bono,Sunyani Municipal,29/08/2025,Nana Bosomah,Rice imported perfumed,24.00,Wholesale
Bono,Sunyani Municipal,29/08/2025,Nana Bosomah,Rice imported non perfumed,11.11,Wholesale
Bono,Sunyani Municipal,29/08/2025,Nana Bosomah,Yam white,8.08,Wholesale
Bono,Sunyani Municipal,29/08/2025,Nana Bosomah,Cassava,2.00,Wholesale
Bono,Sunyani Municipal,29/08/2025,Nana Bosomah,Plantain apentu,17.98,Wholesale
Bono,Sunyani Municipal,29/08/2025,Nana Bosomah,Plantain apem,15.11,Wholesale
Bono,Sunyani Municipal,29/08/2025,Nana Bosomah,Banana exotic,10.45,Wholesale
Bono,Sunyani Municipal,29/08/2025,Nana Bosomah,Banana local,10.45,Wholesale
Bono,Sunyani Municipal,29/08/2025,Nana Bosomah,Tomato local,7.94,Wholesale
Bono,Sunyani Municipal,29/08/2025,Nana Bosomah,Dried pepper,74.07,Wholesale
Bono,Sunyani Municipal,29/08/2025,Nana Bosomah,Fresh pepper bonnet,22.73,Wholesale
Bono,Sunyani Municipal,29/08/2025,Nana Bosomah,Yam puna,8.08,Wholesale
Bono,Sunyani Municipal,29/08/2025,Nana Bosomah,Tomato navrongo,14.70,Wholesale
Bono East,Techiman Municipal,27/08/2025,Techiman,White maize,4.43,Wholesale
Bono East,Techiman Municipal,27/08/2025,Techiman,Maize yellow,6.54,Wholesale
Bono East,Techiman Municipal,27/08/2025,Techiman,Millet,11.06,Wholesale
Bono East,Techiman Municipal,27/08/2025,Techiman,Rice local perfumed,12.78,Wholesale
Bono East,Techiman Municipal,27/08/2025,Techiman,Rice local non perfumed,10.36,Wholesale
Bono East,Techiman Municipal,27/08/2025,Techiman,Rice imported perfumed,16.48,Wholesale
Bono East,Techiman Municipal,27/08/2025,Techiman,Rice imported non perfumed,12.44,Wholesale
Bono East,Techiman Municipal,27/08/2025,Techiman,Yam white,7.08,Wholesale
Bono East,Techiman Municipal,27/08/2025,Techiman,Cassava,1.79,Wholesale
Bono East,Techiman Municipal,27/08/2025,Techiman,Gari,10.83,Wholesale
Bono East,Techiman Municipal,27/08/2025,Techiman,Plantain apentu,16.14,Wholesale
Bono East,Techiman Municipal,27/08/2025,Techiman,Plantain apem,19.62,Wholesale
Bono East,Techiman Municipal,27/08/2025,Techiman,Orange,3.79,Wholesale
Bono East,Techiman Municipal,27/08/2025,Techiman,Tomato local,16.10,Wholesale
Bono East,Techiman Municipal,27/08/2025,Techiman,Garden egg,19.30,Wholesale
Bono East,Techiman Municipal,27/08/2025,Techiman,Okro fresh,18.59,Wholesale
Bono East,Techiman Municipal,27/08/2025,Techiman,Onion,14.95,Wholesale
Bono East,Techiman Municipal,27/08/2025,Techiman,Dried pepper,100.38,Wholesale
Bono East,Techiman Municipal,27/08/2025,Techiman,Fresh pepper bonnet,20.67,Wholesale
Bono East,Techiman Municipal,27/08/2025,Techiman,Palm fruit,8.32,Wholesale
Bono East,Techiman Municipal,27/08/2025,Techiman,Groundnut red,17.55,Wholesale
Bono East,Techiman Municipal,27/08/2025,Techiman,Cowpea white,17.24,Wholesale
Bono East,Techiman Municipal,27/08/2025,Techiman,Soya bean,8.40,Wholesale
Bono East,Techiman Municipal,27/08/2025,Techiman,Melon seeds agushi,45.27,Wholesale
Bono East,Techiman Municipal,27/08/2025,Techiman,Melon seeds neri,15.18,Wholesale
Bono East,Techiman Municipal,27/08/2025,Techiman,Palm oil,24.67,Wholesale
Bono East,Techiman Municipal,27/08/2025,Techiman,Egg commercial,61.33,Wholesale
Bono East,Techiman Municipal,27/08/2025,Techiman,Chicken,38.50,Wholesale
Bono East,Techiman Municipal,27/08/2025,Techiman,Cabbage,6.14,Wholesale
Bono East,Techiman Municipal,27/08/2025,Techiman,Bambara bean,22.38,Wholesale
Bono East,Techiman Municipal,27/08/2025,Techiman,Cassava dough,5.00,Wholesale
Bono East,Techiman Municipal,27/08/2025,Techiman,Fresh red fish,55.33,Wholesale
Bono East,Techiman Municipal,27/08/2025,Techiman,Fresh salmon mackerel fish,59.17,Wholesale
Bono East,Techiman Municipal,27/08/2025,Techiman,Fresh kpanla fish,37.95,Wholesale
Bono East,Techiman Municipal,27/08/2025,Techiman,Sorghum,8.40,Wholesale
Bono East,Techiman Municipal,27/08/2025,Techiman,Yam puna,10.22,Wholesale
Bono East,Techiman Municipal,27/08/2025,Techiman,Unshelled groundnut,15.63,Wholesale
Bono East,Techiman Municipal,27/08/2025,Techiman,Dried cassava chips kokonte,5.76,Wholesale
Bono East,Kintampo North Municipal,31/08/2025,Kintampo,White maize,4.18,Wholesale
Bono East,Kintampo North Municipal,31/08/2025,Kintampo,Maize yellow,3.47,Wholesale
Bono East,Kintampo North Municipal,31/08/2025,Kintampo,Millet,7.65,Wholesale
Bono East,Kintampo North Municipal,31/08/2025,Kintampo,Rice local perfumed,11.44,Wholesale
Bono East,Kintampo North Municipal,31/08/2025,Kintampo,Rice imported perfumed,15.27,Wholesale
Bono East,Kintampo North Municipal,31/08/2025,Kintampo,Yam white,8.47,Wholesale
Bono East,Kintampo North Municipal,31/08/2025,Kintampo,Cassava,8.96,Wholesale
Bono East,Kintampo North Municipal,31/08/2025,Kintampo,Gari,10.00,Wholesale
Bono East,Kintampo North Municipal,31/08/2025,Kintampo,Tomato local,15.14,Wholesale
Bono East,Kintampo North Municipal,31/08/2025,Kintampo,Garden egg,17.88,Wholesale
Bono East,Kintampo North Municipal,31/08/2025,Kintampo,Okro fresh,34.76,Wholesale
Bono East,Kintampo North Municipal,31/08/2025,Kintampo,Onion,13.81,Wholesale
Bono East,Kintampo North Municipal,31/08/2025,Kintampo,Ginger,38.40,Wholesale
Bono East,Kintampo North Municipal,31/08/2025,Kintampo,Dried pepper,90.30,Wholesale
Bono East,Kintampo North Municipal,31/08/2025,Kintampo,Fresh pepper,39.97,Wholesale
Bono East,Kintampo North Municipal,31/08/2025,Kintampo,Cowpea white,11.47,Wholesale
Bono East,Kintampo North Municipal,31/08/2025,Kintampo,Palm oil,26.18,Wholesale
Bono East,Kintampo North Municipal,31/08/2025,Kintampo,Sorghum,7.55,Wholesale
Bono East,Kintampo North Municipal,31/08/2025,Kintampo,Yam puna,10.40,Wholesale
Bono East,Kintampo North Municipal,31/08/2025,Kintampo,Okro dried,50.00,Wholesale
Bono East,Kintampo North Municipal,31/08/2025,Kintampo,Dried cassava chips kokonte,9.40,Wholesale
Upper West,Wa Municipal,26/08/2025,Wa ,White maize,4.00,Wholesale
Upper West,Wa Municipal,26/08/2025,Wa ,Maize yellow,4.00,Wholesale
Upper West,Wa Municipal,26/08/2025,Wa ,Millet,14.00,Wholesale
Upper West,Wa Municipal,26/08/2025,Wa ,Yam white,10.48,Wholesale
Upper West,Wa Municipal,26/08/2025,Wa ,Sorghum,5.60,Wholesale
Upper West,Wa Municipal,26/08/2025,Wa ,Yam puna,22.85,Wholesale
Greater Accra,Tema East,01/09/2025,Tema Community One,White maize,14.00,Wholesale
Greater Accra,Tema East,01/09/2025,Tema Community One,Maize yellow,14.67,Wholesale
Greater Accra,Tema East,01/09/2025,Tema Community One,Millet,17.39,Wholesale
Greater Accra,Tema East,01/09/2025,Tema Community One,Rice local perfumed,25.07,Wholesale
Greater Accra,Tema East,01/09/2025,Tema Community One,Rice imported perfumed,27.53,Wholesale
Greater Accra,Tema East,01/09/2025,Tema Community One,Gari,20.95,Wholesale
Greater Accra,Tema East,01/09/2025,Tema Community One,Dried cassava powder kokonte,27.27,Wholesale
Greater Accra,Tema East,01/09/2025,Tema Community One,Plantain apentu,32.14,Wholesale
Greater Accra,Tema East,01/09/2025,Tema Community One,Plantain apem,52.56,Wholesale
Greater Accra,Tema East,01/09/2025,Tema Community One,Orange,9.09,Wholesale
Greater Accra,Tema East,01/09/2025,Tema Community One,Pineapple,11.90,Wholesale
Greater Accra,Tema East,01/09/2025,Tema Community One,Mango exotic,21.74,Wholesale
Greater Accra,Tema East,01/09/2025,Tema Community One,Tomato local,8.04,Wholesale
Greater Accra,Tema East,01/09/2025,Tema Community One,Garden egg,31.82,Wholesale
Greater Accra,Tema East,01/09/2025,Tema Community One,Onion,23.08,Wholesale
Greater Accra,Tema East,01/09/2025,Tema Community One,Ginger,100.00,Wholesale
Greater Accra,Tema East,01/09/2025,Tema Community One,Dried pepper,57.78,Wholesale
Greater Accra,Tema East,01/09/2025,Tema Community One,Fresh pepper,41.06,Wholesale
Greater Accra,Tema East,01/09/2025,Tema Community One,Fresh pepper bonnet,56.37,Wholesale
Greater Accra,Tema East,01/09/2025,Tema Community One,Groundnut red,34.00,Wholesale
Greater Accra,Tema East,01/09/2025,Tema Community One,Cowpea white,18.75,Wholesale
Greater Accra,Tema East,01/09/2025,Tema Community One,Soya bean,20.00,Wholesale
Greater Accra,Tema East,01/09/2025,Tema Community One,Melon seeds agushi,75.76,Wholesale
Greater Accra,Tema East,01/09/2025,Tema Community One,Melon seeds agushi powder,55.00,Wholesale
Greater Accra,Tema East,01/09/2025,Tema Community One,Palm oil,50.78,Wholesale
Greater Accra,Tema East,01/09/2025,Tema Community One,Smoked herring,90.08,Wholesale
Greater Accra,Tema East,01/09/2025,Tema Community One,Egg commercial,70.00,Wholesale
Greater Accra,Tema East,01/09/2025,Tema Community One,Bambara bean,33.95,Wholesale
Greater Accra,Tema East,01/09/2025,Tema Community One,Sorghum,17.39,Wholesale
Greater Accra,Tema East,01/09/2025,Tema Community One,Yam puna,29.61,Wholesale
Greater Accra,Tema East,01/09/2025,Tema Community One,Tomato navrongo,17.65,Wholesale
Eastern,New Juaben South Municipal,04/09/2025,Koforidua Central,Gari,10.94,Wholesale
Eastern,New Juaben South Municipal,04/09/2025,Koforidua Central,Plantain apentu,25.00,Wholesale
Eastern,New Juaben South Municipal,04/09/2025,Koforidua Central,Orange,5.00,Wholesale
Eastern,New Juaben South Municipal,04/09/2025,Koforidua Central,Tomato local,11.76,Wholesale
Eastern,New Juaben South Municipal,04/09/2025,Koforidua Central,Garden egg,13.33,Wholesale
Eastern,New Juaben South Municipal,04/09/2025,Koforidua Central,Okro fresh,20.00,Wholesale
Eastern,New Juaben South Municipal,04/09/2025,Koforidua Central,Onion,19.17,Wholesale
Eastern,New Juaben South Municipal,04/09/2025,Koforidua Central,Ginger,68.97,Wholesale
Eastern,New Juaben South Municipal,04/09/2025,Koforidua Central,Fresh pepper bonnet,11.76,Wholesale
Eastern,New Juaben South Municipal,04/09/2025,Koforidua Central,Palm fruit,9.11,Wholesale
Eastern,New Juaben South Municipal,04/09/2025,Koforidua Central,Egg commercial,55.00,Wholesale
Eastern,New Juaben South Municipal,04/09/2025,Koforidua Central,Nkontomire,7.64,Wholesale
Eastern,New Juaben South Municipal,04/09/2025,Koforidua Central,Yam puna,10.00,Wholesale
Western North,Bibiani Anhwiaso Bekwai Municipal,05/09/2025,Bibiani ,White maize,7.51,Wholesale
Western North,Bibiani Anhwiaso Bekwai Municipal,05/09/2025,Bibiani ,Maize yellow,8.06,Wholesale
Western North,Bibiani Anhwiaso Bekwai Municipal,05/09/2025,Bibiani ,Millet,16.02,Wholesale
Western North,Bibiani Anhwiaso Bekwai Municipal,05/09/2025,Bibiani ,Rice local perfumed,16.45,Wholesale
Western North,Bibiani Anhwiaso Bekwai Municipal,05/09/2025,Bibiani ,Rice local non perfumed,15.18,Wholesale
Western North,Bibiani Anhwiaso Bekwai Municipal,05/09/2025,Bibiani ,Rice imported perfumed,18.19,Wholesale
Western North,Bibiani Anhwiaso Bekwai Municipal,05/09/2025,Bibiani ,Rice imported non perfumed,15.42,Wholesale
Western North,Bibiani Anhwiaso Bekwai Municipal,05/09/2025,Bibiani ,Yam white,5.33,Wholesale
Western North,Bibiani Anhwiaso Bekwai Municipal,05/09/2025,Bibiani ,Cocoyam,18.45,Wholesale
Western North,Bibiani Anhwiaso Bekwai Municipal,05/09/2025,Bibiani ,Gari,10.47,Wholesale
Western North,Bibiani Anhwiaso Bekwai Municipal,05/09/2025,Bibiani ,Dried cassava powder kokonte,8.31,Wholesale
Western North,Bibiani Anhwiaso Bekwai Municipal,05/09/2025,Bibiani ,Plantain apentu,12.78,Wholesale
Western North,Bibiani Anhwiaso Bekwai Municipal,05/09/2025,Bibiani ,Plantain apem,13.42,Wholesale
Western North,Bibiani Anhwiaso Bekwai Municipal,05/09/2025,Bibiani ,Banana local,6.31,Wholesale
Western North,Bibiani Anhwiaso Bekwai Municipal,05/09/2025,Bibiani ,Orange,5.46,Wholesale
Western North,Bibiani Anhwiaso Bekwai Municipal,05/09/2025,Bibiani ,Tomato local,11.20,Wholesale
Western North,Bibiani Anhwiaso Bekwai Municipal,05/09/2025,Bibiani ,Garden egg,23.18,Wholesale
Western North,Bibiani Anhwiaso Bekwai Municipal,05/09/2025,Bibiani ,Okro fresh,38.18,Wholesale
Western North,Bibiani Anhwiaso Bekwai Municipal,05/09/2025,Bibiani ,Onion,31.47,Wholesale
Western North,Bibiani Anhwiaso Bekwai Municipal,05/09/2025,Bibiani ,Ginger,85.41,Wholesale
Western North,Bibiani Anhwiaso Bekwai Municipal,05/09/2025,Bibiani ,Dried pepper,21.78,Wholesale
Western North,Bibiani Anhwiaso Bekwai Municipal,05/09/2025,Bibiani ,Fresh pepper,36.06,Wholesale
Western North,Bibiani Anhwiaso Bekwai Municipal,05/09/2025,Bibiani ,Fresh pepper bonnet,50.07,Wholesale
Western North,Bibiani Anhwiaso Bekwai Municipal,05/09/2025,Bibiani ,Palm fruit,14.52,Wholesale
Western North,Bibiani Anhwiaso Bekwai Municipal,05/09/2025,Bibiani ,Groundnut red,22.17,Wholesale
Western North,Bibiani Anhwiaso Bekwai Municipal,05/09/2025,Bibiani ,Cowpea white,21.44,Wholesale
Western North,Bibiani Anhwiaso Bekwai Municipal,05/09/2025,Bibiani ,Soya bean,16.63,Wholesale
Western North,Bibiani Anhwiaso Bekwai Municipal,05/09/2025,Bibiani ,Palm oil,33.33,Wholesale
Western North,Bibiani Anhwiaso Bekwai Municipal,05/09/2025,Bibiani ,Egg commercial,65.00,Wholesale
Western North,Bibiani Anhwiaso Bekwai Municipal,05/09/2025,Bibiani ,Chicken,22.25,Wholesale
Western North,Bibiani Anhwiaso Bekwai Municipal,05/09/2025,Bibiani ,Nkontomire,10.54,Wholesale
Western North,Bibiani Anhwiaso Bekwai Municipal,05/09/2025,Bibiani ,Cabbage,23.25,Wholesale
Western North,Bibiani Anhwiaso Bekwai Municipal,05/09/2025,Bibiani ,Tomato navrongo,32.24,Wholesale
Western North,Bibiani Anhwiaso Bekwai Municipal,05/09/2025,Bibiani ,Unshelled groundnut,27.48,Wholesale
Ahafo,Asunafo North Municipal,03/06/2025,Goaso,White maize,12.02,Wholesale
Ahafo,Asunafo North Municipal,03/06/2025,Goaso,Maize yellow,12.35,Wholesale
Ahafo,Asunafo North Municipal,03/06/2025,Goaso,Millet,17.15,Wholesale
Ahafo,Asunafo North Municipal,03/06/2025,Goaso,Rice local perfumed,19.74,Wholesale
Ahafo,Asunafo North Municipal,03/06/2025,Goaso,Dried cassava powder kokonte,13.26,Wholesale
Ahafo,Asunafo North Municipal,03/06/2025,Goaso,Plantain apentu,19.66,Wholesale
Ahafo,Asunafo North Municipal,03/06/2025,Goaso,Tomato local,21.03,Wholesale
Ahafo,Asunafo North Municipal,03/06/2025,Goaso,Onion,16.76,Wholesale
Ahafo,Asunafo North Municipal,03/06/2025,Goaso,Cowpea white,19.74,Wholesale
Ahafo,Asunafo North Municipal,03/06/2025,Goaso,Palm oil,20.00,Wholesale
Ahafo,Asunafo North Municipal,03/06/2025,Goaso,Egg commercial,55.00,Wholesale
Ahafo,Asunafo North Municipal,03/06/2025,Goaso,Sorghum,16.67,Wholesale
Ahafo,Asunafo North Municipal,03/06/2025,Goaso,Yam puna,16.01,Wholesale
Ahafo,Asunafo North Municipal,03/06/2025,Goaso,Dried cassava chips kokonte,14.32,Wholesale
Bono,Sunyani Municipal,05/09/2025,Nana Bosomah,White maize,3.75,Wholesale
Bono,Sunyani Municipal,05/09/2025,Nana Bosomah,Maize yellow,3.75,Wholesale
Bono,Sunyani Municipal,05/09/2025,Nana Bosomah,Rice local perfumed,12.00,Wholesale
Bono,Sunyani Municipal,05/09/2025,Nana Bosomah,Rice local non perfumed,10.00,Wholesale
Bono,Sunyani Municipal,05/09/2025,Nana Bosomah,Rice imported perfumed,14.00,Wholesale
Bono,Sunyani Municipal,05/09/2025,Nana Bosomah,Rice imported non perfumed,12.00,Wholesale
Bono,Sunyani Municipal,05/09/2025,Nana Bosomah,Yam white,4.78,Wholesale
Bono,Sunyani Municipal,05/09/2025,Nana Bosomah,Cassava,2.00,Wholesale
Bono,Sunyani Municipal,05/09/2025,Nana Bosomah,Plantain apentu,18.42,Wholesale
Bono,Sunyani Municipal,05/09/2025,Nana Bosomah,Plantain apem,15.56,Wholesale
Bono,Sunyani Municipal,05/09/2025,Nana Bosomah,Banana exotic,11.84,Wholesale
Bono,Sunyani Municipal,05/09/2025,Nana Bosomah,Banana local,11.84,Wholesale
Bono,Sunyani Municipal,05/09/2025,Nana Bosomah,Tomato local,7.98,Wholesale
Bono,Sunyani Municipal,05/09/2025,Nana Bosomah,Dried pepper,74.07,Wholesale
Bono,Sunyani Municipal,05/09/2025,Nana Bosomah,Yam puna,8.08,Wholesale
Bono,Sunyani Municipal,05/09/2025,Nana Bosomah,Tomato navrongo,21.22,Wholesale
Upper East,Bolgatangatanga Municipal,30/08/2025,Bolgatanga,White maize,4.50,Wholesale
Upper East,Bolgatangatanga Municipal,30/08/2025,Bolgatanga,Maize yellow,4.50,Wholesale
Upper East,Bolgatangatanga Municipal,07/09/2025,Bolgatanga,White maize,4.50,Wholesale
Upper East,Bolgatangatanga Municipal,07/09/2025,Bolgatanga,Maize yellow,4.50,Wholesale
Upper East,Bolgatangatanga Municipal,07/09/2025,Bolgatanga,Millet,8.87,Wholesale
Upper East,Bolgatangatanga Municipal,07/09/2025,Bolgatanga,Groundnut red,14.00,Wholesale
Upper East,Bolgatangatanga Municipal,07/09/2025,Bolgatanga,Cowpea white,9.00,Wholesale
Upper East,Bolgatangatanga Municipal,07/09/2025,Bolgatanga,Soya bean,5.47,Wholesale
Upper East,Bolgatangatanga Municipal,07/09/2025,Bolgatanga,Beef,80.00,Wholesale
Upper East,Bolgatangatanga Municipal,07/09/2025,Bolgatanga,Mutton sheep meat,100.00,Wholesale
Upper East,Bolgatangatanga Municipal,07/09/2025,Bolgatanga,Chevon goat meat,100.00,Wholesale
Upper East,Bolgatangatanga Municipal,07/09/2025,Bolgatanga,Sorghum,5.00,Wholesale
Upper East,Bolgatangatanga Municipal,07/09/2025,Bolgatanga,Groundnut Oil,18.80,Wholesale
Bono East,Techiman Municipal,04/09/2025,Techiman,White maize,5.04,Wholesale
Bono East,Techiman Municipal,04/09/2025,Techiman,Maize yellow,5.56,Wholesale
Bono East,Techiman Municipal,04/09/2025,Techiman,Millet,10.71,Wholesale
Bono East,Techiman Municipal,04/09/2025,Techiman,Rice local perfumed,11.33,Wholesale
Bono East,Techiman Municipal,04/09/2025,Techiman,Rice local non perfumed,9.77,Wholesale
Bono East,Techiman Municipal,04/09/2025,Techiman,Rice imported perfumed,19.14,Wholesale
Bono East,Techiman Municipal,04/09/2025,Techiman,Rice imported non perfumed,12.64,Wholesale
Bono East,Techiman Municipal,04/09/2025,Techiman,Yam white,6.99,Wholesale
Bono East,Techiman Municipal,04/09/2025,Techiman,Cassava,1.88,Wholesale
Bono East,Techiman Municipal,04/09/2025,Techiman,Gari,11.33,Wholesale
Bono East,Techiman Municipal,04/09/2025,Techiman,Plantain apentu,14.15,Wholesale
Bono East,Techiman Municipal,04/09/2025,Techiman,Plantain apem,14.64,Wholesale
Bono East,Techiman Municipal,04/09/2025,Techiman,Banana exotic,12.63,Wholesale
Bono East,Techiman Municipal,04/09/2025,Techiman,Banana local,12.42,Wholesale
Bono East,Techiman Municipal,04/09/2025,Techiman,Orange,4.11,Wholesale
Bono East,Techiman Municipal,04/09/2025,Techiman,Watermelon,5.07,Wholesale
Bono East,Techiman Municipal,04/09/2025,Techiman,Pineapple,9.14,Wholesale
Bono East,Techiman Municipal,04/09/2025,Techiman,Mango exotic,11.18,Wholesale
Bono East,Techiman Municipal,04/09/2025,Techiman,Garden egg,15.97,Wholesale
Bono East,Techiman Municipal,04/09/2025,Techiman,Okro fresh,14.98,Wholesale
Bono East,Techiman Municipal,04/09/2025,Techiman,Onion,15.11,Wholesale
Bono East,Techiman Municipal,04/09/2025,Techiman,Ginger,20.88,Wholesale
Bono East,Techiman Municipal,04/09/2025,Techiman,Dried pepper,113.72,Wholesale
Bono East,Techiman Municipal,04/09/2025,Techiman,Fresh pepper bonnet,21.05,Wholesale
Bono East,Techiman Municipal,04/09/2025,Techiman,Palm fruit,8.19,Wholesale
Bono East,Techiman Municipal,04/09/2025,Techiman,Groundnut red,17.40,Wholesale
Bono East,Techiman Municipal,04/09/2025,Techiman,Cowpea white,16.18,Wholesale
Bono East,Techiman Municipal,04/09/2025,Techiman,Soya bean,8.03,Wholesale
Bono East,Techiman Municipal,04/09/2025,Techiman,Melon seeds agushi,43.89,Wholesale
Bono East,Techiman Municipal,04/09/2025,Techiman,Melon seeds neri,13.44,Wholesale
Bono East,Techiman Municipal,04/09/2025,Techiman,Palm oil,26.33,Wholesale
Bono East,Techiman Municipal,04/09/2025,Techiman,Egg commercial,60.67,Wholesale
Bono East,Techiman Municipal,04/09/2025,Techiman,Chicken,39.33,Wholesale
Bono East,Techiman Municipal,04/09/2025,Techiman,Cabbage,7.67,Wholesale
Bono East,Techiman Municipal,04/09/2025,Techiman,Bambara bean,21.81,Wholesale
Bono East,Techiman Municipal,04/09/2025,Techiman,Cassava dough,5.64,Wholesale
Bono East,Techiman Municipal,04/09/2025,Techiman,Fresh red fish,55.33,Wholesale
Bono East,Techiman Municipal,04/09/2025,Techiman,Fresh salmon mackerel fish,60.33,Wholesale
Bono East,Techiman Municipal,04/09/2025,Techiman,Fresh kpanla fish,37.22,Wholesale
Bono East,Techiman Municipal,04/09/2025,Techiman,Sorghum,8.40,Wholesale
Bono East,Techiman Municipal,04/09/2025,Techiman,Yam puna,9.23,Wholesale
Bono East,Techiman Municipal,04/09/2025,Techiman,Tomato navrongo,16.81,Wholesale
Bono East,Techiman Municipal,04/09/2025,Techiman,Dried cassava chips kokonte,5.95,Wholesale
Ahafo,Asunafo North Municipal,08/09/2025,Goaso,White maize,5.12,Wholesale
Ahafo,Asunafo North Municipal,08/09/2025,Goaso,Maize yellow,5.18,Wholesale
Ahafo,Asunafo North Municipal,08/09/2025,Goaso,Millet,14.19,Wholesale
Ahafo,Asunafo North Municipal,08/09/2025,Goaso,Rice local perfumed,15.06,Wholesale
Ahafo,Asunafo North Municipal,08/09/2025,Goaso,Cocoyam,24.71,Wholesale
Ahafo,Asunafo North Municipal,08/09/2025,Goaso,Gari,10.91,Wholesale
Ahafo,Asunafo North Municipal,08/09/2025,Goaso,Dried cassava powder kokonte,9.17,Wholesale
Ahafo,Asunafo North Municipal,08/09/2025,Goaso,Plantain apentu,8.03,Wholesale
Ahafo,Asunafo North Municipal,08/09/2025,Goaso,Tomato local,10.87,Wholesale
Ahafo,Asunafo North Municipal,08/09/2025,Goaso,Garden egg,16.17,Wholesale
Ahafo,Asunafo North Municipal,08/09/2025,Goaso,Okro fresh,31.00,Wholesale
Ahafo,Asunafo North Municipal,08/09/2025,Goaso,Ginger,30.64,Wholesale
Ahafo,Asunafo North Municipal,08/09/2025,Goaso,Fresh pepper bonnet,19.82,Wholesale
Ahafo,Asunafo North Municipal,08/09/2025,Goaso,Groundnut red,18.94,Wholesale
Ahafo,Asunafo North Municipal,08/09/2025,Goaso,Cowpea white,15.83,Wholesale
Ahafo,Asunafo North Municipal,08/09/2025,Goaso,Egg commercial,50.00,Wholesale
Ahafo,Asunafo North Municipal,08/09/2025,Goaso,Sorghum,12.33,Wholesale
Ahafo,Asunafo North Municipal,08/09/2025,Goaso,Yam puna,11.73,Wholesale
Ahafo,Asunafo North Municipal,08/09/2025,Goaso,Tomato navrongo,12.14,Wholesale
Ahafo,Asunafo North Municipal,08/09/2025,Goaso,Unshelled groundnut,26.83,Wholesale
Ahafo,Asunafo North Municipal,08/09/2025,Goaso,Dried cassava chips kokonte,9.70,Wholesale
Bono East,Kintampo North Municipal,07/09/2025,Kintampo,White maize,3.42,Wholesale
Bono East,Kintampo North Municipal,07/09/2025,Kintampo,Maize yellow,3.34,Wholesale
Bono East,Kintampo North Municipal,07/09/2025,Kintampo,Millet,7.76,Wholesale
Bono East,Kintampo North Municipal,07/09/2025,Kintampo,Rice local perfumed,11.58,Wholesale
Bono East,Kintampo North Municipal,07/09/2025,Kintampo,Rice imported perfumed,14.93,Wholesale
Bono East,Kintampo North Municipal,07/09/2025,Kintampo,Cassava,9.57,Wholesale
Bono East,Kintampo North Municipal,07/09/2025,Kintampo,Gari,10.45,Wholesale
Bono East,Kintampo North Municipal,07/09/2025,Kintampo,Plantain apentu,33.27,Wholesale
Bono East,Kintampo North Municipal,07/09/2025,Kintampo,Plantain apem,49.85,Wholesale
Bono East,Kintampo North Municipal,07/09/2025,Kintampo,Tomato local,16.09,Wholesale
Bono East,Kintampo North Municipal,07/09/2025,Kintampo,Garden egg,18.38,Wholesale
Bono East,Kintampo North Municipal,07/09/2025,Kintampo,Okro fresh,35.11,Wholesale
Bono East,Kintampo North Municipal,07/09/2025,Kintampo,Onion,14.37,Wholesale
Bono East,Kintampo North Municipal,07/09/2025,Kintampo,Ginger,37.36,Wholesale
Bono East,Kintampo North Municipal,07/09/2025,Kintampo,Dried pepper,90.30,Wholesale
Bono East,Kintampo North Municipal,07/09/2025,Kintampo,Fresh pepper,39.74,Wholesale
Bono East,Kintampo North Municipal,07/09/2025,Kintampo,Cowpea white,11.23,Wholesale
Bono East,Kintampo North Municipal,07/09/2025,Kintampo,Palm oil,30.33,Wholesale
Bono East,Kintampo North Municipal,07/09/2025,Kintampo,Sorghum,7.46,Wholesale
Bono East,Kintampo North Municipal,07/09/2025,Kintampo,Yam puna,10.61,Wholesale
Bono East,Kintampo North Municipal,07/09/2025,Kintampo,Okro dried,48.55,Wholesale
Bono East,Kintampo North Municipal,07/09/2025,Kintampo,Dried cassava chips kokonte,9.96,Wholesale
Upper West,Wa Municipal,10/09/2025,Wa ,White maize,10.40,Wholesale
Upper West,Wa Municipal,10/09/2025,Wa ,Maize yellow,10.40,Wholesale
Upper West,Wa Municipal,10/09/2025,Wa ,Millet,24.00,Wholesale
Upper West,Wa Municipal,10/09/2025,Wa ,Rice imported non perfumed,9.60,Wholesale
Upper West,Wa Municipal,10/09/2025,Wa ,Yam white,40.45,Wholesale
Upper West,Wa Municipal,10/09/2025,Wa ,Cowpea white,45.00,Wholesale
Upper West,Wa Municipal,10/09/2025,Wa ,Soya bean,22.00,Wholesale
Upper West,Wa Municipal,10/09/2025,Wa ,Sorghum,22.00,Wholesale
Upper West,Wa Municipal,10/09/2025,Wa ,Yam puna,37.54,Wholesale
Greater Accra,Tema East,08/09/2025,Tema Community One,White maize,14.00,Wholesale
Greater Accra,Tema East,08/09/2025,Tema Community One,Maize yellow,15.00,Wholesale
Greater Accra,Tema East,08/09/2025,Tema Community One,Millet,17.15,Wholesale
Greater Accra,Tema East,08/09/2025,Tema Community One,Rice local perfumed,25.07,Wholesale
Greater Accra,Tema East,08/09/2025,Tema Community One,Rice imported perfumed,27.53,Wholesale
Greater Accra,Tema East,08/09/2025,Tema Community One,Gari,20.95,Wholesale
Greater Accra,Tema East,08/09/2025,Tema Community One,Dried cassava powder kokonte,28.18,Wholesale
Greater Accra,Tema East,08/09/2025,Tema Community One,Plantain apentu,29.75,Wholesale
Greater Accra,Tema East,08/09/2025,Tema Community One,Plantain apem,53.40,Wholesale
Greater Accra,Tema East,08/09/2025,Tema Community One,Orange,12.25,Wholesale
Greater Accra,Tema East,08/09/2025,Tema Community One,Pineapple,11.90,Wholesale
Greater Accra,Tema East,08/09/2025,Tema Community One,Mango exotic,22.07,Wholesale
Greater Accra,Tema East,08/09/2025,Tema Community One,Tomato local,8.04,Wholesale
Greater Accra,Tema East,08/09/2025,Tema Community One,Garden egg,34.91,Wholesale
Greater Accra,Tema East,08/09/2025,Tema Community One,Onion,23.53,Wholesale
Greater Accra,Tema East,08/09/2025,Tema Community One,Ginger,100.00,Wholesale
Greater Accra,Tema East,08/09/2025,Tema Community One,Dried pepper,69.84,Wholesale
Greater Accra,Tema East,08/09/2025,Tema Community One,Fresh pepper,41.06,Wholesale
Greater Accra,Tema East,08/09/2025,Tema Community One,Fresh pepper bonnet,56.37,Wholesale
Greater Accra,Tema East,08/09/2025,Tema Community One,Groundnut red,34.00,Wholesale
Greater Accra,Tema East,08/09/2025,Tema Community One,Cowpea white,19.44,Wholesale
Greater Accra,Tema East,08/09/2025,Tema Community One,Soya bean,20.00,Wholesale
Greater Accra,Tema East,08/09/2025,Tema Community One,Melon seeds agushi,83.12,Wholesale
Greater Accra,Tema East,08/09/2025,Tema Community One,Melon seeds agushi powder,73.81,Wholesale
Greater Accra,Tema East,08/09/2025,Tema Community One,Palm oil,28.33,Wholesale
Greater Accra,Tema East,08/09/2025,Tema Community One,Smoked herring,88.24,Wholesale
Greater Accra,Tema East,08/09/2025,Tema Community One,Egg commercial,71.67,Wholesale
Greater Accra,Tema East,08/09/2025,Tema Community One,Bambara bean,33.33,Wholesale
Greater Accra,Tema East,08/09/2025,Tema Community One,Sorghum,17.15,Wholesale
Greater Accra,Tema East,08/09/2025,Tema Community One,Yam puna,25.65,Wholesale
Greater Accra,Tema East,08/09/2025,Tema Community One,Tomato navrongo,17.65,Wholesale
Eastern,New Juaben South Municipal,11/09/2025,Koforidua Central,Maize yellow,4.44,Wholesale
Eastern,New Juaben South Municipal,11/09/2025,Koforidua Central,Rice imported perfumed,13.33,Wholesale
Eastern,New Juaben South Municipal,11/09/2025,Koforidua Central,Plantain apentu,25.64,Wholesale
Eastern,New Juaben South Municipal,11/09/2025,Koforidua Central,Tomato local,12.50,Wholesale
Eastern,New Juaben South Municipal,11/09/2025,Koforidua Central,Garden egg,16.11,Wholesale
Eastern,New Juaben South Municipal,11/09/2025,Koforidua Central,Okro fresh,18.67,Wholesale
Eastern,New Juaben South Municipal,11/09/2025,Koforidua Central,Onion,15.00,Wholesale
Eastern,New Juaben South Municipal,11/09/2025,Koforidua Central,Fresh pepper bonnet,20.59,Wholesale
Eastern,New Juaben South Municipal,11/09/2025,Koforidua Central,Egg commercial,55.00,Wholesale
Eastern,New Juaben South Municipal,11/09/2025,Koforidua Central,Carrot,13.79,Wholesale
Eastern,New Juaben South Municipal,11/09/2025,Koforidua Central,Sweet potato general white pinkish,6.67,Wholesale
Eastern,New Juaben South Municipal,11/09/2025,Koforidua Central,Yam puna,10.26,Wholesale
Western North,Bibiani Anhwiaso Bekwai Municipal,13/09/2025,Bibiani ,White maize,7.19,Wholesale
Western North,Bibiani Anhwiaso Bekwai Municipal,13/09/2025,Bibiani ,Maize yellow,7.46,Wholesale
Western North,Bibiani Anhwiaso Bekwai Municipal,13/09/2025,Bibiani ,Millet,19.41,Wholesale
Western North,Bibiani Anhwiaso Bekwai Municipal,13/09/2025,Bibiani ,Rice local perfumed,15.33,Wholesale
Western North,Bibiani Anhwiaso Bekwai Municipal,13/09/2025,Bibiani ,Rice local non perfumed,13.96,Wholesale
Western North,Bibiani Anhwiaso Bekwai Municipal,13/09/2025,Bibiani ,Rice imported perfumed,18.13,Wholesale
Western North,Bibiani Anhwiaso Bekwai Municipal,13/09/2025,Bibiani ,Rice imported non perfumed,15.25,Wholesale
Western North,Bibiani Anhwiaso Bekwai Municipal,13/09/2025,Bibiani ,Yam white,6.32,Wholesale
Western North,Bibiani Anhwiaso Bekwai Municipal,13/09/2025,Bibiani ,Cassava,2.62,Wholesale
Western North,Bibiani Anhwiaso Bekwai Municipal,13/09/2025,Bibiani ,Gari,10.58,Wholesale
Western North,Bibiani Anhwiaso Bekwai Municipal,13/09/2025,Bibiani ,Dried cassava powder kokonte,10.54,Wholesale
Western North,Bibiani Anhwiaso Bekwai Municipal,13/09/2025,Bibiani ,Plantain apentu,9.81,Wholesale
Western North,Bibiani Anhwiaso Bekwai Municipal,13/09/2025,Bibiani ,Plantain apem,10.24,Wholesale
Western North,Bibiani Anhwiaso Bekwai Municipal,13/09/2025,Bibiani ,Orange,4.79,Wholesale
Western North,Bibiani Anhwiaso Bekwai Municipal,13/09/2025,Bibiani ,Tomato local,9.64,Wholesale
Western North,Bibiani Anhwiaso Bekwai Municipal,13/09/2025,Bibiani ,Garden egg,23.05,Wholesale
Western North,Bibiani Anhwiaso Bekwai Municipal,13/09/2025,Bibiani ,Okro fresh,42.87,Wholesale
Western North,Bibiani Anhwiaso Bekwai Municipal,13/09/2025,Bibiani ,Onion,29.08,Wholesale
Western North,Bibiani Anhwiaso Bekwai Municipal,13/09/2025,Bibiani ,Ginger,94.88,Wholesale
Western North,Bibiani Anhwiaso Bekwai Municipal,13/09/2025,Bibiani ,Dried pepper,21.16,Wholesale
Western North,Bibiani Anhwiaso Bekwai Municipal,13/09/2025,Bibiani ,Fresh pepper bonnet,40.02,Wholesale
Western North,Bibiani Anhwiaso Bekwai Municipal,13/09/2025,Bibiani ,Palm fruit,14.62,Wholesale
Western North,Bibiani Anhwiaso Bekwai Municipal,13/09/2025,Bibiani ,Groundnut red,22.14,Wholesale
Western North,Bibiani Anhwiaso Bekwai Municipal,13/09/2025,Bibiani ,Cowpea white,20.45,Wholesale
Western North,Bibiani Anhwiaso Bekwai Municipal,13/09/2025,Bibiani ,Soya bean,17.88,Wholesale
Western North,Bibiani Anhwiaso Bekwai Municipal,13/09/2025,Bibiani ,Melon seeds agushi,47.22,Wholesale
Western North,Bibiani Anhwiaso Bekwai Municipal,13/09/2025,Bibiani ,Melon seeds agushi powder,47.16,Wholesale
Western North,Bibiani Anhwiaso Bekwai Municipal,13/09/2025,Bibiani ,Palm oil,32.96,Wholesale
Western North,Bibiani Anhwiaso Bekwai Municipal,13/09/2025,Bibiani ,Egg commercial,54.33,Wholesale
Western North,Bibiani Anhwiaso Bekwai Municipal,13/09/2025,Bibiani ,Chicken,22.80,Wholesale
Western North,Bibiani Anhwiaso Bekwai Municipal,13/09/2025,Bibiani ,Yam puna,9.44,Wholesale
Western North,Bibiani Anhwiaso Bekwai Municipal,13/09/2025,Bibiani ,Coconut fresh,7.67,Wholesale
Western North,Bibiani Anhwiaso Bekwai Municipal,13/09/2025,Bibiani ,Unshelled groundnut,24.90,Wholesale
Western North,Bibiani Anhwiaso Bekwai Municipal,13/09/2025,Bibiani ,Dried cassava chips kokonte,8.42,Wholesale
Bono East,Kintampo North Municipal,15/09/2025,Kintampo,White maize,3.38,Wholesale
Bono East,Kintampo North Municipal,15/09/2025,Kintampo,Maize yellow,3.40,Wholesale
Bono East,Kintampo North Municipal,15/09/2025,Kintampo,Millet,7.54,Wholesale
Bono East,Kintampo North Municipal,15/09/2025,Kintampo,Rice local perfumed,11.54,Wholesale
Bono East,Kintampo North Municipal,15/09/2025,Kintampo,Rice imported perfumed,14.73,Wholesale
Bono East,Kintampo North Municipal,15/09/2025,Kintampo,Cassava,9.49,Wholesale
Bono East,Kintampo North Municipal,15/09/2025,Kintampo,Gari,10.06,Wholesale
Bono East,Kintampo North Municipal,15/09/2025,Kintampo,Plantain apentu,33.07,Wholesale
Bono East,Kintampo North Municipal,15/09/2025,Kintampo,Plantain apem,47.22,Wholesale
Bono East,Kintampo North Municipal,15/09/2025,Kintampo,Tomato local,17.12,Wholesale
Bono East,Kintampo North Municipal,15/09/2025,Kintampo,Garden egg,17.86,Wholesale
Bono East,Kintampo North Municipal,15/09/2025,Kintampo,Okro fresh,35.02,Wholesale
Bono East,Kintampo North Municipal,15/09/2025,Kintampo,Onion,24.43,Wholesale
Bono East,Kintampo North Municipal,15/09/2025,Kintampo,Dried pepper,89.63,Wholesale
Bono East,Kintampo North Municipal,15/09/2025,Kintampo,Fresh pepper,39.55,Wholesale
Bono East,Kintampo North Municipal,15/09/2025,Kintampo,Cowpea white,11.50,Wholesale
Bono East,Kintampo North Municipal,15/09/2025,Kintampo,Palm oil,28.00,Wholesale
Bono East,Kintampo North Municipal,15/09/2025,Kintampo,Sorghum,7.38,Wholesale
Bono East,Kintampo North Municipal,15/09/2025,Kintampo,Yam puna,8.22,Wholesale
Bono East,Kintampo North Municipal,15/09/2025,Kintampo,Okro dried,52.38,Wholesale
Bono East,Kintampo North Municipal,15/09/2025,Kintampo,Dried cassava chips kokonte,9.43,Wholesale
Ahafo,Asunafo North Municipal,15/09/2025,Goaso,White maize,6.66,Wholesale
Ahafo,Asunafo North Municipal,15/09/2025,Goaso,Maize yellow,6.68,Wholesale
Ahafo,Asunafo North Municipal,15/09/2025,Goaso,Millet,14.00,Wholesale
Ahafo,Asunafo North Municipal,15/09/2025,Goaso,Rice local perfumed,14.14,Wholesale
Ahafo,Asunafo North Municipal,15/09/2025,Goaso,Cocoyam,23.74,Wholesale
Ahafo,Asunafo North Municipal,15/09/2025,Goaso,Gari,11.21,Wholesale
Ahafo,Asunafo North Municipal,15/09/2025,Goaso,Dried cassava powder kokonte,9.94,Wholesale
Ahafo,Asunafo North Municipal,15/09/2025,Goaso,Plantain apentu,7.54,Wholesale
Ahafo,Asunafo North Municipal,15/09/2025,Goaso,Plantain apem,7.73,Wholesale
Ahafo,Asunafo North Municipal,15/09/2025,Goaso,Tomato local,11.67,Wholesale
Ahafo,Asunafo North Municipal,15/09/2025,Goaso,Garden egg,16.91,Wholesale
Ahafo,Asunafo North Municipal,15/09/2025,Goaso,Okro fresh,16.03,Wholesale
Ahafo,Asunafo North Municipal,15/09/2025,Goaso,Ginger,30.02,Wholesale
Ahafo,Asunafo North Municipal,15/09/2025,Goaso,Fresh pepper bonnet,27.78,Wholesale
Ahafo,Asunafo North Municipal,15/09/2025,Goaso,Palm fruit,4.10,Wholesale
Ahafo,Asunafo North Municipal,15/09/2025,Goaso,Groundnut red,19.08,Wholesale
Ahafo,Asunafo North Municipal,15/09/2025,Goaso,Cowpea white,13.97,Wholesale
Ahafo,Asunafo North Municipal,15/09/2025,Goaso,Egg commercial,46.67,Wholesale
Ahafo,Asunafo North Municipal,15/09/2025,Goaso,Sorghum,12.33,Wholesale
Ahafo,Asunafo North Municipal,15/09/2025,Goaso,Yam puna,11.84,Wholesale
Ahafo,Asunafo North Municipal,15/09/2025,Goaso,Tomato navrongo,10.67,Wholesale
Ahafo,Asunafo North Municipal,15/09/2025,Goaso,Unshelled groundnut,30.90,Wholesale
Ahafo,Asunafo North Municipal,15/09/2025,Goaso,Dried cassava chips kokonte,10.37,Wholesale
Upper West,Wa Municipal,15/09/2025,Wa,White maize,10.67,Wholesale
Upper West,Wa Municipal,15/09/2025,Wa,Maize yellow,10.40,Wholesale
Upper West,Wa Municipal,15/09/2025,Wa,Millet,24.00,Wholesale
Upper West,Wa Municipal,15/09/2025,Wa,Rice local non perfumed,24.00,Wholesale
Upper West,Wa Municipal,15/09/2025,Wa,Yam white,3.63,Wholesale
Upper West,Wa Municipal,15/09/2025,Wa,Cowpea white,40.00,Wholesale
Upper West,Wa Municipal,15/09/2025,Wa,Soya bean,12.80,Wholesale
Upper West,Wa Municipal,15/09/2025,Wa,Sorghum,12.80,Wholesale
Upper West,Wa Municipal,15/09/2025,Wa,Yam puna,6.62,Wholesale
Oti,Nkwanta South Municipal,08/09/2025,Nkwanta,White maize,5.20,Wholesale
Oti,Nkwanta South Municipal,08/09/2025,Nkwanta,Millet,10.00,Wholesale
Oti,Nkwanta South Municipal,08/09/2025,Nkwanta,Rice local perfumed,11.67,Wholesale
Oti,Nkwanta South Municipal,08/09/2025,Nkwanta,Rice local non perfumed,9.17,Wholesale
Oti,Nkwanta South Municipal,08/09/2025,Nkwanta,Rice imported perfumed,15.00,Wholesale
Oti,Nkwanta South Municipal,08/09/2025,Nkwanta,Rice imported non perfumed,11.33,Wholesale
Oti,Nkwanta South Municipal,08/09/2025,Nkwanta,Gari,8.46,Wholesale
Oti,Nkwanta South Municipal,08/09/2025,Nkwanta,Plantain apentu,5.00,Wholesale
Oti,Nkwanta South Municipal,08/09/2025,Nkwanta,Plantain apem,5.47,Wholesale
Oti,Nkwanta South Municipal,08/09/2025,Nkwanta,Banana exotic,5.00,Wholesale
Oti,Nkwanta South Municipal,08/09/2025,Nkwanta,Banana local,5.00,Wholesale
Oti,Nkwanta South Municipal,08/09/2025,Nkwanta,Tomato local,5.11,Wholesale
Oti,Nkwanta South Municipal,08/09/2025,Nkwanta,Garden egg,7.14,Wholesale
Oti,Nkwanta South Municipal,08/09/2025,Nkwanta,Okro fresh,6.67,Wholesale
Oti,Nkwanta South Municipal,08/09/2025,Nkwanta,Onion,20.83,Wholesale
Oti,Nkwanta South Municipal,08/09/2025,Nkwanta,Ginger,20.00,Wholesale
Oti,Nkwanta South Municipal,08/09/2025,Nkwanta,Dried pepper,70.00,Wholesale
Oti,Nkwanta South Municipal,08/09/2025,Nkwanta,Fresh pepper bonnet,13.51,Wholesale
Oti,Nkwanta South Municipal,08/09/2025,Nkwanta,Palm fruit,5.36,Wholesale
Oti,Nkwanta South Municipal,08/09/2025,Nkwanta,Cowpea white,15.38,Wholesale
Oti,Nkwanta South Municipal,08/09/2025,Nkwanta,Soya bean,8.33,Wholesale
Oti,Nkwanta South Municipal,08/09/2025,Nkwanta,Melon seeds agushi,40.00,Wholesale
Oti,Nkwanta South Municipal,08/09/2025,Nkwanta,Melon seeds neri,10.00,Wholesale
Oti,Nkwanta South Municipal,08/09/2025,Nkwanta,Egg commercial,62.00,Wholesale
Oti,Nkwanta South Municipal,08/09/2025,Nkwanta,Chicken,35.00,Wholesale
Oti,Nkwanta South Municipal,08/09/2025,Nkwanta,Bambara bean,11.33,Wholesale
Oti,Nkwanta South Municipal,08/09/2025,Nkwanta,Cassava dough,4.00,Wholesale
Oti,Nkwanta South Municipal,08/09/2025,Nkwanta,Fresh salmon mackerel fish,16.67,Wholesale
Oti,Nkwanta South Municipal,08/09/2025,Nkwanta,Fresh kpanla fish,10.00,Wholesale
Oti,Nkwanta South Municipal,08/09/2025,Nkwanta,Sorghum,8.85,Wholesale
Oti,Nkwanta South Municipal,08/09/2025,Nkwanta,Yam puna,5.45,Wholesale
Oti,Nkwanta South Municipal,08/09/2025,Nkwanta,Tomato navrongo,10.83,Wholesale
Oti,Nkwanta South Municipal,08/09/2025,Nkwanta,Okro dried,33.04,Wholesale
Bono,Sunyani Municipal,10/09/2025,Nana Bosomah,White maize,3.75,Wholesale
Bono,Sunyani Municipal,10/09/2025,Nana Bosomah,Maize yellow,3.75,Wholesale
Bono,Sunyani Municipal,10/09/2025,Nana Bosomah,Rice local perfumed,11.67,Wholesale
Bono,Sunyani Municipal,10/09/2025,Nana Bosomah,Rice local non perfumed,10.00,Wholesale
Bono,Sunyani Municipal,10/09/2025,Nana Bosomah,Rice imported perfumed,15.20,Wholesale
Bono,Sunyani Municipal,10/09/2025,Nana Bosomah,Rice imported non perfumed,12.00,Wholesale
Bono,Sunyani Municipal,10/09/2025,Nana Bosomah,Plantain apentu,18.24,Wholesale
Bono,Sunyani Municipal,10/09/2025,Nana Bosomah,Plantain apem,15.83,Wholesale
Bono,Sunyani Municipal,10/09/2025,Nana Bosomah,Banana exotic,10.53,Wholesale
Bono,Sunyani Municipal,10/09/2025,Nana Bosomah,Banana local,11.19,Wholesale
Bono,Sunyani Municipal,10/09/2025,Nana Bosomah,Dried pepper,74.07,Wholesale
Bono,Sunyani Municipal,10/09/2025,Nana Bosomah,Fresh pepper bonnet,22.73,Wholesale
Bono East,Techiman Municipal,13/09/2025,Techiman,White maize,3.93,Wholesale
Bono East,Techiman Municipal,13/09/2025,Techiman,Maize yellow,4.29,Wholesale
Bono East,Techiman Municipal,13/09/2025,Techiman,Millet,11.07,Wholesale
Bono East,Techiman Municipal,13/09/2025,Techiman,Rice local perfumed,12.56,Wholesale
Bono East,Techiman Municipal,13/09/2025,Techiman,Rice local non perfumed,10.01,Wholesale
Bono East,Techiman Municipal,13/09/2025,Techiman,Rice imported perfumed,17.07,Wholesale
Bono East,Techiman Municipal,13/09/2025,Techiman,Rice imported non perfumed,12.59,Wholesale
Bono East,Techiman Municipal,13/09/2025,Techiman,Yam white,6.68,Wholesale
Bono East,Techiman Municipal,13/09/2025,Techiman,Cassava,1.91,Wholesale
Bono East,Techiman Municipal,13/09/2025,Techiman,Gari,10.83,Wholesale
Bono East,Techiman Municipal,13/09/2025,Techiman,Plantain apentu,13.61,Wholesale
Bono East,Techiman Municipal,13/09/2025,Techiman,Plantain apem,14.05,Wholesale
Bono East,Techiman Municipal,13/09/2025,Techiman,Orange,3.47,Wholesale
Bono East,Techiman Municipal,13/09/2025,Techiman,Watermelon,5.10,Wholesale
Bono East,Techiman Municipal,13/09/2025,Techiman,Pineapple,9.68,Wholesale
Bono East,Techiman Municipal,13/09/2025,Techiman,Mango exotic,10.74,Wholesale
Bono East,Techiman Municipal,13/09/2025,Techiman,Garden egg,14.74,Wholesale
Bono East,Techiman Municipal,13/09/2025,Techiman,Okro fresh,19.29,Wholesale
Bono East,Techiman Municipal,13/09/2025,Techiman,Onion,14.90,Wholesale
Bono East,Techiman Municipal,13/09/2025,Techiman,Ginger,35.82,Wholesale
Bono East,Techiman Municipal,13/09/2025,Techiman,Dried pepper,100.79,Wholesale
Bono East,Techiman Municipal,13/09/2025,Techiman,Fresh pepper bonnet,22.03,Wholesale
Bono East,Techiman Municipal,13/09/2025,Techiman,Tiger nut,23.55,Wholesale
Bono East,Techiman Municipal,13/09/2025,Techiman,Groundnut red,18.70,Wholesale
Bono East,Techiman Municipal,13/09/2025,Techiman,Cowpea white,15.55,Wholesale
Bono East,Techiman Municipal,13/09/2025,Techiman,Soya bean,8.52,Wholesale
Bono East,Techiman Municipal,13/09/2025,Techiman,Anchovy,68.34,Wholesale
Bono East,Techiman Municipal,13/09/2025,Techiman,Egg commercial,60.00,Wholesale
Bono East,Techiman Municipal,13/09/2025,Techiman,Chicken,36.33,Wholesale
Bono East,Techiman Municipal,13/09/2025,Techiman,Cabbage,7.74,Wholesale
Bono East,Techiman Municipal,13/09/2025,Techiman,Bambara bean,23.63,Wholesale
Bono East,Techiman Municipal,13/09/2025,Techiman,Cassava dough,4.50,Wholesale
Bono East,Techiman Municipal,13/09/2025,Techiman,Fresh red fish,55.89,Wholesale
Bono East,Techiman Municipal,13/09/2025,Techiman,Fresh salmon mackerel fish,60.00,Wholesale
Bono East,Techiman Municipal,13/09/2025,Techiman,Fresh kpanla fish,33.67,Wholesale
Bono East,Techiman Municipal,13/09/2025,Techiman,Sorghum,8.42,Wholesale
Bono East,Techiman Municipal,13/09/2025,Techiman,Yam puna,9.74,Wholesale
Bono East,Techiman Municipal,13/09/2025,Techiman,Tomato navrongo,17.81,Wholesale
Bono East,Techiman Municipal,13/09/2025,Techiman,Unshelled groundnut,17.71,Wholesale
Bono East,Techiman Municipal,13/09/2025,Techiman,Dried cassava chips kokonte,5.60,Wholesale
Oti,Nkwanta South Municipal,01/09/2025,Nkwanta ,White maize,7.20,Wholesale
Oti,Nkwanta South Municipal,01/09/2025,Nkwanta ,Millet,10.33,Wholesale
Oti,Nkwanta South Municipal,01/09/2025,Nkwanta ,Rice local perfumed,11.67,Wholesale
Oti,Nkwanta South Municipal,01/09/2025,Nkwanta ,Rice local non perfumed,10.06,Wholesale
Oti,Nkwanta South Municipal,01/09/2025,Nkwanta ,Rice imported perfumed,60.00,Wholesale
Oti,Nkwanta South Municipal,01/09/2025,Nkwanta ,Rice imported non perfumed,11.33,Wholesale
Oti,Nkwanta South Municipal,01/09/2025,Nkwanta ,Cocoyam,5.37,Wholesale
Oti,Nkwanta South Municipal,01/09/2025,Nkwanta ,Cassava,4.17,Wholesale
Oti,Nkwanta South Municipal,01/09/2025,Nkwanta ,Gari,8.57,Wholesale
Oti,Nkwanta South Municipal,01/09/2025,Nkwanta ,Plantain apentu,5.00,Wholesale
Oti,Nkwanta South Municipal,01/09/2025,Nkwanta ,Plantain apem,5.47,Wholesale
Oti,Nkwanta South Municipal,01/09/2025,Nkwanta ,Banana exotic,5.00,Wholesale
Oti,Nkwanta South Municipal,01/09/2025,Nkwanta ,Banana local,5.00,Wholesale
Oti,Nkwanta South Municipal,01/09/2025,Nkwanta ,Tomato local,5.11,Wholesale
Oti,Nkwanta South Municipal,01/09/2025,Nkwanta ,Garden egg,11.90,Wholesale
Oti,Nkwanta South Municipal,01/09/2025,Nkwanta ,Okro fresh,6.67,Wholesale
Oti,Nkwanta South Municipal,01/09/2025,Nkwanta ,Onion,20.83,Wholesale
Oti,Nkwanta South Municipal,01/09/2025,Nkwanta ,Ginger,20.00,Wholesale
Oti,Nkwanta South Municipal,01/09/2025,Nkwanta ,Dried pepper,70.00,Wholesale
Oti,Nkwanta South Municipal,01/09/2025,Nkwanta ,Fresh pepper bonnet,13.51,Wholesale
Oti,Nkwanta South Municipal,01/09/2025,Nkwanta ,Palm fruit,5.36,Wholesale
Oti,Nkwanta South Municipal,01/09/2025,Nkwanta ,Cowpea white,15.38,Wholesale
Oti,Nkwanta South Municipal,01/09/2025,Nkwanta ,Soya bean,8.89,Wholesale
Oti,Nkwanta South Municipal,01/09/2025,Nkwanta ,Melon seeds agushi,40.00,Wholesale
Oti,Nkwanta South Municipal,01/09/2025,Nkwanta ,Melon seeds neri,10.00,Wholesale
Oti,Nkwanta South Municipal,01/09/2025,Nkwanta ,Egg commercial,65.00,Wholesale
Oti,Nkwanta South Municipal,01/09/2025,Nkwanta ,Chicken,50.00,Wholesale
Oti,Nkwanta South Municipal,01/09/2025,Nkwanta ,Bambara bean,12.00,Wholesale
Oti,Nkwanta South Municipal,01/09/2025,Nkwanta ,Cassava dough,4.17,Wholesale
Oti,Nkwanta South Municipal,01/09/2025,Nkwanta ,Fresh salmon mackerel fish,17.56,Wholesale
Oti,Nkwanta South Municipal,01/09/2025,Nkwanta ,Fresh kpanla fish,12.78,Wholesale
Oti,Nkwanta South Municipal,01/09/2025,Nkwanta ,Sorghum,8.85,Wholesale
Oti,Nkwanta South Municipal,01/09/2025,Nkwanta ,Yam puna,6.46,Wholesale
Oti,Nkwanta South Municipal,01/09/2025,Nkwanta ,Tomato navrongo,10.83,Wholesale
Oti,Nkwanta South Municipal,01/09/2025,Nkwanta ,Okro dried,33.04,Wholesale
Eastern,New Juaben South Municipal,18/09/2025,Koforidua Central,Maize yellow,5.99,Wholesale
Eastern,New Juaben South Municipal,18/09/2025,Koforidua Central,Rice imported perfumed,13.78,Wholesale
Eastern,New Juaben South Municipal,18/09/2025,Koforidua Central,Gari,9.46,Wholesale
Eastern,New Juaben South Municipal,18/09/2025,Koforidua Central,Dried cassava powder kokonte,8.82,Wholesale
Eastern,New Juaben South Municipal,18/09/2025,Koforidua Central,Plantain apentu,21.43,Wholesale
Eastern,New Juaben South Municipal,18/09/2025,Koforidua Central,Tomato local,8.38,Wholesale
Eastern,New Juaben South Municipal,18/09/2025,Koforidua Central,Garden egg,10.00,Wholesale
Eastern,New Juaben South Municipal,18/09/2025,Koforidua Central,Okro fresh,20.00,Wholesale
Eastern,New Juaben South Municipal,18/09/2025,Koforidua Central,Onion,10.00,Wholesale
Eastern,New Juaben South Municipal,18/09/2025,Koforidua Central,Fresh pepper bonnet,11.76,Wholesale
Eastern,New Juaben South Municipal,18/09/2025,Koforidua Central,Egg commercial,55.00,Wholesale
Eastern,New Juaben South Municipal,18/09/2025,Koforidua Central,Carrot,2.00,Wholesale
Eastern,New Juaben South Municipal,18/09/2025,Koforidua Central,Fresh salmon mackerel fish,39.00,Wholesale
Eastern,New Juaben South Municipal,18/09/2025,Koforidua Central,Yam puna,9.78,Wholesale
Greater Accra,Tema East,18/09/2025,Tema Community One,White maize,12.00,Wholesale
Greater Accra,Tema East,18/09/2025,Tema Community One,Maize yellow,13.00,Wholesale
Greater Accra,Tema East,18/09/2025,Tema Community One,Millet,16.67,Wholesale
Greater Accra,Tema East,18/09/2025,Tema Community One,Rice local perfumed,26.52,Wholesale
Greater Accra,Tema East,18/09/2025,Tema Community One,Rice imported perfumed,27.67,Wholesale
Greater Accra,Tema East,18/09/2025,Tema Community One,Gari,20.95,Wholesale
Greater Accra,Tema East,18/09/2025,Tema Community One,Dried cassava powder kokonte,28.18,Wholesale
Greater Accra,Tema East,18/09/2025,Tema Community One,Plantain apentu,25.72,Wholesale
Greater Accra,Tema East,18/09/2025,Tema Community One,Plantain apem,50.28,Wholesale
Greater Accra,Tema East,18/09/2025,Tema Community One,Orange,7.66,Wholesale
Greater Accra,Tema East,18/09/2025,Tema Community One,Pineapple,9.68,Wholesale
Greater Accra,Tema East,18/09/2025,Tema Community One,Tomato local,8.04,Wholesale
Greater Accra,Tema East,18/09/2025,Tema Community One,Garden egg,33.33,Wholesale
Greater Accra,Tema East,18/09/2025,Tema Community One,Onion,23.32,Wholesale
Greater Accra,Tema East,18/09/2025,Tema Community One,Ginger,88.10,Wholesale
Greater Accra,Tema East,18/09/2025,Tema Community One,Dried pepper,68.26,Wholesale
Greater Accra,Tema East,18/09/2025,Tema Community One,Fresh pepper,35.95,Wholesale
Greater Accra,Tema East,18/09/2025,Tema Community One,Fresh pepper bonnet,58.18,Wholesale
Greater Accra,Tema East,18/09/2025,Tema Community One,Groundnut red,32.00,Wholesale
Greater Accra,Tema East,18/09/2025,Tema Community One,Cowpea white,18.06,Wholesale
Greater Accra,Tema East,18/09/2025,Tema Community One,Soya bean,16.00,Wholesale
Greater Accra,Tema East,18/09/2025,Tema Community One,Melon seeds agushi,90.62,Wholesale
Greater Accra,Tema East,18/09/2025,Tema Community One,Melon seeds agushi powder,75.00,Wholesale
Greater Accra,Tema East,18/09/2025,Tema Community One,Palm oil,30.00,Wholesale
Greater Accra,Tema East,18/09/2025,Tema Community One,Smoked herring,90.08,Wholesale
Greater Accra,Tema East,18/09/2025,Tema Community One,Egg commercial,80.00,Wholesale
Greater Accra,Tema East,18/09/2025,Tema Community One,Bambara bean,33.33,Wholesale
Greater Accra,Tema East,18/09/2025,Tema Community One,Sorghum,17.39,Wholesale
Greater Accra,Tema East,18/09/2025,Tema Community One,Yam puna,29.18,Wholesale
Greater Accra,Tema East,18/09/2025,Tema Community One,Tomato navrongo,20.39,Wholesale
Western North,Bibiani Anhwiaso Bekwai Municipal,19/09/2025,Bibiani,White maize,6.89,Wholesale
Western North,Bibiani Anhwiaso Bekwai Municipal,19/09/2025,Bibiani,Maize yellow,7.00,Wholesale
Western North,Bibiani Anhwiaso Bekwai Municipal,19/09/2025,Bibiani,Millet,17.60,Wholesale
Western North,Bibiani Anhwiaso Bekwai Municipal,19/09/2025,Bibiani,Rice local perfumed,16.51,Wholesale
Western North,Bibiani Anhwiaso Bekwai Municipal,19/09/2025,Bibiani,Rice local non perfumed,13.71,Wholesale
Western North,Bibiani Anhwiaso Bekwai Municipal,19/09/2025,Bibiani,Rice imported perfumed,18.44,Wholesale
Western North,Bibiani Anhwiaso Bekwai Municipal,19/09/2025,Bibiani,Rice imported non perfumed,15.17,Wholesale
Western North,Bibiani Anhwiaso Bekwai Municipal,19/09/2025,Bibiani,Yam white,7.26,Wholesale
Western North,Bibiani Anhwiaso Bekwai Municipal,19/09/2025,Bibiani,Cocoyam,25.74,Wholesale
Western North,Bibiani Anhwiaso Bekwai Municipal,19/09/2025,Bibiani,Gari,10.15,Wholesale
Western North,Bibiani Anhwiaso Bekwai Municipal,19/09/2025,Bibiani,Dried cassava powder kokonte,6.44,Wholesale
Western North,Bibiani Anhwiaso Bekwai Municipal,19/09/2025,Bibiani,Plantain apentu,10.82,Wholesale
Western North,Bibiani Anhwiaso Bekwai Municipal,19/09/2025,Bibiani,Plantain apem,9.73,Wholesale
Western North,Bibiani Anhwiaso Bekwai Municipal,19/09/2025,Bibiani,Banana exotic,7.92,Wholesale
Western North,Bibiani Anhwiaso Bekwai Municipal,19/09/2025,Bibiani,Banana local,6.12,Wholesale
Western North,Bibiani Anhwiaso Bekwai Municipal,19/09/2025,Bibiani,Tomato local,19.79,Wholesale
Western North,Bibiani Anhwiaso Bekwai Municipal,19/09/2025,Bibiani,Garden egg,15.23,Wholesale
Western North,Bibiani Anhwiaso Bekwai Municipal,19/09/2025,Bibiani,Onion,21.58,Wholesale
Western North,Bibiani Anhwiaso Bekwai Municipal,19/09/2025,Bibiani,Ginger,72.28,Wholesale
Western North,Bibiani Anhwiaso Bekwai Municipal,19/09/2025,Bibiani,Dried pepper,22.32,Wholesale
Western North,Bibiani Anhwiaso Bekwai Municipal,19/09/2025,Bibiani,Fresh pepper bonnet,92.71,Wholesale
Western North,Bibiani Anhwiaso Bekwai Municipal,19/09/2025,Bibiani,Palm fruit,19.32,Wholesale
Western North,Bibiani Anhwiaso Bekwai Municipal,19/09/2025,Bibiani,Groundnut red,22.21,Wholesale
Western North,Bibiani Anhwiaso Bekwai Municipal,19/09/2025,Bibiani,Cowpea white,21.35,Wholesale
Western North,Bibiani Anhwiaso Bekwai Municipal,19/09/2025,Bibiani,Soya bean,17.70,Wholesale
Western North,Bibiani Anhwiaso Bekwai Municipal,19/09/2025,Bibiani,Melon seeds agushi,46.47,Wholesale
Western North,Bibiani Anhwiaso Bekwai Municipal,19/09/2025,Bibiani,Melon seeds agushi powder,45.79,Wholesale
Western North,Bibiani Anhwiaso Bekwai Municipal,19/09/2025,Bibiani,Palm oil,30.74,Wholesale
Western North,Bibiani Anhwiaso Bekwai Municipal,19/09/2025,Bibiani,Egg commercial,57.00,Wholesale
Western North,Bibiani Anhwiaso Bekwai Municipal,19/09/2025,Bibiani,Chicken,20.75,Wholesale
Western North,Bibiani Anhwiaso Bekwai Municipal,19/09/2025,Bibiani,Yam puna,9.43,Wholesale
Western North,Bibiani Anhwiaso Bekwai Municipal,19/09/2025,Bibiani,Tomato navrongo,26.18,Wholesale
Western North,Bibiani Anhwiaso Bekwai Municipal,19/09/2025,Bibiani,Unshelled groundnut,27.96,Wholesale
Western North,Bibiani Anhwiaso Bekwai Municipal,19/09/2025,Bibiani,Dried cassava chips kokonte,9.00,Wholesale
Ahafo,Asunafo North Municipal,21/09/2025,Goaso,White maize,6.66,Wholesale
Ahafo,Asunafo North Municipal,21/09/2025,Goaso,Maize yellow,6.72,Wholesale
Ahafo,Asunafo North Municipal,21/09/2025,Goaso,Millet,14.49,Wholesale
Ahafo,Asunafo North Municipal,21/09/2025,Goaso,Rice local perfumed,13.96,Wholesale
Ahafo,Asunafo North Municipal,21/09/2025,Goaso,Cocoyam,22.88,Wholesale
Ahafo,Asunafo North Municipal,21/09/2025,Goaso,Gari,12.50,Wholesale
Ahafo,Asunafo North Municipal,21/09/2025,Goaso,Dried cassava powder kokonte,9.15,Wholesale
Ahafo,Asunafo North Municipal,21/09/2025,Goaso,Plantain apentu,7.59,Wholesale
Ahafo,Asunafo North Municipal,21/09/2025,Goaso,Banana exotic,5.22,Wholesale
Ahafo,Asunafo North Municipal,21/09/2025,Goaso,Banana local,6.59,Wholesale
Ahafo,Asunafo North Municipal,21/09/2025,Goaso,Tomato local,9.96,Wholesale
Ahafo,Asunafo North Municipal,21/09/2025,Goaso,Garden egg,17.46,Wholesale
Ahafo,Asunafo North Municipal,21/09/2025,Goaso,Okro fresh,18.18,Wholesale
Ahafo,Asunafo North Municipal,21/09/2025,Goaso,Ginger,28.22,Wholesale
Ahafo,Asunafo North Municipal,21/09/2025,Goaso,Fresh pepper bonnet,38.79,Wholesale
Ahafo,Asunafo North Municipal,21/09/2025,Goaso,Palm fruit,3.90,Wholesale
Ahafo,Asunafo North Municipal,21/09/2025,Goaso,Groundnut red,18.38,Wholesale
Ahafo,Asunafo North Municipal,21/09/2025,Goaso,Cowpea white,14.29,Wholesale
Ahafo,Asunafo North Municipal,21/09/2025,Goaso,Egg commercial,46.67,Wholesale
Ahafo,Asunafo North Municipal,21/09/2025,Goaso,Sorghum,12.86,Wholesale
Ahafo,Asunafo North Municipal,21/09/2025,Goaso,Yam puna,11.78,Wholesale
Ahafo,Asunafo North Municipal,21/09/2025,Goaso,Tomato navrongo,10.49,Wholesale
Ahafo,Asunafo North Municipal,21/09/2025,Goaso,Unshelled groundnut,32.19,Wholesale
Ahafo,Asunafo North Municipal,21/09/2025,Goaso,Dried cassava chips kokonte,9.06,Wholesale
Bono East,Kintampo North Municipal,19/09/2025,Kintampo,White maize,4.05,Wholesale
Bono East,Kintampo North Municipal,19/09/2025,Kintampo,Maize yellow,4.05,Wholesale
Bono East,Kintampo North Municipal,19/09/2025,Kintampo,Millet,10.00,Wholesale
Bono East,Kintampo North Municipal,19/09/2025,Kintampo,Gari,7.54,Wholesale
Bono East,Kintampo North Municipal,19/09/2025,Kintampo,Garden egg,14.91,Wholesale
Bono East,Kintampo North Municipal,19/09/2025,Kintampo,Okro fresh,24.07,Wholesale
Bono East,Kintampo North Municipal,19/09/2025,Kintampo,Onion,14.84,Wholesale
Bono East,Kintampo North Municipal,19/09/2025,Kintampo,Fresh pepper bonnet,22.81,Wholesale
Bono East,Kintampo North Municipal,19/09/2025,Kintampo,Groundnut red,9.72,Wholesale
Bono East,Kintampo North Municipal,19/09/2025,Kintampo,Cowpea white,9.52,Wholesale
Bono East,Kintampo North Municipal,19/09/2025,Kintampo,Soya bean,9.17,Wholesale
Bono East,Kintampo North Municipal,19/09/2025,Kintampo,Egg commercial,58.33,Wholesale
Bono East,Kintampo North Municipal,19/09/2025,Kintampo,Sorghum,7.50,Wholesale
Bono East,Kintampo North Municipal,19/09/2025,Kintampo,Yam puna,10.12,Wholesale
Bono East,Kintampo North Municipal,19/09/2025,Kintampo,Tomato navrongo,13.37,Wholesale
Bono East,Kintampo North Municipal,19/09/2025,Kintampo,Dried cassava chips kokonte,5.14,Wholesale
Bono East,Techiman Municipal,19/09/2025,Techiman,White maize,4.62,Wholesale
Bono East,Techiman Municipal,19/09/2025,Techiman,Maize yellow,5.32,Wholesale
Bono East,Techiman Municipal,19/09/2025,Techiman,Millet,11.07,Wholesale
Bono East,Techiman Municipal,19/09/2025,Techiman,Rice local perfumed,12.67,Wholesale
Bono East,Techiman Municipal,19/09/2025,Techiman,Rice local non perfumed,10.12,Wholesale
Bono East,Techiman Municipal,19/09/2025,Techiman,Rice imported perfumed,18.08,Wholesale
Bono East,Techiman Municipal,19/09/2025,Techiman,Rice imported non perfumed,12.67,Wholesale
Bono East,Techiman Municipal,19/09/2025,Techiman,Yam white,6.59,Wholesale
Bono East,Techiman Municipal,19/09/2025,Techiman,Cassava,1.88,Wholesale
Bono East,Techiman Municipal,19/09/2025,Techiman,Gari,10.52,Wholesale
Bono East,Techiman Municipal,19/09/2025,Techiman,Plantain apentu,7.71,Wholesale
Bono East,Techiman Municipal,19/09/2025,Techiman,Plantain apem,9.92,Wholesale
Bono East,Techiman Municipal,19/09/2025,Techiman,Orange,3.82,Wholesale
Bono East,Techiman Municipal,19/09/2025,Techiman,Pineapple,9.30,Wholesale
Bono East,Techiman Municipal,19/09/2025,Techiman,Mango exotic,12.50,Wholesale
Bono East,Techiman Municipal,19/09/2025,Techiman,Garden egg,10.30,Wholesale
Bono East,Techiman Municipal,19/09/2025,Techiman,Okro fresh,15.02,Wholesale
Bono East,Techiman Municipal,19/09/2025,Techiman,Onion,10.88,Wholesale
Bono East,Techiman Municipal,19/09/2025,Techiman,Ginger,70.57,Wholesale
Bono East,Techiman Municipal,19/09/2025,Techiman,Dried pepper,115.83,Wholesale
Bono East,Techiman Municipal,19/09/2025,Techiman,Fresh pepper bonnet,20.13,Wholesale
Bono East,Techiman Municipal,19/09/2025,Techiman,Palm fruit,8.31,Wholesale
Bono East,Techiman Municipal,19/09/2025,Techiman,Tiger nut,24.01,Wholesale
Bono East,Techiman Municipal,19/09/2025,Techiman,Groundnut red,17.10,Wholesale
Bono East,Techiman Municipal,19/09/2025,Techiman,Cowpea white,17.69,Wholesale
Bono East,Techiman Municipal,19/09/2025,Techiman,Soya bean,8.64,Wholesale
Bono East,Techiman Municipal,19/09/2025,Techiman,Melon seeds agushi,46.10,Wholesale
Bono East,Techiman Municipal,19/09/2025,Techiman,Melon seeds neri,14.58,Wholesale
Bono East,Techiman Municipal,19/09/2025,Techiman,Palm oil,28.15,Wholesale
Bono East,Techiman Municipal,19/09/2025,Techiman,Anchovy,72.10,Wholesale
Bono East,Techiman Municipal,19/09/2025,Techiman,Egg commercial,60.33,Wholesale
Bono East,Techiman Municipal,19/09/2025,Techiman,Chicken,39.50,Wholesale
Bono East,Techiman Municipal,19/09/2025,Techiman,Cabbage,7.37,Wholesale
Bono East,Techiman Municipal,19/09/2025,Techiman,Pawpaw,2.25,Wholesale
Bono East,Techiman Municipal,19/09/2025,Techiman,Bambara bean,22.77,Wholesale
Bono East,Techiman Municipal,19/09/2025,Techiman,Cassava dough,5.47,Wholesale
Bono East,Techiman Municipal,19/09/2025,Techiman,Fresh red fish,56.67,Wholesale
Bono East,Techiman Municipal,19/09/2025,Techiman,Fresh salmon mackerel fish,53.44,Wholesale
Bono East,Techiman Municipal,19/09/2025,Techiman,Fresh kpanla fish,37.83,Wholesale
Bono East,Techiman Municipal,19/09/2025,Techiman,Plantain riped,12.56,Wholesale
Bono East,Techiman Municipal,19/09/2025,Techiman,Sorghum,8.52,Wholesale
Bono East,Techiman Municipal,19/09/2025,Techiman,Yam puna,9.81,Wholesale
Bono East,Techiman Municipal,19/09/2025,Techiman,Tomato navrongo,17.61,Wholesale
Bono East,Techiman Municipal,19/09/2025,Techiman,Dried cassava chips kokonte,5.98,Wholesale
Upper West,Wa Municipal,24/09/2025,Wa,White maize,10.40,Wholesale
Upper West,Wa Municipal,24/09/2025,Wa,Maize yellow,10.40,Wholesale
Upper West,Wa Municipal,24/09/2025,Wa,Millet,24.00,Wholesale
Upper West,Wa Municipal,24/09/2025,Wa,Rice local perfumed,32.00,Wholesale
Upper West,Wa Municipal,24/09/2025,Wa,Rice local non perfumed,24.00,Wholesale
Upper West,Wa Municipal,24/09/2025,Wa,Rice imported perfumed,44.00,Wholesale
Upper West,Wa Municipal,24/09/2025,Wa,Rice imported non perfumed,28.00,Wholesale
Upper West,Wa Municipal,24/09/2025,Wa,Yam white,3.37,Wholesale
Upper West,Wa Municipal,24/09/2025,Wa,Gari,22.67,Wholesale
Upper West,Wa Municipal,24/09/2025,Wa,Groundnut red,24.00,Wholesale
Upper West,Wa Municipal,24/09/2025,Wa,Cowpea white,40.00,Wholesale
Upper West,Wa Municipal,24/09/2025,Wa,Soya bean,12.80,Wholesale
Upper West,Wa Municipal,24/09/2025,Wa,Sorghum,12.80,Wholesale
Upper West,Wa Municipal,24/09/2025,Wa,Yam puna,5.98,Wholesale
Eastern,New Juaben South Municipal,26/09/2025,Koforidua Central,Maize yellow,6.53,Wholesale
Eastern,New Juaben South Municipal,26/09/2025,Koforidua Central,Rice imported perfumed,13.33,Wholesale
Eastern,New Juaben South Municipal,26/09/2025,Koforidua Central,Plantain apentu,9.88,Wholesale
Eastern,New Juaben South Municipal,26/09/2025,Koforidua Central,Banana exotic,17.39,Wholesale
Eastern,New Juaben South Municipal,26/09/2025,Koforidua Central,Banana local,12.28,Wholesale
Eastern,New Juaben South Municipal,26/09/2025,Koforidua Central,Orange,5.00,Wholesale
Eastern,New Juaben South Municipal,26/09/2025,Koforidua Central,Tomato local,6.25,Wholesale
Eastern,New Juaben South Municipal,26/09/2025,Koforidua Central,Garden egg,5.00,Wholesale
Eastern,New Juaben South Municipal,26/09/2025,Koforidua Central,Okro fresh,16.22,Wholesale
Eastern,New Juaben South Municipal,26/09/2025,Koforidua Central,Onion,11.67,Wholesale
Eastern,New Juaben South Municipal,26/09/2025,Koforidua Central,Ginger,90.91,Wholesale
Eastern,New Juaben South Municipal,26/09/2025,Koforidua Central,Fresh pepper bonnet,8.33,Wholesale
Eastern,New Juaben South Municipal,26/09/2025,Koforidua Central,Cabbage,2.74,Wholesale
Eastern,New Juaben South Municipal,26/09/2025,Koforidua Central,Bambara bean,22.22,Wholesale
Eastern,New Juaben South Municipal,26/09/2025,Koforidua Central,Unshelled groundnut,20.00,Wholesale
Savannah,Bole,15/09/2025,Bamboi,White maize,4.37,Wholesale
Savannah,Bole,15/09/2025,Bamboi,Maize yellow,4.37,Wholesale
Savannah,Bole,15/09/2025,Bamboi,Millet,19.82,Wholesale
Savannah,Bole,15/09/2025,Bamboi,Rice local perfumed,13.00,Wholesale
Savannah,Bole,15/09/2025,Bamboi,Rice local non perfumed,8.50,Wholesale
Savannah,Bole,15/09/2025,Bamboi,Rice imported perfumed,16.80,Wholesale
Savannah,Bole,15/09/2025,Bamboi,Yam white,22.73,Wholesale
Savannah,Bole,15/09/2025,Bamboi,Gari,13.33,Wholesale
Savannah,Bole,15/09/2025,Bamboi,Tomato local,25.24,Wholesale
Savannah,Bole,15/09/2025,Bamboi,Garden egg,19.90,Wholesale
Savannah,Bole,15/09/2025,Bamboi,Okro fresh,14.04,Wholesale
Savannah,Bole,15/09/2025,Bamboi,Onion,13.13,Wholesale
Savannah,Bole,15/09/2025,Bamboi,Dried pepper,46.67,Wholesale
Savannah,Bole,15/09/2025,Bamboi,Fresh pepper bonnet,32.48,Wholesale
Savannah,Bole,15/09/2025,Bamboi,Palm fruit,20.00,Wholesale
Savannah,Bole,15/09/2025,Bamboi,Groundnut red,21.77,Wholesale
Savannah,Bole,15/09/2025,Bamboi,Cowpea white,16.67,Wholesale
Savannah,Bole,15/09/2025,Bamboi,Soya bean,13.32,Wholesale
Savannah,Bole,15/09/2025,Bamboi,Melon seeds agushi,51.79,Wholesale
Savannah,Bole,15/09/2025,Bamboi,Melon seeds neri,60.12,Wholesale
Savannah,Bole,15/09/2025,Bamboi,Beef,80.00,Wholesale
Savannah,Bole,15/09/2025,Bamboi,Egg commercial,70.00,Wholesale
Savannah,Bole,15/09/2025,Bamboi,Sorghum,14.57,Wholesale
Savannah,Bole,15/09/2025,Bamboi,Yam puna,19.97,Wholesale
Savannah,Bole,15/09/2025,Bamboi,Okro dried,30.97,Wholesale
Western North,Bibiani Anhwiaso Bekwai Municipal,27/09/2025,Bibiani ,White maize,7.29,Wholesale
Western North,Bibiani Anhwiaso Bekwai Municipal,27/09/2025,Bibiani ,Maize yellow,7.57,Wholesale
Western North,Bibiani Anhwiaso Bekwai Municipal,27/09/2025,Bibiani ,Millet,18.31,Wholesale
Western North,Bibiani Anhwiaso Bekwai Municipal,27/09/2025,Bibiani ,Rice local perfumed,14.87,Wholesale
Western North,Bibiani Anhwiaso Bekwai Municipal,27/09/2025,Bibiani ,Rice local non perfumed,12.56,Wholesale
Western North,Bibiani Anhwiaso Bekwai Municipal,27/09/2025,Bibiani ,Rice imported perfumed,17.93,Wholesale
Western North,Bibiani Anhwiaso Bekwai Municipal,27/09/2025,Bibiani ,Rice imported non perfumed,15.58,Wholesale
Western North,Bibiani Anhwiaso Bekwai Municipal,27/09/2025,Bibiani ,Gari,11.15,Wholesale
Western North,Bibiani Anhwiaso Bekwai Municipal,27/09/2025,Bibiani ,Dried cassava powder kokonte,6.40,Wholesale
Western North,Bibiani Anhwiaso Bekwai Municipal,27/09/2025,Bibiani ,Orange,5.49,Wholesale
Western North,Bibiani Anhwiaso Bekwai Municipal,27/09/2025,Bibiani ,Tomato local,8.53,Wholesale
Western North,Bibiani Anhwiaso Bekwai Municipal,27/09/2025,Bibiani ,Garden egg,12.10,Wholesale
Western North,Bibiani Anhwiaso Bekwai Municipal,27/09/2025,Bibiani ,Onion,45.04,Wholesale
Western North,Bibiani Anhwiaso Bekwai Municipal,27/09/2025,Bibiani ,Ginger,92.54,Wholesale
Western North,Bibiani Anhwiaso Bekwai Municipal,27/09/2025,Bibiani ,Dried pepper,21.04,Wholesale
Western North,Bibiani Anhwiaso Bekwai Municipal,27/09/2025,Bibiani ,Fresh pepper bonnet,75.52,Wholesale
Western North,Bibiani Anhwiaso Bekwai Municipal,27/09/2025,Bibiani ,Palm fruit,13.96,Wholesale
Western North,Bibiani Anhwiaso Bekwai Municipal,27/09/2025,Bibiani ,Groundnut red,21.41,Wholesale
Western North,Bibiani Anhwiaso Bekwai Municipal,27/09/2025,Bibiani ,Cowpea white,20.15,Wholesale
Western North,Bibiani Anhwiaso Bekwai Municipal,27/09/2025,Bibiani ,Soya bean,16.15,Wholesale
Western North,Bibiani Anhwiaso Bekwai Municipal,27/09/2025,Bibiani ,Melon seeds agushi,42.97,Wholesale
Western North,Bibiani Anhwiaso Bekwai Municipal,27/09/2025,Bibiani ,Palm oil,31.48,Wholesale
Western North,Bibiani Anhwiaso Bekwai Municipal,27/09/2025,Bibiani ,Egg commercial,58.33,Wholesale
Western North,Bibiani Anhwiaso Bekwai Municipal,27/09/2025,Bibiani ,Chicken,22.42,Wholesale
Western North,Bibiani Anhwiaso Bekwai Municipal,27/09/2025,Bibiani ,Tomato navrongo,24.23,Wholesale
Western North,Bibiani Anhwiaso Bekwai Municipal,27/09/2025,Bibiani ,Unshelled groundnut,23.04,Wholesale
Western North,Bibiani Anhwiaso Bekwai Municipal,27/09/2025,Bibiani ,Dried cassava chips kokonte,9.43,Wholesale
Greater Accra,Tema East,25/09/2025,Tema Community One,White maize,10.67,Wholesale
Greater Accra,Tema East,25/09/2025,Tema Community One,Maize yellow,11.67,Wholesale
Greater Accra,Tema East,25/09/2025,Tema Community One,Millet,16.67,Wholesale
Greater Accra,Tema East,25/09/2025,Tema Community One,Rice local perfumed,26.38,Wholesale
Greater Accra,Tema East,25/09/2025,Tema Community One,Rice imported perfumed,27.53,Wholesale
Greater Accra,Tema East,25/09/2025,Tema Community One,Gari,20.00,Wholesale
Greater Accra,Tema East,25/09/2025,Tema Community One,Dried cassava powder kokonte,28.18,Wholesale
Greater Accra,Tema East,25/09/2025,Tema Community One,Plantain apentu,26.24,Wholesale
Greater Accra,Tema East,25/09/2025,Tema Community One,Plantain apem,48.86,Wholesale
Greater Accra,Tema East,25/09/2025,Tema Community One,Orange,6.17,Wholesale
Greater Accra,Tema East,25/09/2025,Tema Community One,Pineapple,12.10,Wholesale
Greater Accra,Tema East,25/09/2025,Tema Community One,Garden egg,30.81,Wholesale
Greater Accra,Tema East,25/09/2025,Tema Community One,Onion,23.08,Wholesale
Greater Accra,Tema East,25/09/2025,Tema Community One,Ginger,100.00,Wholesale
Greater Accra,Tema East,25/09/2025,Tema Community One,Dried pepper,63.65,Wholesale
Greater Accra,Tema East,25/09/2025,Tema Community One,Fresh pepper,33.33,Wholesale
Greater Accra,Tema East,25/09/2025,Tema Community One,Fresh pepper bonnet,56.37,Wholesale
Greater Accra,Tema East,25/09/2025,Tema Community One,Groundnut red,29.33,Wholesale
Greater Accra,Tema East,25/09/2025,Tema Community One,Cowpea white,18.75,Wholesale
Greater Accra,Tema East,25/09/2025,Tema Community One,Soya bean,17.33,Wholesale
Greater Accra,Tema East,25/09/2025,Tema Community One,Melon seeds agushi,90.91,Wholesale
Greater Accra,Tema East,25/09/2025,Tema Community One,Melon seeds agushi powder,73.81,Wholesale
Greater Accra,Tema East,25/09/2025,Tema Community One,Palm oil,29.00,Wholesale
Greater Accra,Tema East,25/09/2025,Tema Community One,Smoked herring,90.08,Wholesale
Greater Accra,Tema East,25/09/2025,Tema Community One,Egg commercial,68.33,Wholesale
Greater Accra,Tema East,25/09/2025,Tema Community One,Bambara bean,33.33,Wholesale
Greater Accra,Tema East,25/09/2025,Tema Community One,Sorghum,17.15,Wholesale
Greater Accra,Tema East,25/09/2025,Tema Community One,Yam puna,23.69,Wholesale
Greater Accra,Tema East,25/09/2025,Tema Community One,Tomato navrongo,29.13,Wholesale
Ahafo,Asunafo North Municipal,28/09/2025,Goaso,White maize,6.10,Wholesale
Ahafo,Asunafo North Municipal,28/09/2025,Goaso,Maize yellow,6.17,Wholesale
Ahafo,Asunafo North Municipal,28/09/2025,Goaso,Millet,13.03,Wholesale
Ahafo,Asunafo North Municipal,28/09/2025,Goaso,Rice local perfumed,13.36,Wholesale
Ahafo,Asunafo North Municipal,28/09/2025,Goaso,Cocoyam,24.27,Wholesale
Ahafo,Asunafo North Municipal,28/09/2025,Goaso,Gari,12.30,Wholesale
Ahafo,Asunafo North Municipal,28/09/2025,Goaso,Dried cassava powder kokonte,8.83,Wholesale
Ahafo,Asunafo North Municipal,28/09/2025,Goaso,Plantain apentu,7.02,Wholesale
Ahafo,Asunafo North Municipal,28/09/2025,Goaso,Plantain apem,7.37,Wholesale
Ahafo,Asunafo North Municipal,28/09/2025,Goaso,Tomato local,9.78,Wholesale
Ahafo,Asunafo North Municipal,28/09/2025,Goaso,Garden egg,8.10,Wholesale
Ahafo,Asunafo North Municipal,28/09/2025,Goaso,Okro fresh,20.44,Wholesale
Ahafo,Asunafo North Municipal,28/09/2025,Goaso,Ginger,31.48,Wholesale
Ahafo,Asunafo North Municipal,28/09/2025,Goaso,Fresh pepper bonnet,38.79,Wholesale
Ahafo,Asunafo North Municipal,28/09/2025,Goaso,Palm fruit,3.95,Wholesale
Ahafo,Asunafo North Municipal,28/09/2025,Goaso,Groundnut red,19.08,Wholesale
Ahafo,Asunafo North Municipal,28/09/2025,Goaso,Cowpea white,14.29,Wholesale
Ahafo,Asunafo North Municipal,28/09/2025,Goaso,Egg commercial,51.67,Wholesale
Ahafo,Asunafo North Municipal,28/09/2025,Goaso,Sorghum,10.95,Wholesale
Ahafo,Asunafo North Municipal,28/09/2025,Goaso,Yam puna,10.87,Wholesale
Ahafo,Asunafo North Municipal,28/09/2025,Goaso,Tomato navrongo,11.64,Wholesale
Ahafo,Asunafo North Municipal,28/09/2025,Goaso,Unshelled groundnut,34.21,Wholesale
Ahafo,Asunafo North Municipal,28/09/2025,Goaso,Dried cassava chips kokonte,8.99,Wholesale
Bono East,Kintampo North Municipal,28/09/2025,Kintampo,White maize,4.14,Wholesale
Bono East,Kintampo North Municipal,28/09/2025,Kintampo,Maize yellow,4.14,Wholesale
Bono East,Kintampo North Municipal,28/09/2025,Kintampo,Millet,10.00,Wholesale
Bono East,Kintampo North Municipal,28/09/2025,Kintampo,Gari,8.33,Wholesale
Bono East,Kintampo North Municipal,28/09/2025,Kintampo,Garden egg,11.99,Wholesale
Bono East,Kintampo North Municipal,28/09/2025,Kintampo,Okro fresh,22.16,Wholesale
Bono East,Kintampo North Municipal,28/09/2025,Kintampo,Onion,14.90,Wholesale
Bono East,Kintampo North Municipal,28/09/2025,Kintampo,Fresh pepper bonnet,20.32,Wholesale
Bono East,Kintampo North Municipal,28/09/2025,Kintampo,Groundnut red,9.86,Wholesale
Bono East,Kintampo North Municipal,28/09/2025,Kintampo,Cowpea white,10.00,Wholesale
Bono East,Kintampo North Municipal,28/09/2025,Kintampo,Soya bean,8.00,Wholesale
Bono East,Kintampo North Municipal,28/09/2025,Kintampo,Sorghum,7.50,Wholesale
Bono East,Kintampo North Municipal,28/09/2025,Kintampo,Tomato navrongo,15.38,Wholesale
Bono East,Kintampo North Municipal,28/09/2025,Kintampo,Dried cassava chips kokonte,5.42,Wholesale
Bono East,Techiman Municipal,25/09/2025,Techiman,White maize,4.18,Wholesale
Bono East,Techiman Municipal,25/09/2025,Techiman,Maize yellow,4.87,Wholesale
Bono East,Techiman Municipal,25/09/2025,Techiman,Millet,11.06,Wholesale
Bono East,Techiman Municipal,25/09/2025,Techiman,Rice local perfumed,12.67,Wholesale
Bono East,Techiman Municipal,25/09/2025,Techiman,Rice local non perfumed,10.13,Wholesale
Bono East,Techiman Municipal,25/09/2025,Techiman,Rice imported perfumed,17.48,Wholesale
Bono East,Techiman Municipal,25/09/2025,Techiman,Rice imported non perfumed,12.44,Wholesale
Bono East,Techiman Municipal,25/09/2025,Techiman,Yam white,6.22,Wholesale
Bono East,Techiman Municipal,25/09/2025,Techiman,Cocoyam,20.96,Wholesale
Bono East,Techiman Municipal,25/09/2025,Techiman,Cassava,1.66,Wholesale
Bono East,Techiman Municipal,25/09/2025,Techiman,Gari,10.50,Wholesale
Bono East,Techiman Municipal,25/09/2025,Techiman,Plantain apentu,8.21,Wholesale
Bono East,Techiman Municipal,25/09/2025,Techiman,Plantain apem,8.71,Wholesale
Bono East,Techiman Municipal,25/09/2025,Techiman,Orange,3.96,Wholesale
Bono East,Techiman Municipal,25/09/2025,Techiman,Garden egg,10.54,Wholesale
Bono East,Techiman Municipal,25/09/2025,Techiman,Okro fresh,13.50,Wholesale
Bono East,Techiman Municipal,25/09/2025,Techiman,Onion,10.68,Wholesale
Bono East,Techiman Municipal,25/09/2025,Techiman,Ginger,42.47,Wholesale
Bono East,Techiman Municipal,25/09/2025,Techiman,Dried pepper,123.91,Wholesale
Bono East,Techiman Municipal,25/09/2025,Techiman,Fresh pepper bonnet,21.10,Wholesale
Bono East,Techiman Municipal,25/09/2025,Techiman,Palm fruit,8.09,Wholesale
Bono East,Techiman Municipal,25/09/2025,Techiman,Tiger nut,14.72,Wholesale
Bono East,Techiman Municipal,25/09/2025,Techiman,Groundnut red,17.22,Wholesale
Bono East,Techiman Municipal,25/09/2025,Techiman,Cowpea white,17.66,Wholesale
Bono East,Techiman Municipal,25/09/2025,Techiman,Soya bean,8.27,Wholesale
Bono East,Techiman Municipal,25/09/2025,Techiman,Melon seeds agushi,36.17,Wholesale
Bono East,Techiman Municipal,25/09/2025,Techiman,Melon seeds neri,15.89,Wholesale
Bono East,Techiman Municipal,25/09/2025,Techiman,Palm oil,28.15,Wholesale
Bono East,Techiman Municipal,25/09/2025,Techiman,Anchovy,69.76,Wholesale
Bono East,Techiman Municipal,25/09/2025,Techiman,Egg commercial,61.33,Wholesale
Bono East,Techiman Municipal,25/09/2025,Techiman,Chicken,39.33,Wholesale
Bono East,Techiman Municipal,25/09/2025,Techiman,Cabbage,7.89,Wholesale
Bono East,Techiman Municipal,25/09/2025,Techiman,Pawpaw,2.47,Wholesale
Bono East,Techiman Municipal,25/09/2025,Techiman,Bambara bean,22.93,Wholesale
Bono East,Techiman Municipal,25/09/2025,Techiman,Cassava dough,5.42,Wholesale
Bono East,Techiman Municipal,25/09/2025,Techiman,Fresh red fish,57.17,Wholesale
Bono East,Techiman Municipal,25/09/2025,Techiman,Fresh salmon mackerel fish,53.89,Wholesale
Bono East,Techiman Municipal,25/09/2025,Techiman,Fresh kpanla fish,38.33,Wholesale
Bono East,Techiman Municipal,25/09/2025,Techiman,Plantain riped,10.21,Wholesale
Bono East,Techiman Municipal,25/09/2025,Techiman,Sorghum,8.64,Wholesale
Bono East,Techiman Municipal,25/09/2025,Techiman,Yam puna,9.33,Wholesale
Bono East,Techiman Municipal,25/09/2025,Techiman,Tomato navrongo,20.67,Wholesale
Bono East,Techiman Municipal,25/09/2025,Techiman,Dried cassava chips kokonte,5.93,Wholesale
Upper West,Wa Municipal,30/09/2025,Wa,White maize,10.40,Wholesale
Upper West,Wa Municipal,30/09/2025,Wa,Maize yellow,10.40,Wholesale
Upper West,Wa Municipal,30/09/2025,Wa,Millet,24.00,Wholesale
Upper West,Wa Municipal,30/09/2025,Wa,Rice local perfumed,16.00,Wholesale
Upper West,Wa Municipal,30/09/2025,Wa,Rice local non perfumed,24.00,Wholesale
Upper West,Wa Municipal,30/09/2025,Wa,Rice imported perfumed,16.00,Wholesale
Upper West,Wa Municipal,30/09/2025,Wa,Rice imported non perfumed,11.20,Wholesale
Upper West,Wa Municipal,30/09/2025,Wa,Yam white,2.87,Wholesale
Upper West,Wa Municipal,30/09/2025,Wa,Gari,20.00,Wholesale
Upper West,Wa Municipal,30/09/2025,Wa,Dried cassava powder kokonte,28.00,Wholesale
Upper West,Wa Municipal,30/09/2025,Wa,Groundnut red,24.00,Wholesale
Upper West,Wa Municipal,30/09/2025,Wa,Cowpea white,40.00,Wholesale
Upper West,Wa Municipal,30/09/2025,Wa,Soya bean,12.80,Wholesale
Upper West,Wa Municipal,30/09/2025,Wa,Sorghum,12.80,Wholesale
Upper West,Wa Municipal,30/09/2025,Wa,Yam puna,4.30,Wholesale
Upper West,Wa Municipal,30/09/2025,Wa,Unshelled groundnut,13.00,Wholesale
Upper West,Wa Municipal,30/09/2025,Wa,Dried cassava chips kokonte,20.00,Wholesale
Bono,Sunyani Municipal,24/09/2025,Nana Bosomah,White maize,3.75,Wholesale
Bono,Sunyani Municipal,24/09/2025,Nana Bosomah,Maize yellow,3.75,Wholesale
Bono,Sunyani Municipal,24/09/2025,Nana Bosomah,Rice local perfumed,11.67,Wholesale
Bono,Sunyani Municipal,24/09/2025,Nana Bosomah,Rice local non perfumed,10.00,Wholesale
Bono,Sunyani Municipal,24/09/2025,Nana Bosomah,Rice imported perfumed,15.00,Wholesale
Bono,Sunyani Municipal,24/09/2025,Nana Bosomah,Rice imported non perfumed,11.11,Wholesale
Bono,Sunyani Municipal,24/09/2025,Nana Bosomah,Yam white,6.94,Wholesale
Bono,Sunyani Municipal,24/09/2025,Nana Bosomah,Cassava,2.00,Wholesale
Bono,Sunyani Municipal,24/09/2025,Nana Bosomah,Plantain apentu,17.09,Wholesale
Bono,Sunyani Municipal,24/09/2025,Nana Bosomah,Plantain apem,15.42,Wholesale
Bono,Sunyani Municipal,24/09/2025,Nana Bosomah,Banana exotic,10.51,Wholesale
Bono,Sunyani Municipal,24/09/2025,Nana Bosomah,Banana local,11.07,Wholesale
Bono,Sunyani Municipal,24/09/2025,Nana Bosomah,Yam puna,10.42,Wholesale
Eastern,New Juaben South Municipal,02/10/2025,Koforidua Central,Gari,11.98,Wholesale
Eastern,New Juaben South Municipal,02/10/2025,Koforidua Central,Plantain apem,14.62,Wholesale
Eastern,New Juaben South Municipal,02/10/2025,Koforidua Central,Pineapple,7.55,Wholesale
Eastern,New Juaben South Municipal,02/10/2025,Koforidua Central,Garden egg,4.44,Wholesale
Eastern,New Juaben South Municipal,02/10/2025,Koforidua Central,Okro fresh,22.67,Wholesale
Eastern,New Juaben South Municipal,02/10/2025,Koforidua Central,Onion,8.33,Wholesale
Eastern,New Juaben South Municipal,02/10/2025,Koforidua Central,Ginger,82.67,Wholesale
Eastern,New Juaben South Municipal,02/10/2025,Koforidua Central,Fresh pepper bonnet,7.84,Wholesale
Eastern,New Juaben South Municipal,02/10/2025,Koforidua Central,Cowpea white,18.75,Wholesale
Eastern,New Juaben South Municipal,02/10/2025,Koforidua Central,Plantain riped,5.21,Wholesale
Eastern,New Juaben South Municipal,02/10/2025,Koforidua Central,Yam puna,12.20,Wholesale
Eastern,New Juaben South Municipal,02/10/2025,Koforidua Central,Tomato navrongo,9.58,Wholesale
Eastern,New Juaben South Municipal,02/10/2025,Koforidua Central,Unshelled groundnut,15.91,Wholesale
Western North,Bibiani Anhwiaso Bekwai Municipal,02/10/2025,Bibiani ,White maize,5.30,Wholesale
Western North,Bibiani Anhwiaso Bekwai Municipal,02/10/2025,Bibiani ,Maize yellow,7.81,Wholesale
Western North,Bibiani Anhwiaso Bekwai Municipal,02/10/2025,Bibiani ,Millet,16.23,Wholesale
Western North,Bibiani Anhwiaso Bekwai Municipal,02/10/2025,Bibiani ,Rice local perfumed,11.54,Wholesale
Western North,Bibiani Anhwiaso Bekwai Municipal,02/10/2025,Bibiani ,Rice local non perfumed,13.39,Wholesale
Western North,Bibiani Anhwiaso Bekwai Municipal,02/10/2025,Bibiani ,Rice imported perfumed,17.62,Wholesale
Western North,Bibiani Anhwiaso Bekwai Municipal,02/10/2025,Bibiani ,Yam white,6.59,Wholesale
Western North,Bibiani Anhwiaso Bekwai Municipal,02/10/2025,Bibiani ,Cocoyam,14.80,Wholesale
Western North,Bibiani Anhwiaso Bekwai Municipal,02/10/2025,Bibiani ,Gari,10.15,Wholesale
Western North,Bibiani Anhwiaso Bekwai Municipal,02/10/2025,Bibiani ,Dried cassava powder kokonte,7.92,Wholesale
Western North,Bibiani Anhwiaso Bekwai Municipal,02/10/2025,Bibiani ,Orange,6.13,Wholesale
Western North,Bibiani Anhwiaso Bekwai Municipal,02/10/2025,Bibiani ,Garden egg,11.01,Wholesale
Western North,Bibiani Anhwiaso Bekwai Municipal,02/10/2025,Bibiani ,Onion,31.82,Wholesale
Western North,Bibiani Anhwiaso Bekwai Municipal,02/10/2025,Bibiani ,Ginger,77.23,Wholesale
Western North,Bibiani Anhwiaso Bekwai Municipal,02/10/2025,Bibiani ,Dried pepper,20.86,Wholesale
Western North,Bibiani Anhwiaso Bekwai Municipal,02/10/2025,Bibiani ,Fresh pepper bonnet,71.44,Wholesale
Western North,Bibiani Anhwiaso Bekwai Municipal,02/10/2025,Bibiani ,Palm fruit,12.12,Wholesale
Western North,Bibiani Anhwiaso Bekwai Municipal,02/10/2025,Bibiani ,Groundnut red,20.16,Wholesale
Western North,Bibiani Anhwiaso Bekwai Municipal,02/10/2025,Bibiani ,Cowpea white,23.55,Wholesale
Western North,Bibiani Anhwiaso Bekwai Municipal,02/10/2025,Bibiani ,Soya bean,17.60,Wholesale
Western North,Bibiani Anhwiaso Bekwai Municipal,02/10/2025,Bibiani ,Melon seeds agushi,44.77,Wholesale
Western North,Bibiani Anhwiaso Bekwai Municipal,02/10/2025,Bibiani ,Melon seeds agushi powder,44.97,Wholesale
Western North,Bibiani Anhwiaso Bekwai Municipal,02/10/2025,Bibiani ,Palm oil,29.63,Wholesale
Western North,Bibiani Anhwiaso Bekwai Municipal,02/10/2025,Bibiani ,Egg commercial,51.00,Wholesale
Western North,Bibiani Anhwiaso Bekwai Municipal,02/10/2025,Bibiani ,Chicken,22.00,Wholesale
Western North,Bibiani Anhwiaso Bekwai Municipal,02/10/2025,Bibiani ,Cabbage,9.70,Wholesale
Western North,Bibiani Anhwiaso Bekwai Municipal,02/10/2025,Bibiani ,Pawpaw,11.11,Wholesale
Western North,Bibiani Anhwiaso Bekwai Municipal,02/10/2025,Bibiani ,Cassava dough,6.85,Wholesale
Western North,Bibiani Anhwiaso Bekwai Municipal,02/10/2025,Bibiani ,Tomato navrongo,27.24,Wholesale
Western North,Bibiani Anhwiaso Bekwai Municipal,02/10/2025,Bibiani ,Unshelled groundnut,24.23,Wholesale
Western North,Bibiani Anhwiaso Bekwai Municipal,02/10/2025,Bibiani ,Dried cassava chips kokonte,9.76,Wholesale
Ahafo,Asunafo North Municipal,03/10/2025,Goaso,White maize,6.63,Wholesale
Ahafo,Asunafo North Municipal,03/10/2025,Goaso,Maize yellow,6.68,Wholesale
Ahafo,Asunafo North Municipal,03/10/2025,Goaso,Millet,12.67,Wholesale
Ahafo,Asunafo North Municipal,03/10/2025,Goaso,Rice local perfumed,14.17,Wholesale
Ahafo,Asunafo North Municipal,03/10/2025,Goaso,Cocoyam,19.01,Wholesale
Ahafo,Asunafo North Municipal,03/10/2025,Goaso,Gari,12.50,Wholesale
Ahafo,Asunafo North Municipal,03/10/2025,Goaso,Dried cassava powder kokonte,9.06,Wholesale
Ahafo,Asunafo North Municipal,03/10/2025,Goaso,Plantain apentu,7.27,Wholesale
Ahafo,Asunafo North Municipal,03/10/2025,Goaso,Tomato local,10.37,Wholesale
Ahafo,Asunafo North Municipal,03/10/2025,Goaso,Garden egg,9.19,Wholesale
Ahafo,Asunafo North Municipal,03/10/2025,Goaso,Okro fresh,18.71,Wholesale
Ahafo,Asunafo North Municipal,03/10/2025,Goaso,Ginger,28.43,Wholesale
Ahafo,Asunafo North Municipal,03/10/2025,Goaso,Fresh pepper bonnet,36.56,Wholesale
Ahafo,Asunafo North Municipal,03/10/2025,Goaso,Palm fruit,3.85,Wholesale
Ahafo,Asunafo North Municipal,03/10/2025,Goaso,Groundnut red,18.92,Wholesale
Ahafo,Asunafo North Municipal,03/10/2025,Goaso,Cowpea white,14.12,Wholesale
Ahafo,Asunafo North Municipal,03/10/2025,Goaso,Egg commercial,50.00,Wholesale
Ahafo,Asunafo North Municipal,03/10/2025,Goaso,Sorghum,11.11,Wholesale
Ahafo,Asunafo North Municipal,03/10/2025,Goaso,Yam puna,10.51,Wholesale
Ahafo,Asunafo North Municipal,03/10/2025,Goaso,Tomato navrongo,10.66,Wholesale
Ahafo,Asunafo North Municipal,03/10/2025,Goaso,Dried cassava chips kokonte,8.82,Wholesale
Bono,Sunyani Municipal,01/10/2025,Nana Bosomah,White maize,4.62,Wholesale
Bono,Sunyani Municipal,01/10/2025,Nana Bosomah,Maize yellow,4.62,Wholesale
Bono,Sunyani Municipal,01/10/2025,Nana Bosomah,Rice local perfumed,11.67,Wholesale
Bono,Sunyani Municipal,01/10/2025,Nana Bosomah,Rice local non perfumed,10.00,Wholesale
Bono,Sunyani Municipal,01/10/2025,Nana Bosomah,Rice imported perfumed,14.80,Wholesale
Bono,Sunyani Municipal,01/10/2025,Nana Bosomah,Rice imported non perfumed,11.11,Wholesale
Bono,Sunyani Municipal,01/10/2025,Nana Bosomah,Yam white,6.85,Wholesale
Bono,Sunyani Municipal,01/10/2025,Nana Bosomah,Plantain apentu,11.78,Wholesale
Bono,Sunyani Municipal,01/10/2025,Nana Bosomah,Plantain apem,11.33,Wholesale
Bono,Sunyani Municipal,01/10/2025,Nana Bosomah,Banana exotic,9.81,Wholesale
Bono,Sunyani Municipal,01/10/2025,Nana Bosomah,Banana local,10.14,Wholesale
Bono,Sunyani Municipal,01/10/2025,Nana Bosomah,Ginger,31.25,Wholesale
Bono,Sunyani Municipal,01/10/2025,Nana Bosomah,Dried pepper,74.07,Wholesale
Bono,Sunyani Municipal,01/10/2025,Nana Bosomah,Fresh pepper bonnet,7.58,Wholesale
Bono,Sunyani Municipal,01/10/2025,Nana Bosomah,Yam puna,7.29,Wholesale
Bono,Sunyani Municipal,01/10/2025,Nana Bosomah,Tomato navrongo,23.89,Wholesale
Upper West,Wa Municipal,06/10/2025,Wa,White maize,10.40,Wholesale
Upper West,Wa Municipal,06/10/2025,Wa,Maize yellow,10.40,Wholesale
Upper West,Wa Municipal,06/10/2025,Wa,Millet,24.00,Wholesale
Upper West,Wa Municipal,06/10/2025,Wa,Rice local perfumed,32.00,Wholesale
Upper West,Wa Municipal,06/10/2025,Wa,Rice local non perfumed,24.00,Wholesale
Upper West,Wa Municipal,06/10/2025,Wa,Rice imported perfumed,16.00,Wholesale
Upper West,Wa Municipal,06/10/2025,Wa,Rice imported non perfumed,11.20,Wholesale
Upper West,Wa Municipal,06/10/2025,Wa,Yam white,6.20,Wholesale
Upper West,Wa Municipal,06/10/2025,Wa,Gari,20.00,Wholesale
Upper West,Wa Municipal,06/10/2025,Wa,Groundnut red,24.00,Wholesale
Upper West,Wa Municipal,06/10/2025,Wa,Cowpea white,40.00,Wholesale
Upper West,Wa Municipal,06/10/2025,Wa,Soya bean,12.80,Wholesale
Upper West,Wa Municipal,06/10/2025,Wa,Bambara bean,44.00,Wholesale
Upper West,Wa Municipal,06/10/2025,Wa,Sorghum,12.40,Wholesale
Upper West,Wa Municipal,06/10/2025,Wa,Yam puna,6.62,Wholesale
Upper West,Wa Municipal,06/10/2025,Wa,Unshelled groundnut,13.00,Wholesale
Greater Accra,Tema East,04/10/2025,Tema Community One,White maize,9.33,Wholesale
Greater Accra,Tema East,04/10/2025,Tema Community One,Maize yellow,10.33,Wholesale
Greater Accra,Tema East,04/10/2025,Tema Community One,Millet,16.67,Wholesale
Greater Accra,Tema East,04/10/2025,Tema Community One,Rice local perfumed,27.10,Wholesale
Greater Accra,Tema East,04/10/2025,Tema Community One,Rice imported perfumed,27.67,Wholesale
Greater Accra,Tema East,04/10/2025,Tema Community One,Gari,20.95,Wholesale
Greater Accra,Tema East,04/10/2025,Tema Community One,Dried cassava powder kokonte,27.27,Wholesale
Greater Accra,Tema East,04/10/2025,Tema Community One,Plantain apentu,29.28,Wholesale
Greater Accra,Tema East,04/10/2025,Tema Community One,Plantain apem,47.16,Wholesale
Greater Accra,Tema East,04/10/2025,Tema Community One,Orange,7.58,Wholesale
Greater Accra,Tema East,04/10/2025,Tema Community One,Pineapple,9.68,Wholesale
Greater Accra,Tema East,04/10/2025,Tema Community One,Garden egg,31.82,Wholesale
Greater Accra,Tema East,04/10/2025,Tema Community One,Onion,23.54,Wholesale
Greater Accra,Tema East,04/10/2025,Tema Community One,Ginger,98.72,Wholesale
Greater Accra,Tema East,04/10/2025,Tema Community One,Dried pepper,60.00,Wholesale
Greater Accra,Tema East,04/10/2025,Tema Community One,Fresh pepper,28.32,Wholesale
Greater Accra,Tema East,04/10/2025,Tema Community One,Fresh pepper bonnet,41.41,Wholesale
Greater Accra,Tema East,04/10/2025,Tema Community One,Groundnut red,32.26,Wholesale
Greater Accra,Tema East,04/10/2025,Tema Community One,Cowpea white,18.75,Wholesale
Greater Accra,Tema East,04/10/2025,Tema Community One,Soya bean,15.79,Wholesale
Greater Accra,Tema East,04/10/2025,Tema Community One,Melon seeds agushi,90.91,Wholesale
Greater Accra,Tema East,04/10/2025,Tema Community One,Melon seeds agushi powder,75.00,Wholesale
Greater Accra,Tema East,04/10/2025,Tema Community One,Palm oil,29.33,Wholesale
Greater Accra,Tema East,04/10/2025,Tema Community One,Smoked herring,88.24,Wholesale
Greater Accra,Tema East,04/10/2025,Tema Community One,Egg commercial,68.33,Wholesale
Greater Accra,Tema East,04/10/2025,Tema Community One,Bambara bean,33.33,Wholesale
Greater Accra,Tema East,04/10/2025,Tema Community One,Sorghum,16.91,Wholesale
Greater Accra,Tema East,04/10/2025,Tema Community One,Yam puna,24.34,Wholesale
Greater Accra,Tema East,04/10/2025,Tema Community One,Tomato navrongo,20.39,Wholesale
Bono East,Techiman Municipal,02/10/2025,Techiman,White maize,4.23,Wholesale
Bono East,Techiman Municipal,02/10/2025,Techiman,Maize yellow,5.00,Wholesale
Bono East,Techiman Municipal,02/10/2025,Techiman,Millet,11.47,Wholesale
Bono East,Techiman Municipal,02/10/2025,Techiman,Rice local perfumed,12.11,Wholesale
Bono East,Techiman Municipal,02/10/2025,Techiman,Rice local non perfumed,9.88,Wholesale
Bono East,Techiman Municipal,02/10/2025,Techiman,Rice imported perfumed,17.04,Wholesale
Bono East,Techiman Municipal,02/10/2025,Techiman,Rice imported non perfumed,12.96,Wholesale
Bono East,Techiman Municipal,02/10/2025,Techiman,Yam white,6.20,Wholesale
Bono East,Techiman Municipal,02/10/2025,Techiman,Cocoyam,19.32,Wholesale
Bono East,Techiman Municipal,02/10/2025,Techiman,Cassava,1.58,Wholesale
Bono East,Techiman Municipal,02/10/2025,Techiman,Gari,10.33,Wholesale
Bono East,Techiman Municipal,02/10/2025,Techiman,Plantain apentu,7.67,Wholesale
Bono East,Techiman Municipal,02/10/2025,Techiman,Plantain apem,9.33,Wholesale
Bono East,Techiman Municipal,02/10/2025,Techiman,Orange,3.34,Wholesale
Bono East,Techiman Municipal,02/10/2025,Techiman,Pineapple,8.63,Wholesale
Bono East,Techiman Municipal,02/10/2025,Techiman,Garden egg,5.16,Wholesale
Bono East,Techiman Municipal,02/10/2025,Techiman,Okro fresh,14.45,Wholesale
Bono East,Techiman Municipal,02/10/2025,Techiman,Onion,10.21,Wholesale
Bono East,Techiman Municipal,02/10/2025,Techiman,Ginger,42.72,Wholesale
Bono East,Techiman Municipal,02/10/2025,Techiman,Dried pepper,118.80,Wholesale
Bono East,Techiman Municipal,02/10/2025,Techiman,Fresh pepper bonnet,15.58,Wholesale
Bono East,Techiman Municipal,02/10/2025,Techiman,Palm fruit,8.64,Wholesale
Bono East,Techiman Municipal,02/10/2025,Techiman,Tiger nut,11.47,Wholesale
Bono East,Techiman Municipal,02/10/2025,Techiman,Groundnut red,17.39,Wholesale
Bono East,Techiman Municipal,02/10/2025,Techiman,Cowpea white,18.06,Wholesale
Bono East,Techiman Municipal,02/10/2025,Techiman,Soya bean,8.40,Wholesale
Bono East,Techiman Municipal,02/10/2025,Techiman,Melon seeds agushi,43.87,Wholesale
Bono East,Techiman Municipal,02/10/2025,Techiman,Melon seeds neri,13.63,Wholesale
Bono East,Techiman Municipal,02/10/2025,Techiman,Palm oil,28.89,Wholesale
Bono East,Techiman Municipal,02/10/2025,Techiman,Anchovy,65.83,Wholesale
Bono East,Techiman Municipal,02/10/2025,Techiman,Egg commercial,56.00,Wholesale
Bono East,Techiman Municipal,02/10/2025,Techiman,Chicken,38.67,Wholesale
Bono East,Techiman Municipal,02/10/2025,Techiman,Pawpaw,2.41,Wholesale
Bono East,Techiman Municipal,02/10/2025,Techiman,Bambara bean,22.81,Wholesale
Bono East,Techiman Municipal,02/10/2025,Techiman,Cassava dough,5.25,Wholesale
Bono East,Techiman Municipal,02/10/2025,Techiman,Fresh red fish,56.67,Wholesale
Bono East,Techiman Municipal,02/10/2025,Techiman,Fresh kpanla fish,37.39,Wholesale
Bono East,Techiman Municipal,02/10/2025,Techiman,Plantain riped,12.10,Wholesale
Bono East,Techiman Municipal,02/10/2025,Techiman,Sorghum,8.15,Wholesale
Bono East,Techiman Municipal,02/10/2025,Techiman,Yam puna,9.27,Wholesale
Bono East,Techiman Municipal,02/10/2025,Techiman,Tomato navrongo,21.86,Wholesale
Bono East,Techiman Municipal,02/10/2025,Techiman,Dried cassava chips kokonte,6.45,Wholesale
Ahafo,Asunafo North Municipal,09/10/2025,Goaso,White maize,5.29,Wholesale
Ahafo,Asunafo North Municipal,09/10/2025,Goaso,Maize yellow,5.25,Wholesale
Ahafo,Asunafo North Municipal,09/10/2025,Goaso,Millet,12.51,Wholesale
Ahafo,Asunafo North Municipal,09/10/2025,Goaso,Gari,12.50,Wholesale
Ahafo,Asunafo North Municipal,09/10/2025,Goaso,Groundnut red,19.23,Wholesale
Ahafo,Asunafo North Municipal,09/10/2025,Goaso,Cowpea white,14.88,Wholesale
Ahafo,Asunafo North Municipal,09/10/2025,Goaso,Egg commercial,51.67,Wholesale
Ahafo,Asunafo North Municipal,09/10/2025,Goaso,Sorghum,10.28,Wholesale
Eastern,New Juaben South Municipal,10/10/2025,Koforidua Central,Rice imported non perfumed,16.00,Wholesale
Eastern,New Juaben South Municipal,10/10/2025,Koforidua Central,Plantain apentu,10.72,Wholesale
Eastern,New Juaben South Municipal,10/10/2025,Koforidua Central,Plantain apem,11.21,Wholesale
Eastern,New Juaben South Municipal,10/10/2025,Koforidua Central,Pineapple,6.59,Wholesale
Eastern,New Juaben South Municipal,10/10/2025,Koforidua Central,Garden egg,6.67,Wholesale
Eastern,New Juaben South Municipal,10/10/2025,Koforidua Central,Okro fresh,19.33,Wholesale
Eastern,New Juaben South Municipal,10/10/2025,Koforidua Central,Ginger,83.53,Wholesale
Eastern,New Juaben South Municipal,10/10/2025,Koforidua Central,Fresh pepper bonnet,10.25,Wholesale
Eastern,New Juaben South Municipal,10/10/2025,Koforidua Central,Cowpea white,25.83,Wholesale
Eastern,New Juaben South Municipal,10/10/2025,Koforidua Central,Palm oil,25.18,Wholesale
Eastern,New Juaben South Municipal,10/10/2025,Koforidua Central,Yam puna,12.38,Wholesale
Eastern,New Juaben South Municipal,10/10/2025,Koforidua Central,Tomato navrongo,9.80,Wholesale
Western North,Bibiani Anhwiaso Bekwai Municipal,10/10/2025,Bibiani ,White maize,7.01,Wholesale
Western North,Bibiani Anhwiaso Bekwai Municipal,10/10/2025,Bibiani ,Maize yellow,7.44,Wholesale
Western North,Bibiani Anhwiaso Bekwai Municipal,10/10/2025,Bibiani ,Millet,19.33,Wholesale
Western North,Bibiani Anhwiaso Bekwai Municipal,10/10/2025,Bibiani ,Rice local perfumed,15.97,Wholesale
Western North,Bibiani Anhwiaso Bekwai Municipal,10/10/2025,Bibiani ,Rice local non perfumed,13.70,Wholesale
Western North,Bibiani Anhwiaso Bekwai Municipal,10/10/2025,Bibiani ,Rice imported perfumed,17.93,Wholesale
Western North,Bibiani Anhwiaso Bekwai Municipal,10/10/2025,Bibiani ,Rice imported non perfumed,15.58,Wholesale
Western North,Bibiani Anhwiaso Bekwai Municipal,10/10/2025,Bibiani ,Gari,10.55,Wholesale
Western North,Bibiani Anhwiaso Bekwai Municipal,10/10/2025,Bibiani ,Dried cassava powder kokonte,6.71,Wholesale
Western North,Bibiani Anhwiaso Bekwai Municipal,10/10/2025,Bibiani ,Plantain apentu,11.01,Wholesale
Western North,Bibiani Anhwiaso Bekwai Municipal,10/10/2025,Bibiani ,Tomato local,18.91,Wholesale
Western North,Bibiani Anhwiaso Bekwai Municipal,10/10/2025,Bibiani ,Garden egg,14.64,Wholesale
Western North,Bibiani Anhwiaso Bekwai Municipal,10/10/2025,Bibiani ,Okro fresh,31.99,Wholesale
Western North,Bibiani Anhwiaso Bekwai Municipal,10/10/2025,Bibiani ,Onion,30.54,Wholesale
Western North,Bibiani Anhwiaso Bekwai Municipal,10/10/2025,Bibiani ,Dried pepper,22.34,Wholesale
Western North,Bibiani Anhwiaso Bekwai Municipal,10/10/2025,Bibiani ,Fresh pepper bonnet,41.31,Wholesale
Western North,Bibiani Anhwiaso Bekwai Municipal,10/10/2025,Bibiani ,Palm fruit,11.48,Wholesale
Western North,Bibiani Anhwiaso Bekwai Municipal,10/10/2025,Bibiani ,Groundnut red,20.42,Wholesale
Western North,Bibiani Anhwiaso Bekwai Municipal,10/10/2025,Bibiani ,Cowpea white,21.88,Wholesale
Western North,Bibiani Anhwiaso Bekwai Municipal,10/10/2025,Bibiani ,Soya bean,14.80,Wholesale
Western North,Bibiani Anhwiaso Bekwai Municipal,10/10/2025,Bibiani ,Melon seeds agushi,45.63,Wholesale
Western North,Bibiani Anhwiaso Bekwai Municipal,10/10/2025,Bibiani ,Melon seeds agushi powder,47.86,Wholesale
Western North,Bibiani Anhwiaso Bekwai Municipal,10/10/2025,Bibiani ,Melon seeds neri,26.48,Wholesale
Western North,Bibiani Anhwiaso Bekwai Municipal,10/10/2025,Bibiani ,Melon seeds neri powder,18.06,Wholesale
Western North,Bibiani Anhwiaso Bekwai Municipal,10/10/2025,Bibiani ,Palm oil,28.89,Wholesale
Western North,Bibiani Anhwiaso Bekwai Municipal,10/10/2025,Bibiani ,Egg commercial,52.67,Wholesale
Western North,Bibiani Anhwiaso Bekwai Municipal,10/10/2025,Bibiani ,Nkontomire,8.89,Wholesale
Western North,Bibiani Anhwiaso Bekwai Municipal,10/10/2025,Bibiani ,Snail,107.78,Wholesale
Western North,Bibiani Anhwiaso Bekwai Municipal,10/10/2025,Bibiani ,Tomato navrongo,28.82,Wholesale
Western North,Bibiani Anhwiaso Bekwai Municipal,10/10/2025,Bibiani ,Coconut fresh,8.92,Wholesale
Western North,Bibiani Anhwiaso Bekwai Municipal,10/10/2025,Bibiani ,Unshelled groundnut,19.49,Wholesale
Western North,Bibiani Anhwiaso Bekwai Municipal,10/10/2025,Bibiani ,Dried cassava chips kokonte,7.55,Wholesale
Savannah,Bole,16/09/2025,Bamboi,White maize,4.33,Wholesale
Savannah,Bole,16/09/2025,Bamboi,Maize yellow,4.33,Wholesale
Savannah,Bole,16/09/2025,Bamboi,Millet,18.27,Wholesale
Savannah,Bole,16/09/2025,Bamboi,Rice local perfumed,11.31,Wholesale
Savannah,Bole,16/09/2025,Bamboi,Rice local non perfumed,7.20,Wholesale
Savannah,Bole,16/09/2025,Bamboi,Rice imported perfumed,13.13,Wholesale
Savannah,Bole,16/09/2025,Bamboi,Rice imported non perfumed,12.25,Wholesale
Savannah,Bole,16/09/2025,Bamboi,Yam white,13.50,Wholesale
Savannah,Bole,16/09/2025,Bamboi,Gari,14.71,Wholesale
Savannah,Bole,16/09/2025,Bamboi,Tomato local,14.42,Wholesale
Savannah,Bole,16/09/2025,Bamboi,Garden egg,20.00,Wholesale
Savannah,Bole,16/09/2025,Bamboi,Okro fresh,29.30,Wholesale
Savannah,Bole,16/09/2025,Bamboi,Onion,15.15,Wholesale
Savannah,Bole,16/09/2025,Bamboi,Ginger,30.73,Wholesale
Savannah,Bole,16/09/2025,Bamboi,Fresh pepper bonnet,23.08,Wholesale
Savannah,Bole,16/09/2025,Bamboi,Palm fruit,26.44,Wholesale
Savannah,Bole,16/09/2025,Bamboi,Groundnut red,18.45,Wholesale
Savannah,Bole,16/09/2025,Bamboi,Cowpea white,15.84,Wholesale
Savannah,Bole,16/09/2025,Bamboi,Soya bean,13.05,Wholesale
Savannah,Bole,16/09/2025,Bamboi,Melon seeds agushi,35.14,Wholesale
Savannah,Bole,16/09/2025,Bamboi,Melon seeds neri,31.07,Wholesale
Savannah,Bole,16/09/2025,Bamboi,Beef,80.00,Wholesale
Savannah,Bole,16/09/2025,Bamboi,Egg commercial,50.00,Wholesale
Savannah,Bole,16/09/2025,Bamboi,Cassava dough,8.00,Wholesale
Savannah,Bole,16/09/2025,Bamboi,Sorghum,10.44,Wholesale
Savannah,Bole,16/09/2025,Bamboi,Yam puna,14.50,Wholesale
Savannah,Bole,16/09/2025,Bamboi,Okro dried,43.39,Wholesale
Savannah,Bole,16/09/2025,Bamboi,Unshelled groundnut,4.37,Wholesale
Upper West,Wa Municipal,15/10/2025,Wa,White maize,11.20,Wholesale
Upper West,Wa Municipal,15/10/2025,Wa,Maize yellow,11.47,Wholesale
Upper West,Wa Municipal,15/10/2025,Wa,Millet,24.53,Wholesale
Upper West,Wa Municipal,15/10/2025,Wa,Rice local perfumed,32.00,Wholesale
Upper West,Wa Municipal,15/10/2025,Wa,Rice local non perfumed,24.00,Wholesale
Upper West,Wa Municipal,15/10/2025,Wa,Rice imported perfumed,16.00,Wholesale
Upper West,Wa Municipal,15/10/2025,Wa,Rice imported non perfumed,11.20,Wholesale
Upper West,Wa Municipal,15/10/2025,Wa,Yam white,2.95,Wholesale
Upper West,Wa Municipal,15/10/2025,Wa,Gari,20.00,Wholesale
Upper West,Wa Municipal,15/10/2025,Wa,Dried cassava powder kokonte,28.00,Wholesale
Upper West,Wa Municipal,15/10/2025,Wa,Groundnut red,24.00,Wholesale
Upper West,Wa Municipal,15/10/2025,Wa,Cowpea white,40.00,Wholesale
Upper West,Wa Municipal,15/10/2025,Wa,Soya bean,12.80,Wholesale
Upper West,Wa Municipal,15/10/2025,Wa,Bambara bean,44.00,Wholesale
Upper West,Wa Municipal,15/10/2025,Wa,Sorghum,12.80,Wholesale
Upper West,Wa Municipal,15/10/2025,Wa,Yam puna,5.27,Wholesale
Upper West,Wa Municipal,15/10/2025,Wa,Unshelled groundnut,12.00,Wholesale
Upper West,Wa Municipal,15/10/2025,Wa,Dried cassava chips kokonte,20.00,Wholesale
Bono East,Techiman Municipal,10/10/2025,Techiman,White maize,4.23,Wholesale
Bono East,Techiman Municipal,10/10/2025,Techiman,Maize yellow,5.00,Wholesale
Bono East,Techiman Municipal,10/10/2025,Techiman,Millet,11.07,Wholesale
Bono East,Techiman Municipal,10/10/2025,Techiman,Rice local perfumed,11.22,Wholesale
Bono East,Techiman Municipal,10/10/2025,Techiman,Rice local non perfumed,9.77,Wholesale
Bono East,Techiman Municipal,10/10/2025,Techiman,Rice imported perfumed,19.07,Wholesale
Bono East,Techiman Municipal,10/10/2025,Techiman,Rice imported non perfumed,12.95,Wholesale
Bono East,Techiman Municipal,10/10/2025,Techiman,Yam white,6.33,Wholesale
Bono East,Techiman Municipal,10/10/2025,Techiman,Cocoyam,16.44,Wholesale
Bono East,Techiman Municipal,10/10/2025,Techiman,Cassava,1.61,Wholesale
Bono East,Techiman Municipal,10/10/2025,Techiman,Gari,8.86,Wholesale
Bono East,Techiman Municipal,10/10/2025,Techiman,Plantain apentu,7.55,Wholesale
Bono East,Techiman Municipal,10/10/2025,Techiman,Plantain apem,9.40,Wholesale
Bono East,Techiman Municipal,10/10/2025,Techiman,Orange,3.00,Wholesale
Bono East,Techiman Municipal,10/10/2025,Techiman,Pineapple,7.71,Wholesale
Bono East,Techiman Municipal,10/10/2025,Techiman,Garden egg,8.12,Wholesale
Bono East,Techiman Municipal,10/10/2025,Techiman,Okro fresh,15.05,Wholesale
Bono East,Techiman Municipal,10/10/2025,Techiman,Onion,9.55,Wholesale
Bono East,Techiman Municipal,10/10/2025,Techiman,Ginger,43.59,Wholesale
Bono East,Techiman Municipal,10/10/2025,Techiman,Dried pepper,110.28,Wholesale
Bono East,Techiman Municipal,10/10/2025,Techiman,Fresh pepper bonnet,13.02,Wholesale
Bono East,Techiman Municipal,10/10/2025,Techiman,Palm fruit,8.62,Wholesale
Bono East,Techiman Municipal,10/10/2025,Techiman,Tiger nut,12.08,Wholesale
Bono East,Techiman Municipal,10/10/2025,Techiman,Groundnut red,14.03,Wholesale
Bono East,Techiman Municipal,10/10/2025,Techiman,Cowpea white,17.44,Wholesale
Bono East,Techiman Municipal,10/10/2025,Techiman,Soya bean,8.40,Wholesale
Bono East,Techiman Municipal,10/10/2025,Techiman,Melon seeds agushi,42.37,Wholesale
Bono East,Techiman Municipal,10/10/2025,Techiman,Melon seeds neri,14.19,Wholesale
Bono East,Techiman Municipal,10/10/2025,Techiman,Palm oil,30.37,Wholesale
Bono East,Techiman Municipal,10/10/2025,Techiman,Anchovy,69.91,Wholesale
Bono East,Techiman Municipal,10/10/2025,Techiman,Egg commercial,54.33,Wholesale
Bono East,Techiman Municipal,10/10/2025,Techiman,Chicken,39.67,Wholesale
Bono East,Techiman Municipal,10/10/2025,Techiman,Cabbage,6.55,Wholesale
Bono East,Techiman Municipal,10/10/2025,Techiman,Pawpaw,1.90,Wholesale
Bono East,Techiman Municipal,10/10/2025,Techiman,Bambara bean,22.81,Wholesale
Bono East,Techiman Municipal,10/10/2025,Techiman,Cassava dough,4.68,Wholesale
Bono East,Techiman Municipal,10/10/2025,Techiman,Fresh red fish,57.67,Wholesale
Bono East,Techiman Municipal,10/10/2025,Techiman,Fresh salmon mackerel fish,50.33,Wholesale
Bono East,Techiman Municipal,10/10/2025,Techiman,Fresh kpanla fish,39.17,Wholesale
Bono East,Techiman Municipal,10/10/2025,Techiman,Plantain riped,9.63,Wholesale
Bono East,Techiman Municipal,10/10/2025,Techiman,Sorghum,8.29,Wholesale
Bono East,Techiman Municipal,10/10/2025,Techiman,Yam puna,9.30,Wholesale
Bono East,Techiman Municipal,10/10/2025,Techiman,Tomato navrongo,25.46,Wholesale
Bono East,Techiman Municipal,10/10/2025,Techiman,Dried cassava chips kokonte,5.77,Wholesale
Eastern,New Juaben South Municipal,16/10/2025,Koforidua Central,Dried cassava powder kokonte,8.91,Wholesale
Eastern,New Juaben South Municipal,16/10/2025,Koforidua Central,Pineapple,10.11,Wholesale
Eastern,New Juaben South Municipal,16/10/2025,Koforidua Central,Garden egg,7.86,Wholesale
Eastern,New Juaben South Municipal,16/10/2025,Koforidua Central,Okro fresh,17.56,Wholesale
Eastern,New Juaben South Municipal,16/10/2025,Koforidua Central,Onion,10.09,Wholesale
Eastern,New Juaben South Municipal,16/10/2025,Koforidua Central,Ginger,71.61,Wholesale
Eastern,New Juaben South Municipal,16/10/2025,Koforidua Central,Fresh pepper,23.59,Wholesale
Eastern,New Juaben South Municipal,16/10/2025,Koforidua Central,Fresh pepper bonnet,9.42,Wholesale
Eastern,New Juaben South Municipal,16/10/2025,Koforidua Central,Egg commercial,58.33,Wholesale
Eastern,New Juaben South Municipal,16/10/2025,Koforidua Central,Cassava dough,4.71,Wholesale
Eastern,New Juaben South Municipal,16/10/2025,Koforidua Central,Tomato navrongo,18.43,Wholesale
Oti,Nkwanta South Municipal,29/09/2025,Nkwanta,White maize,4.33,Wholesale
Oti,Nkwanta South Municipal,29/09/2025,Nkwanta,Millet,9.09,Wholesale
Oti,Nkwanta South Municipal,29/09/2025,Nkwanta,Rice local perfumed,10.67,Wholesale
Oti,Nkwanta South Municipal,29/09/2025,Nkwanta,Rice local non perfumed,7.78,Wholesale
Oti,Nkwanta South Municipal,29/09/2025,Nkwanta,Rice imported perfumed,16.00,Wholesale
Oti,Nkwanta South Municipal,29/09/2025,Nkwanta,Rice imported non perfumed,12.00,Wholesale
Oti,Nkwanta South Municipal,29/09/2025,Nkwanta,Yam white,5.82,Wholesale
Oti,Nkwanta South Municipal,29/09/2025,Nkwanta,Cocoyam,4.67,Wholesale
Oti,Nkwanta South Municipal,29/09/2025,Nkwanta,Cassava,3.33,Wholesale
Oti,Nkwanta South Municipal,29/09/2025,Nkwanta,Gari,8.33,Wholesale
Oti,Nkwanta South Municipal,29/09/2025,Nkwanta,Plantain apentu,4.67,Wholesale
Oti,Nkwanta South Municipal,29/09/2025,Nkwanta,Plantain apem,4.17,Wholesale
Oti,Nkwanta South Municipal,29/09/2025,Nkwanta,Banana exotic,5.55,Wholesale
Oti,Nkwanta South Municipal,29/09/2025,Nkwanta,Banana local,5.47,Wholesale
Oti,Nkwanta South Municipal,29/09/2025,Nkwanta,Tomato local,5.56,Wholesale
Oti,Nkwanta South Municipal,29/09/2025,Nkwanta,Garden egg,13.79,Wholesale
Oti,Nkwanta South Municipal,29/09/2025,Nkwanta,Okro fresh,13.89,Wholesale
Oti,Nkwanta South Municipal,29/09/2025,Nkwanta,Onion,12.50,Wholesale
Oti,Nkwanta South Municipal,29/09/2025,Nkwanta,Ginger,20.00,Wholesale
Oti,Nkwanta South Municipal,29/09/2025,Nkwanta,Dried pepper,70.00,Wholesale
Oti,Nkwanta South Municipal,29/09/2025,Nkwanta,Fresh pepper bonnet,11.76,Wholesale
Oti,Nkwanta South Municipal,29/09/2025,Nkwanta,Palm fruit,8.93,Wholesale
Oti,Nkwanta South Municipal,29/09/2025,Nkwanta,Cowpea white,18.18,Wholesale
Oti,Nkwanta South Municipal,29/09/2025,Nkwanta,Soya bean,8.84,Wholesale
Oti,Nkwanta South Municipal,29/09/2025,Nkwanta,Melon seeds agushi,42.00,Wholesale
Oti,Nkwanta South Municipal,29/09/2025,Nkwanta,Melon seeds neri,8.00,Wholesale
Oti,Nkwanta South Municipal,29/09/2025,Nkwanta,Egg commercial,68.00,Wholesale
Oti,Nkwanta South Municipal,29/09/2025,Nkwanta,Chicken,35.00,Wholesale
Oti,Nkwanta South Municipal,29/09/2025,Nkwanta,Bambara bean,20.00,Wholesale
Oti,Nkwanta South Municipal,29/09/2025,Nkwanta,Cassava dough,3.50,Wholesale
Oti,Nkwanta South Municipal,29/09/2025,Nkwanta,Fresh salmon mackerel fish,24.00,Wholesale
Oti,Nkwanta South Municipal,29/09/2025,Nkwanta,Fresh kpanla fish,15.56,Wholesale
Oti,Nkwanta South Municipal,29/09/2025,Nkwanta,Sorghum,7.27,Wholesale
Oti,Nkwanta South Municipal,29/09/2025,Nkwanta,Yam puna,9.70,Wholesale
Oti,Nkwanta South Municipal,29/09/2025,Nkwanta,Tomato navrongo,12.50,Wholesale
Oti,Nkwanta South Municipal,29/09/2025,Nkwanta,Okro dried,30.77,Wholesale
Oti,Nkwanta South Municipal,06/10/2025,Nkwanta,White maize,4.33,Wholesale
Oti,Nkwanta South Municipal,06/10/2025,Nkwanta,Millet,9.09,Wholesale
Oti,Nkwanta South Municipal,06/10/2025,Nkwanta,Rice local perfumed,10.67,Wholesale
Oti,Nkwanta South Municipal,06/10/2025,Nkwanta,Rice local non perfumed,8.33,Wholesale
Oti,Nkwanta South Municipal,06/10/2025,Nkwanta,Rice imported perfumed,16.00,Wholesale
Oti,Nkwanta South Municipal,06/10/2025,Nkwanta,Rice imported non perfumed,12.00,Wholesale
Oti,Nkwanta South Municipal,06/10/2025,Nkwanta,Yam white,5.82,Wholesale
Oti,Nkwanta South Municipal,06/10/2025,Nkwanta,Cocoyam,4.67,Wholesale
Oti,Nkwanta South Municipal,06/10/2025,Nkwanta,Cassava,3.33,Wholesale
Oti,Nkwanta South Municipal,06/10/2025,Nkwanta,Gari,8.33,Wholesale
Oti,Nkwanta South Municipal,06/10/2025,Nkwanta,Plantain apentu,4.78,Wholesale
Oti,Nkwanta South Municipal,06/10/2025,Nkwanta,Plantain apem,4.11,Wholesale
Oti,Nkwanta South Municipal,06/10/2025,Nkwanta,Banana exotic,5.21,Wholesale
Oti,Nkwanta South Municipal,06/10/2025,Nkwanta,Banana local,5.47,Wholesale
Oti,Nkwanta South Municipal,06/10/2025,Nkwanta,Tomato local,5.56,Wholesale
Oti,Nkwanta South Municipal,06/10/2025,Nkwanta,Garden egg,13.64,Wholesale
Oti,Nkwanta South Municipal,06/10/2025,Nkwanta,Okro fresh,14.26,Wholesale
Oti,Nkwanta South Municipal,06/10/2025,Nkwanta,Onion,12.50,Wholesale
Oti,Nkwanta South Municipal,06/10/2025,Nkwanta,Ginger,20.00,Wholesale
Oti,Nkwanta South Municipal,06/10/2025,Nkwanta,Dried pepper,70.00,Wholesale
Oti,Nkwanta South Municipal,06/10/2025,Nkwanta,Fresh pepper bonnet,10.78,Wholesale
Oti,Nkwanta South Municipal,06/10/2025,Nkwanta,Palm fruit,8.93,Wholesale
Oti,Nkwanta South Municipal,06/10/2025,Nkwanta,Cowpea white,17.68,Wholesale
Oti,Nkwanta South Municipal,06/10/2025,Nkwanta,Soya bean,11.87,Wholesale
Oti,Nkwanta South Municipal,06/10/2025,Nkwanta,Melon seeds agushi,42.00,Wholesale
Oti,Nkwanta South Municipal,06/10/2025,Nkwanta,Melon seeds neri,8.00,Wholesale
Oti,Nkwanta South Municipal,06/10/2025,Nkwanta,Egg commercial,68.00,Wholesale
Oti,Nkwanta South Municipal,06/10/2025,Nkwanta,Chicken,35.00,Wholesale
Oti,Nkwanta South Municipal,06/10/2025,Nkwanta,Bambara bean,20.00,Wholesale
Oti,Nkwanta South Municipal,06/10/2025,Nkwanta,Cassava dough,3.50,Wholesale
Oti,Nkwanta South Municipal,06/10/2025,Nkwanta,Fresh salmon mackerel fish,24.00,Wholesale
Oti,Nkwanta South Municipal,06/10/2025,Nkwanta,Fresh kpanla fish,16.11,Wholesale
Oti,Nkwanta South Municipal,06/10/2025,Nkwanta,Sorghum,7.27,Wholesale
Oti,Nkwanta South Municipal,06/10/2025,Nkwanta,Yam puna,9.09,Wholesale
Oti,Nkwanta South Municipal,06/10/2025,Nkwanta,Tomato navrongo,12.50,Wholesale
Oti,Nkwanta South Municipal,06/10/2025,Nkwanta,Okro dried,30.04,Wholesale
Bono East,Kintampo North Municipal,13/10/2025,Kintampo,White maize,3.87,Wholesale
Bono East,Kintampo North Municipal,13/10/2025,Kintampo,Maize yellow,3.86,Wholesale
Bono East,Kintampo North Municipal,13/10/2025,Kintampo,Millet,9.72,Wholesale
Bono East,Kintampo North Municipal,13/10/2025,Kintampo,Gari,8.33,Wholesale
Bono East,Kintampo North Municipal,13/10/2025,Kintampo,Garden egg,9.20,Wholesale
Bono East,Kintampo North Municipal,13/10/2025,Kintampo,Okro fresh,17.97,Wholesale
Bono East,Kintampo North Municipal,13/10/2025,Kintampo,Onion,11.89,Wholesale
Bono East,Kintampo North Municipal,13/10/2025,Kintampo,Fresh pepper bonnet,17.68,Wholesale
Bono East,Kintampo North Municipal,13/10/2025,Kintampo,Groundnut red,9.31,Wholesale
Bono East,Kintampo North Municipal,13/10/2025,Kintampo,Cowpea white,10.83,Wholesale
Bono East,Kintampo North Municipal,13/10/2025,Kintampo,Soya bean,6.67,Wholesale
Bono East,Kintampo North Municipal,13/10/2025,Kintampo,Sorghum,7.50,Wholesale
Bono East,Kintampo North Municipal,13/10/2025,Kintampo,Tomato navrongo,15.02,Wholesale
Bono East,Kintampo North Municipal,13/10/2025,Kintampo,Dried cassava chips kokonte,5.56,Wholesale
Greater Accra,Tema East,11/10/2025,Tema Community One,White maize,8.33,Wholesale
Greater Accra,Tema East,11/10/2025,Tema Community One,Maize yellow,9.00,Wholesale
Greater Accra,Tema East,11/10/2025,Tema Community One,Millet,16.67,Wholesale
Greater Accra,Tema East,11/10/2025,Tema Community One,Rice local perfumed,26.37,Wholesale
Greater Accra,Tema East,11/10/2025,Tema Community One,Rice imported perfumed,27.67,Wholesale
Greater Accra,Tema East,11/10/2025,Tema Community One,Gari,25.76,Wholesale
Greater Accra,Tema East,11/10/2025,Tema Community One,Dried cassava powder kokonte,29.09,Wholesale
Greater Accra,Tema East,11/10/2025,Tema Community One,Plantain apentu,28.58,Wholesale
Greater Accra,Tema East,11/10/2025,Tema Community One,Plantain apem,47.16,Wholesale
Greater Accra,Tema East,11/10/2025,Tema Community One,Orange,7.66,Wholesale
Greater Accra,Tema East,11/10/2025,Tema Community One,Pineapple,11.31,Wholesale
Greater Accra,Tema East,11/10/2025,Tema Community One,Garden egg,32.32,Wholesale
Greater Accra,Tema East,11/10/2025,Tema Community One,Onion,23.31,Wholesale
Greater Accra,Tema East,11/10/2025,Tema Community One,Ginger,97.43,Wholesale
Greater Accra,Tema East,11/10/2025,Tema Community One,Dried pepper,60.00,Wholesale
Greater Accra,Tema East,11/10/2025,Tema Community One,Fresh pepper,28.87,Wholesale
Greater Accra,Tema East,11/10/2025,Tema Community One,Fresh pepper bonnet,48.48,Wholesale
Greater Accra,Tema East,11/10/2025,Tema Community One,Groundnut red,29.62,Wholesale
Greater Accra,Tema East,11/10/2025,Tema Community One,Cowpea white,18.06,Wholesale
Greater Accra,Tema East,11/10/2025,Tema Community One,Soya bean,16.67,Wholesale
Greater Accra,Tema East,11/10/2025,Tema Community One,Melon seeds agushi,92.35,Wholesale
Greater Accra,Tema East,11/10/2025,Tema Community One,Melon seeds agushi powder,75.00,Wholesale
Greater Accra,Tema East,11/10/2025,Tema Community One,Palm oil,28.67,Wholesale
Greater Accra,Tema East,11/10/2025,Tema Community One,Smoked herring,90.08,Wholesale
Greater Accra,Tema East,11/10/2025,Tema Community One,Egg commercial,68.33,Wholesale
Greater Accra,Tema East,11/10/2025,Tema Community One,Bambara bean,33.33,Wholesale
Greater Accra,Tema East,11/10/2025,Tema Community One,Sorghum,15.97,Wholesale
Greater Accra,Tema East,11/10/2025,Tema Community One,Yam puna,25.66,Wholesale
Greater Accra,Tema East,11/10/2025,Tema Community One,Tomato navrongo,26.74,Wholesale
Bono,Sunyani Municipal,08/10/2025,Nana Bosomah,White maize,4.00,Wholesale
Bono,Sunyani Municipal,08/10/2025,Nana Bosomah,Maize yellow,4.00,Wholesale
Bono,Sunyani Municipal,08/10/2025,Nana Bosomah,Rice local perfumed,11.67,Wholesale
Bono,Sunyani Municipal,08/10/2025,Nana Bosomah,Rice local non perfumed,7.00,Wholesale
Bono,Sunyani Municipal,08/10/2025,Nana Bosomah,Rice imported perfumed,18.00,Wholesale
Bono,Sunyani Municipal,08/10/2025,Nana Bosomah,Rice imported non perfumed,12.00,Wholesale
Bono,Sunyani Municipal,08/10/2025,Nana Bosomah,Plantain apentu,9.83,Wholesale
Bono,Sunyani Municipal,08/10/2025,Nana Bosomah,Plantain apem,9.83,Wholesale
Bono,Sunyani Municipal,08/10/2025,Nana Bosomah,Banana exotic,7.53,Wholesale
Bono,Sunyani Municipal,08/10/2025,Nana Bosomah,Banana local,7.53,Wholesale
Western North,Bibiani Anhwiaso Bekwai Municipal,16/10/2025,Bibiani ,White maize,6.84,Wholesale
Western North,Bibiani Anhwiaso Bekwai Municipal,16/10/2025,Bibiani ,Maize yellow,7.42,Wholesale
Western North,Bibiani Anhwiaso Bekwai Municipal,16/10/2025,Bibiani ,Millet,19.33,Wholesale
Western North,Bibiani Anhwiaso Bekwai Municipal,16/10/2025,Bibiani ,Rice local perfumed,16.48,Wholesale
Western North,Bibiani Anhwiaso Bekwai Municipal,16/10/2025,Bibiani ,Rice local non perfumed,13.41,Wholesale
Western North,Bibiani Anhwiaso Bekwai Municipal,16/10/2025,Bibiani ,Rice imported perfumed,19.25,Wholesale
Western North,Bibiani Anhwiaso Bekwai Municipal,16/10/2025,Bibiani ,Rice imported non perfumed,10.76,Wholesale
Western North,Bibiani Anhwiaso Bekwai Municipal,16/10/2025,Bibiani ,Yam white,9.15,Wholesale
Western North,Bibiani Anhwiaso Bekwai Municipal,16/10/2025,Bibiani ,Cocoyam,21.57,Wholesale
Western North,Bibiani Anhwiaso Bekwai Municipal,16/10/2025,Bibiani ,Gari,9.86,Wholesale
Western North,Bibiani Anhwiaso Bekwai Municipal,16/10/2025,Bibiani ,Dried cassava powder kokonte,6.84,Wholesale
Western North,Bibiani Anhwiaso Bekwai Municipal,16/10/2025,Bibiani ,Tomato local,9.55,Wholesale
Western North,Bibiani Anhwiaso Bekwai Municipal,16/10/2025,Bibiani ,Garden egg,11.71,Wholesale
Western North,Bibiani Anhwiaso Bekwai Municipal,16/10/2025,Bibiani ,Okro fresh,18.83,Wholesale
Western North,Bibiani Anhwiaso Bekwai Municipal,16/10/2025,Bibiani ,Onion,21.47,Wholesale
Western North,Bibiani Anhwiaso Bekwai Municipal,16/10/2025,Bibiani ,Dried pepper,20.16,Wholesale
Western North,Bibiani Anhwiaso Bekwai Municipal,16/10/2025,Bibiani ,Fresh pepper,23.34,Wholesale
Western North,Bibiani Anhwiaso Bekwai Municipal,16/10/2025,Bibiani ,Fresh pepper bonnet,24.73,Wholesale
Western North,Bibiani Anhwiaso Bekwai Municipal,16/10/2025,Bibiani ,Palm fruit,10.03,Wholesale
Western North,Bibiani Anhwiaso Bekwai Municipal,16/10/2025,Bibiani ,Cowpea white,21.41,Wholesale
Western North,Bibiani Anhwiaso Bekwai Municipal,16/10/2025,Bibiani ,Soya bean,15.31,Wholesale
Western North,Bibiani Anhwiaso Bekwai Municipal,16/10/2025,Bibiani ,Melon seeds agushi,44.47,Wholesale
Western North,Bibiani Anhwiaso Bekwai Municipal,16/10/2025,Bibiani ,Melon seeds agushi powder,45.86,Wholesale
Western North,Bibiani Anhwiaso Bekwai Municipal,16/10/2025,Bibiani ,Melon seeds neri,19.22,Wholesale
Western North,Bibiani Anhwiaso Bekwai Municipal,16/10/2025,Bibiani ,Melon seeds neri powder,20.45,Wholesale
Western North,Bibiani Anhwiaso Bekwai Municipal,16/10/2025,Bibiani ,Palm oil,30.52,Wholesale
Western North,Bibiani Anhwiaso Bekwai Municipal,16/10/2025,Bibiani ,Egg commercial,54.67,Wholesale
Western North,Bibiani Anhwiaso Bekwai Municipal,16/10/2025,Bibiani ,Chicken,17.90,Wholesale
Western North,Bibiani Anhwiaso Bekwai Municipal,16/10/2025,Bibiani ,Nkontomire,11.11,Wholesale
Western North,Bibiani Anhwiaso Bekwai Municipal,16/10/2025,Bibiani ,Yam puna,10.65,Wholesale
Western North,Bibiani Anhwiaso Bekwai Municipal,16/10/2025,Bibiani ,Tomato navrongo,23.18,Wholesale
Western North,Bibiani Anhwiaso Bekwai Municipal,16/10/2025,Bibiani ,Coconut fresh,9.89,Wholesale
Western North,Bibiani Anhwiaso Bekwai Municipal,16/10/2025,Bibiani ,Okro dried,208.33,Wholesale
Western North,Bibiani Anhwiaso Bekwai Municipal,16/10/2025,Bibiani ,Unshelled groundnut,22.54,Wholesale
Western North,Bibiani Anhwiaso Bekwai Municipal,16/10/2025,Bibiani ,Dried cassava chips kokonte,7.98,Wholesale
Bono East,Techiman Municipal,15/10/2025,Techiman,White maize,4.23,Wholesale
Bono East,Techiman Municipal,15/10/2025,Techiman,Maize yellow,5.00,Wholesale
Bono East,Techiman Municipal,15/10/2025,Techiman,Millet,11.20,Wholesale
Bono East,Techiman Municipal,15/10/2025,Techiman,Rice local perfumed,10.89,Wholesale
Bono East,Techiman Municipal,15/10/2025,Techiman,Rice local non perfumed,9.76,Wholesale
Bono East,Techiman Municipal,15/10/2025,Techiman,Rice imported perfumed,15.73,Wholesale
Bono East,Techiman Municipal,15/10/2025,Techiman,Rice imported non perfumed,12.89,Wholesale
Bono East,Techiman Municipal,15/10/2025,Techiman,Yam white,6.98,Wholesale
Bono East,Techiman Municipal,15/10/2025,Techiman,Cocoyam,16.82,Wholesale
Bono East,Techiman Municipal,15/10/2025,Techiman,Cassava,1.62,Wholesale
Bono East,Techiman Municipal,15/10/2025,Techiman,Gari,9.00,Wholesale
Bono East,Techiman Municipal,15/10/2025,Techiman,Plantain apentu,8.42,Wholesale
Bono East,Techiman Municipal,15/10/2025,Techiman,Plantain apem,9.82,Wholesale
Bono East,Techiman Municipal,15/10/2025,Techiman,Orange,3.12,Wholesale
Bono East,Techiman Municipal,15/10/2025,Techiman,Pineapple,7.72,Wholesale
Bono East,Techiman Municipal,15/10/2025,Techiman,Garden egg,7.64,Wholesale
Bono East,Techiman Municipal,15/10/2025,Techiman,Okro fresh,15.28,Wholesale
Bono East,Techiman Municipal,15/10/2025,Techiman,Ginger,43.45,Wholesale
Bono East,Techiman Municipal,15/10/2025,Techiman,Dried pepper,118.89,Wholesale
Bono East,Techiman Municipal,15/10/2025,Techiman,Fresh pepper bonnet,48.28,Wholesale
Bono East,Techiman Municipal,15/10/2025,Techiman,Palm fruit,7.91,Wholesale
Bono East,Techiman Municipal,15/10/2025,Techiman,Tiger nut,11.76,Wholesale
Bono East,Techiman Municipal,15/10/2025,Techiman,Groundnut red,15.83,Wholesale
Bono East,Techiman Municipal,15/10/2025,Techiman,Cowpea white,17.14,Wholesale
Bono East,Techiman Municipal,15/10/2025,Techiman,Soya bean,8.27,Wholesale
Bono East,Techiman Municipal,15/10/2025,Techiman,Melon seeds agushi,43.47,Wholesale
Bono East,Techiman Municipal,15/10/2025,Techiman,Melon seeds neri,14.18,Wholesale
Bono East,Techiman Municipal,15/10/2025,Techiman,Palm oil,29.26,Wholesale
Bono East,Techiman Municipal,15/10/2025,Techiman,Anchovy,68.87,Wholesale
Bono East,Techiman Municipal,15/10/2025,Techiman,Egg commercial,53.00,Wholesale
Bono East,Techiman Municipal,15/10/2025,Techiman,Chicken,39.67,Wholesale
Bono East,Techiman Municipal,15/10/2025,Techiman,Cabbage,6.83,Wholesale
Bono East,Techiman Municipal,15/10/2025,Techiman,Pawpaw,2.44,Wholesale
Bono East,Techiman Municipal,15/10/2025,Techiman,Bambara bean,22.53,Wholesale
Bono East,Techiman Municipal,15/10/2025,Techiman,Cassava dough,5.51,Wholesale
Bono East,Techiman Municipal,15/10/2025,Techiman,Fresh red fish,56.33,Wholesale
Bono East,Techiman Municipal,15/10/2025,Techiman,Fresh salmon mackerel fish,61.67,Wholesale
Bono East,Techiman Municipal,15/10/2025,Techiman,Fresh kpanla fish,40.00,Wholesale
Bono East,Techiman Municipal,15/10/2025,Techiman,Plantain riped,10.47,Wholesale
Bono East,Techiman Municipal,15/10/2025,Techiman,Sorghum,8.52,Wholesale
Bono East,Techiman Municipal,15/10/2025,Techiman,Yam puna,9.50,Wholesale
Bono East,Techiman Municipal,15/10/2025,Techiman,Tomato navrongo,25.97,Wholesale
Bono East,Techiman Municipal,15/10/2025,Techiman,Dried cassava chips kokonte,5.95,Wholesale
Greater Accra,Tema East,19/10/2025,Tema Community One,White maize,8.00,Wholesale
Greater Accra,Tema East,19/10/2025,Tema Community One,Maize yellow,9.00,Wholesale
Greater Accra,Tema East,19/10/2025,Tema Community One,Millet,16.67,Wholesale
Greater Accra,Tema East,19/10/2025,Tema Community One,Rice local perfumed,25.80,Wholesale
Greater Accra,Tema East,19/10/2025,Tema Community One,Rice imported perfumed,27.93,Wholesale
Greater Accra,Tema East,19/10/2025,Tema Community One,Gari,20.95,Wholesale
Greater Accra,Tema East,19/10/2025,Tema Community One,Dried cassava powder kokonte,30.00,Wholesale
Greater Accra,Tema East,19/10/2025,Tema Community One,Plantain apentu,25.18,Wholesale
Greater Accra,Tema East,19/10/2025,Tema Community One,Plantain apem,44.95,Wholesale
Greater Accra,Tema East,19/10/2025,Tema Community One,Orange,7.73,Wholesale
Greater Accra,Tema East,19/10/2025,Tema Community One,Pineapple,10.47,Wholesale
Greater Accra,Tema East,19/10/2025,Tema Community One,Garden egg,30.54,Wholesale
Greater Accra,Tema East,19/10/2025,Tema Community One,Onion,25.80,Wholesale
Greater Accra,Tema East,19/10/2025,Tema Community One,Ginger,98.72,Wholesale
Greater Accra,Tema East,19/10/2025,Tema Community One,Dried pepper,65.24,Wholesale
Greater Accra,Tema East,19/10/2025,Tema Community One,Fresh pepper,30.17,Wholesale
Greater Accra,Tema East,19/10/2025,Tema Community One,Fresh pepper bonnet,48.48,Wholesale
Greater Accra,Tema East,19/10/2025,Tema Community One,Groundnut red,27.33,Wholesale
Greater Accra,Tema East,19/10/2025,Tema Community One,Cowpea white,18.50,Wholesale
Greater Accra,Tema East,19/10/2025,Tema Community One,Soya bean,16.00,Wholesale
Greater Accra,Tema East,19/10/2025,Tema Community One,Melon seeds agushi,90.91,Wholesale
Greater Accra,Tema East,19/10/2025,Tema Community One,Melon seeds agushi powder,73.81,Wholesale
Greater Accra,Tema East,19/10/2025,Tema Community One,Palm oil,28.33,Wholesale
Greater Accra,Tema East,19/10/2025,Tema Community One,Smoked herring,90.08,Wholesale
Greater Accra,Tema East,19/10/2025,Tema Community One,Egg commercial,66.67,Wholesale
Greater Accra,Tema East,19/10/2025,Tema Community One,Pawpaw,10.00,Wholesale
Greater Accra,Tema East,19/10/2025,Tema Community One,Bambara bean,33.33,Wholesale
Greater Accra,Tema East,19/10/2025,Tema Community One,Sorghum,16.67,Wholesale
Greater Accra,Tema East,19/10/2025,Tema Community One,Yam puna,29.61,Wholesale
Greater Accra,Tema East,19/10/2025,Tema Community One,Tomato navrongo,25.76,Wholesale
Upper West,Wa Municipal,23/10/2025,Wa,White maize,11.20,Wholesale
Upper West,Wa Municipal,23/10/2025,Wa,Maize yellow,12.00,Wholesale
Upper West,Wa Municipal,23/10/2025,Wa,Millet,24.00,Wholesale
Upper West,Wa Municipal,23/10/2025,Wa,Rice local perfumed,32.00,Wholesale
Upper West,Wa Municipal,23/10/2025,Wa,Rice local non perfumed,24.00,Wholesale
Upper West,Wa Municipal,23/10/2025,Wa,Rice imported perfumed,14.40,Wholesale
Upper West,Wa Municipal,23/10/2025,Wa,Rice imported non perfumed,11.07,Wholesale
Upper West,Wa Municipal,23/10/2025,Wa,Yam white,3.17,Wholesale
Upper West,Wa Municipal,23/10/2025,Wa,Gari,20.00,Wholesale
Upper West,Wa Municipal,23/10/2025,Wa,Dried cassava powder kokonte,24.00,Wholesale
Upper West,Wa Municipal,23/10/2025,Wa,Groundnut red,24.00,Wholesale
Upper West,Wa Municipal,23/10/2025,Wa,Cowpea white,40.00,Wholesale
Upper West,Wa Municipal,23/10/2025,Wa,Soya bean,12.40,Wholesale
Upper West,Wa Municipal,23/10/2025,Wa,Bambara bean,44.00,Wholesale
Upper West,Wa Municipal,23/10/2025,Wa,Sorghum,12.80,Wholesale
Upper West,Wa Municipal,23/10/2025,Wa,Yam puna,3.53,Wholesale
Upper West,Wa Municipal,23/10/2025,Wa,Unshelled groundnut,12.00,Wholesale
Upper West,Wa Municipal,23/10/2025,Wa,Dried cassava chips kokonte,20.00,Wholesale
Eastern,New Juaben South Municipal,23/10/2025,Koforidua Central,Rice imported non perfumed,16.82,Wholesale
Eastern,New Juaben South Municipal,23/10/2025,Koforidua Central,Dried cassava powder kokonte,16.07,Wholesale
Eastern,New Juaben South Municipal,23/10/2025,Koforidua Central,Plantain apem,12.30,Wholesale
Eastern,New Juaben South Municipal,23/10/2025,Koforidua Central,Orange,5.33,Wholesale
Eastern,New Juaben South Municipal,23/10/2025,Koforidua Central,Pineapple,8.45,Wholesale
Eastern,New Juaben South Municipal,23/10/2025,Koforidua Central,Tomato local,12.86,Wholesale
Eastern,New Juaben South Municipal,23/10/2025,Koforidua Central,Garden egg,3.89,Wholesale
Eastern,New Juaben South Municipal,23/10/2025,Koforidua Central,Okro fresh,25.33,Wholesale
Eastern,New Juaben South Municipal,23/10/2025,Koforidua Central,Onion,11.25,Wholesale
Eastern,New Juaben South Municipal,23/10/2025,Koforidua Central,Fresh pepper bonnet,9.97,Wholesale
Eastern,New Juaben South Municipal,23/10/2025,Koforidua Central,Egg commercial,56.00,Wholesale
Eastern,New Juaben South Municipal,23/10/2025,Koforidua Central,Cassava dough,5.21,Wholesale
Eastern,New Juaben South Municipal,23/10/2025,Koforidua Central,Yam puna,10.57,Wholesale
Eastern,New Juaben South Municipal,23/10/2025,Koforidua Central,Tomato navrongo,28.33,Wholesale
Eastern,New Juaben South Municipal,23/10/2025,Koforidua Central,Coconut fresh,1.91,Wholesale
Western North,Bibiani Anhwiaso Bekwai Municipal,23/10/2025,Bibiani ,White maize,6.32,Wholesale
Western North,Bibiani Anhwiaso Bekwai Municipal,23/10/2025,Bibiani ,Maize yellow,8.23,Wholesale
Western North,Bibiani Anhwiaso Bekwai Municipal,23/10/2025,Bibiani ,Millet,2.82,Wholesale
Western North,Bibiani Anhwiaso Bekwai Municipal,23/10/2025,Bibiani ,Rice local perfumed,14.47,Wholesale
Western North,Bibiani Anhwiaso Bekwai Municipal,23/10/2025,Bibiani ,Rice local non perfumed,13.83,Wholesale
Western North,Bibiani Anhwiaso Bekwai Municipal,23/10/2025,Bibiani ,Rice imported perfumed,19.47,Wholesale
Western North,Bibiani Anhwiaso Bekwai Municipal,23/10/2025,Bibiani ,Rice imported non perfumed,14.50,Wholesale
Western North,Bibiani Anhwiaso Bekwai Municipal,23/10/2025,Bibiani ,Yam white,8.40,Wholesale
Western North,Bibiani Anhwiaso Bekwai Municipal,23/10/2025,Bibiani ,Gari,10.66,Wholesale
Western North,Bibiani Anhwiaso Bekwai Municipal,23/10/2025,Bibiani ,Dried cassava powder kokonte,6.56,Wholesale
Western North,Bibiani Anhwiaso Bekwai Municipal,23/10/2025,Bibiani ,Plantain apentu,10.27,Wholesale
Western North,Bibiani Anhwiaso Bekwai Municipal,23/10/2025,Bibiani ,Watermelon,9.37,Wholesale
Western North,Bibiani Anhwiaso Bekwai Municipal,23/10/2025,Bibiani ,Tomato local,23.33,Wholesale
Western North,Bibiani Anhwiaso Bekwai Municipal,23/10/2025,Bibiani ,Garden egg,11.83,Wholesale
Western North,Bibiani Anhwiaso Bekwai Municipal,23/10/2025,Bibiani ,Onion,20.49,Wholesale
Western North,Bibiani Anhwiaso Bekwai Municipal,23/10/2025,Bibiani ,Ginger,66.65,Wholesale
Western North,Bibiani Anhwiaso Bekwai Municipal,23/10/2025,Bibiani ,Dried pepper,20.44,Wholesale
Western North,Bibiani Anhwiaso Bekwai Municipal,23/10/2025,Bibiani ,Fresh pepper,18.75,Wholesale
Western North,Bibiani Anhwiaso Bekwai Municipal,23/10/2025,Bibiani ,Fresh pepper bonnet,24.44,Wholesale
Western North,Bibiani Anhwiaso Bekwai Municipal,23/10/2025,Bibiani ,Palm fruit,9.16,Wholesale
Western North,Bibiani Anhwiaso Bekwai Municipal,23/10/2025,Bibiani ,Groundnut red,20.45,Wholesale
Western North,Bibiani Anhwiaso Bekwai Municipal,23/10/2025,Bibiani ,Cowpea white,19.79,Wholesale
Western North,Bibiani Anhwiaso Bekwai Municipal,23/10/2025,Bibiani ,Soya bean,18.55,Wholesale
Western North,Bibiani Anhwiaso Bekwai Municipal,23/10/2025,Bibiani ,Melon seeds agushi,45.48,Wholesale
Western North,Bibiani Anhwiaso Bekwai Municipal,23/10/2025,Bibiani ,Melon seeds agushi powder,46.50,Wholesale
Western North,Bibiani Anhwiaso Bekwai Municipal,23/10/2025,Bibiani ,Melon seeds neri,21.70,Wholesale
Western North,Bibiani Anhwiaso Bekwai Municipal,23/10/2025,Bibiani ,Palm oil,47.33,Wholesale
Western North,Bibiani Anhwiaso Bekwai Municipal,23/10/2025,Bibiani ,Egg commercial,56.00,Wholesale
Western North,Bibiani Anhwiaso Bekwai Municipal,23/10/2025,Bibiani ,Chicken,18.08,Wholesale
Western North,Bibiani Anhwiaso Bekwai Municipal,23/10/2025,Bibiani ,Cabbage,10.69,Wholesale
Western North,Bibiani Anhwiaso Bekwai Municipal,23/10/2025,Bibiani ,Snail,82.22,Wholesale
Western North,Bibiani Anhwiaso Bekwai Municipal,23/10/2025,Bibiani ,Cassava dough,6.36,Wholesale
Western North,Bibiani Anhwiaso Bekwai Municipal,23/10/2025,Bibiani ,Fresh salmon mackerel fish,22.17,Wholesale
Western North,Bibiani Anhwiaso Bekwai Municipal,23/10/2025,Bibiani ,Fresh kpanla fish,17.17,Wholesale
Western North,Bibiani Anhwiaso Bekwai Municipal,23/10/2025,Bibiani ,Unshelled groundnut,43.39,Wholesale
Western North,Bibiani Anhwiaso Bekwai Municipal,23/10/2025,Bibiani ,Dried cassava chips kokonte,8.76,Wholesale
Ahafo,Asunafo North Municipal,26/10/2025,Goaso,White maize,5.82,Wholesale
Ahafo,Asunafo North Municipal,26/10/2025,Goaso,Maize yellow,5.79,Wholesale
Ahafo,Asunafo North Municipal,26/10/2025,Goaso,Millet,12.87,Wholesale
Ahafo,Asunafo North Municipal,26/10/2025,Goaso,Rice local perfumed,13.27,Wholesale
Ahafo,Asunafo North Municipal,26/10/2025,Goaso,Cocoyam,23.35,Wholesale
Ahafo,Asunafo North Municipal,26/10/2025,Goaso,Gari,12.50,Wholesale
Ahafo,Asunafo North Municipal,26/10/2025,Goaso,Dried cassava powder kokonte,8.96,Wholesale
Ahafo,Asunafo North Municipal,26/10/2025,Goaso,Plantain apentu,6.56,Wholesale
Ahafo,Asunafo North Municipal,26/10/2025,Goaso,Tomato local,14.95,Wholesale
Ahafo,Asunafo North Municipal,26/10/2025,Goaso,Garden egg,8.21,Wholesale
Ahafo,Asunafo North Municipal,26/10/2025,Goaso,Okro fresh,16.41,Wholesale
Ahafo,Asunafo North Municipal,26/10/2025,Goaso,Ginger,27.84,Wholesale
Ahafo,Asunafo North Municipal,26/10/2025,Goaso,Fresh pepper bonnet,37.57,Wholesale
Ahafo,Asunafo North Municipal,26/10/2025,Goaso,Palm fruit,4.49,Wholesale
Ahafo,Asunafo North Municipal,26/10/2025,Goaso,Groundnut red,20.00,Wholesale
Ahafo,Asunafo North Municipal,26/10/2025,Goaso,Cowpea white,16.02,Wholesale
Ahafo,Asunafo North Municipal,26/10/2025,Goaso,Egg commercial,46.25,Wholesale
Ahafo,Asunafo North Municipal,26/10/2025,Goaso,Sorghum,10.97,Wholesale
Ahafo,Asunafo North Municipal,26/10/2025,Goaso,Yam puna,10.87,Wholesale
Ahafo,Asunafo North Municipal,26/10/2025,Goaso,Tomato navrongo,10.74,Wholesale
Ahafo,Asunafo North Municipal,26/10/2025,Goaso,Dried cassava chips kokonte,8.79,Wholesale
Oti,Nkwanta South Municipal,13/10/2025,Nkwanta,White maize,4.33,Wholesale
Bono East,Kintampo North Municipal,22/10/2025,Kintampo,White maize,3.38,Wholesale
Bono East,Kintampo North Municipal,22/10/2025,Kintampo,Millet,5.93,Wholesale
Bono East,Kintampo North Municipal,22/10/2025,Kintampo,Rice local perfumed,10.35,Wholesale
Bono East,Kintampo North Municipal,22/10/2025,Kintampo,Rice imported perfumed,15.53,Wholesale
Bono East,Kintampo North Municipal,22/10/2025,Kintampo,Tomato local,33.98,Wholesale
Bono East,Kintampo North Municipal,22/10/2025,Kintampo,Garden egg,14.52,Wholesale
Bono East,Kintampo North Municipal,22/10/2025,Kintampo,Okro fresh,22.96,Wholesale
Bono East,Kintampo North Municipal,22/10/2025,Kintampo,Onion,15.53,Wholesale
Bono East,Kintampo North Municipal,22/10/2025,Kintampo,Ginger,33.33,Wholesale
Bono East,Kintampo North Municipal,22/10/2025,Kintampo,Dried pepper,73.33,Wholesale
Bono East,Kintampo North Municipal,22/10/2025,Kintampo,Fresh pepper,18.43,Wholesale
Bono East,Kintampo North Municipal,22/10/2025,Kintampo,Cowpea white,8.75,Wholesale
Bono East,Kintampo North Municipal,22/10/2025,Kintampo,Soya bean,8.00,Wholesale
Bono East,Kintampo North Municipal,22/10/2025,Kintampo,Sorghum,7.05,Wholesale
Bono East,Kintampo North Municipal,22/10/2025,Kintampo,Okro dried,63.08,Wholesale
Bono,Sunyani Municipal,28/10/2025,Nana Bosomah ,White maize,4.00,Wholesale
Bono,Sunyani Municipal,28/10/2025,Nana Bosomah ,Maize yellow,4.00,Wholesale
Bono,Sunyani Municipal,28/10/2025,Nana Bosomah ,Rice local perfumed,11.67,Wholesale
Bono,Sunyani Municipal,28/10/2025,Nana Bosomah ,Rice local non perfumed,10.83,Wholesale
Bono,Sunyani Municipal,28/10/2025,Nana Bosomah ,Rice imported perfumed,18.00,Wholesale
Bono,Sunyani Municipal,28/10/2025,Nana Bosomah ,Rice imported non perfumed,12.00,Wholesale
Bono,Sunyani Municipal,28/10/2025,Nana Bosomah ,Plantain apentu,7.61,Wholesale
Bono,Sunyani Municipal,28/10/2025,Nana Bosomah ,Plantain apem,7.67,Wholesale
Bono,Sunyani Municipal,28/10/2025,Nana Bosomah ,Banana exotic,3.42,Wholesale
Bono,Sunyani Municipal,28/10/2025,Nana Bosomah ,Banana local,3.40,Wholesale
Greater Accra,Tema East,25/10/2025,Tema Community One,White maize,8.00,Wholesale
Greater Accra,Tema East,25/10/2025,Tema Community One,Maize yellow,8.67,Wholesale
Greater Accra,Tema East,25/10/2025,Tema Community One,Millet,14.58,Wholesale
Greater Accra,Tema East,25/10/2025,Tema Community One,Rice local perfumed,25.79,Wholesale
Greater Accra,Tema East,25/10/2025,Tema Community One,Rice imported perfumed,27.53,Wholesale
Greater Accra,Tema East,25/10/2025,Tema Community One,Gari,20.48,Wholesale
Greater Accra,Tema East,25/10/2025,Tema Community One,Dried cassava powder kokonte,28.18,Wholesale
Greater Accra,Tema East,25/10/2025,Tema Community One,Plantain apentu,21.99,Wholesale
Greater Accra,Tema East,25/10/2025,Tema Community One,Plantain apem,40.45,Wholesale
Greater Accra,Tema East,25/10/2025,Tema Community One,Orange,7.99,Wholesale
Greater Accra,Tema East,25/10/2025,Tema Community One,Pineapple,10.13,Wholesale
Greater Accra,Tema East,25/10/2025,Tema Community One,Tomato local,19.65,Wholesale
Greater Accra,Tema East,25/10/2025,Tema Community One,Garden egg,36.94,Wholesale
Greater Accra,Tema East,25/10/2025,Tema Community One,Onion,23.77,Wholesale
Greater Accra,Tema East,25/10/2025,Tema Community One,Ginger,100.11,Wholesale
Greater Accra,Tema East,25/10/2025,Tema Community One,Dried pepper,63.65,Wholesale
Greater Accra,Tema East,25/10/2025,Tema Community One,Fresh pepper,33.33,Wholesale
Greater Accra,Tema East,25/10/2025,Tema Community One,Fresh pepper bonnet,49.70,Wholesale
Greater Accra,Tema East,25/10/2025,Tema Community One,Groundnut red,32.00,Wholesale
Greater Accra,Tema East,25/10/2025,Tema Community One,Cowpea white,15.97,Wholesale
Greater Accra,Tema East,25/10/2025,Tema Community One,Soya bean,15.60,Wholesale
Greater Accra,Tema East,25/10/2025,Tema Community One,Melon seeds agushi,92.35,Wholesale
Greater Accra,Tema East,25/10/2025,Tema Community One,Melon seeds agushi powder,75.00,Wholesale
Greater Accra,Tema East,25/10/2025,Tema Community One,Palm oil,29.00,Wholesale
Greater Accra,Tema East,25/10/2025,Tema Community One,Smoked herring,90.08,Wholesale
Greater Accra,Tema East,25/10/2025,Tema Community One,Egg commercial,70.00,Wholesale
Greater Accra,Tema East,25/10/2025,Tema Community One,Pawpaw,9.87,Wholesale
Greater Accra,Tema East,25/10/2025,Tema Community One,Bambara bean,33.33,Wholesale
Greater Accra,Tema East,25/10/2025,Tema Community One,Plantain riped,21.25,Wholesale
Greater Accra,Tema East,25/10/2025,Tema Community One,Sorghum,14.58,Wholesale
Greater Accra,Tema East,25/10/2025,Tema Community One,Yam puna,29.41,Wholesale
Greater Accra,Tema East,25/10/2025,Tema Community One,Tomato navrongo,35.65,Wholesale
Eastern,New Juaben South Municipal,30/10/2025,Koforidua Central,Gari,11.98,Wholesale
Eastern,New Juaben South Municipal,30/10/2025,Koforidua Central,Plantain apentu,10.23,Wholesale
Eastern,New Juaben South Municipal,30/10/2025,Koforidua Central,Pineapple,7.78,Wholesale
Eastern,New Juaben South Municipal,30/10/2025,Koforidua Central,Tomato local,15.69,Wholesale
Eastern,New Juaben South Municipal,30/10/2025,Koforidua Central,Garden egg,5.00,Wholesale
Eastern,New Juaben South Municipal,30/10/2025,Koforidua Central,Okro fresh,11.69,Wholesale
Eastern,New Juaben South Municipal,30/10/2025,Koforidua Central,Onion,10.42,Wholesale
Eastern,New Juaben South Municipal,30/10/2025,Koforidua Central,Ginger,77.33,Wholesale
Eastern,New Juaben South Municipal,30/10/2025,Koforidua Central,Fresh pepper bonnet,10.56,Wholesale
Eastern,New Juaben South Municipal,30/10/2025,Koforidua Central,Egg commercial,58.33,Wholesale
Eastern,New Juaben South Municipal,30/10/2025,Koforidua Central,Carrot,11.67,Wholesale
Eastern,New Juaben South Municipal,30/10/2025,Koforidua Central,Pawpaw,3.41,Wholesale
Eastern,New Juaben South Municipal,30/10/2025,Koforidua Central,Cassava dough,4.64,Wholesale
Eastern,New Juaben South Municipal,30/10/2025,Koforidua Central,Yam puna,11.11,Wholesale
Eastern,New Juaben South Municipal,30/10/2025,Koforidua Central,Coconut fresh,1.96,Wholesale
Upper West,Wa Municipal,31/10/2025,Wa,White maize,9.67,Wholesale
Upper West,Wa Municipal,31/10/2025,Wa,Maize yellow,10.00,Wholesale
Upper West,Wa Municipal,31/10/2025,Wa,Millet,24.00,Wholesale
Upper West,Wa Municipal,31/10/2025,Wa,Rice local perfumed,32.00,Wholesale
Upper West,Wa Municipal,31/10/2025,Wa,Rice local non perfumed,28.00,Wholesale
Upper West,Wa Municipal,31/10/2025,Wa,Rice imported perfumed,14.40,Wholesale
Upper West,Wa Municipal,31/10/2025,Wa,Rice imported non perfumed,10.00,Wholesale
Upper West,Wa Municipal,31/10/2025,Wa,Yam white,3.12,Wholesale
Upper West,Wa Municipal,31/10/2025,Wa,Gari,20.00,Wholesale
Upper West,Wa Municipal,31/10/2025,Wa,Dried cassava powder kokonte,28.00,Wholesale
Upper West,Wa Municipal,31/10/2025,Wa,Dried pepper,12.00,Wholesale
Upper West,Wa Municipal,31/10/2025,Wa,Fresh pepper,10.33,Wholesale
Upper West,Wa Municipal,31/10/2025,Wa,Fresh pepper bonnet,10.67,Wholesale
Upper West,Wa Municipal,31/10/2025,Wa,Groundnut red,24.00,Wholesale
Upper West,Wa Municipal,31/10/2025,Wa,Cowpea white,40.00,Wholesale
Upper West,Wa Municipal,31/10/2025,Wa,Soya bean,14.40,Wholesale
Upper West,Wa Municipal,31/10/2025,Wa,Bambara bean,44.00,Wholesale
Upper West,Wa Municipal,31/10/2025,Wa,Sorghum,14.40,Wholesale
Upper West,Wa Municipal,31/10/2025,Wa,Yam puna,3.75,Wholesale
Upper West,Wa Municipal,31/10/2025,Wa,Unshelled groundnut,12.00,Wholesale
Upper West,Wa Municipal,31/10/2025,Wa,Dried cassava chips kokonte,20.00,Wholesale
Ahafo,Asunafo North Municipal,30/10/2025,Goaso,White maize,5.43,Wholesale
Ahafo,Asunafo North Municipal,30/10/2025,Goaso,Maize yellow,5.41,Wholesale
Ahafo,Asunafo North Municipal,30/10/2025,Goaso,Millet,13.24,Wholesale
Ahafo,Asunafo North Municipal,30/10/2025,Goaso,Rice local perfumed,14.64,Wholesale
Ahafo,Asunafo North Municipal,30/10/2025,Goaso,Cocoyam,24.56,Wholesale
Ahafo,Asunafo North Municipal,30/10/2025,Goaso,Gari,12.50,Wholesale
Ahafo,Asunafo North Municipal,30/10/2025,Goaso,Dried cassava powder kokonte,8.88,Wholesale
Ahafo,Asunafo North Municipal,30/10/2025,Goaso,Plantain apentu,6.39,Wholesale
Ahafo,Asunafo North Municipal,30/10/2025,Goaso,Tomato local,13.04,Wholesale
Ahafo,Asunafo North Municipal,30/10/2025,Goaso,Garden egg,8.34,Wholesale
Ahafo,Asunafo North Municipal,30/10/2025,Goaso,Okro fresh,16.70,Wholesale
Ahafo,Asunafo North Municipal,30/10/2025,Goaso,Ginger,26.37,Wholesale
Ahafo,Asunafo North Municipal,30/10/2025,Goaso,Fresh pepper bonnet,38.79,Wholesale
Ahafo,Asunafo North Municipal,30/10/2025,Goaso,Palm fruit,8.53,Wholesale
Ahafo,Asunafo North Municipal,30/10/2025,Goaso,Groundnut red,19.53,Wholesale
Ahafo,Asunafo North Municipal,30/10/2025,Goaso,Cowpea white,14.64,Wholesale
Ahafo,Asunafo North Municipal,30/10/2025,Goaso,Egg commercial,46.67,Wholesale
Ahafo,Asunafo North Municipal,30/10/2025,Goaso,Sorghum,11.26,Wholesale
Ahafo,Asunafo North Municipal,30/10/2025,Goaso,Tomato navrongo,16.10,Wholesale
Ahafo,Asunafo North Municipal,30/10/2025,Goaso,Dried cassava chips kokonte,8.55,Wholesale
Western North,Bibiani Anhwiaso Bekwai Municipal,30/10/2025,Bibiani ,White maize,7.37,Wholesale
Western North,Bibiani Anhwiaso Bekwai Municipal,30/10/2025,Bibiani ,Maize yellow,9.95,Wholesale
Western North,Bibiani Anhwiaso Bekwai Municipal,30/10/2025,Bibiani ,Millet,16.35,Wholesale
Western North,Bibiani Anhwiaso Bekwai Municipal,30/10/2025,Bibiani ,Rice local perfumed,12.64,Wholesale
Western North,Bibiani Anhwiaso Bekwai Municipal,30/10/2025,Bibiani ,Rice local non perfumed,10.64,Wholesale
Western North,Bibiani Anhwiaso Bekwai Municipal,30/10/2025,Bibiani ,Rice imported perfumed,18.34,Wholesale
Western North,Bibiani Anhwiaso Bekwai Municipal,30/10/2025,Bibiani ,Rice imported non perfumed,14.71,Wholesale
Western North,Bibiani Anhwiaso Bekwai Municipal,30/10/2025,Bibiani ,Yam white,8.01,Wholesale
Western North,Bibiani Anhwiaso Bekwai Municipal,30/10/2025,Bibiani ,Cocoyam,22.24,Wholesale
Western North,Bibiani Anhwiaso Bekwai Municipal,30/10/2025,Bibiani ,Cassava,2.71,Wholesale
Western North,Bibiani Anhwiaso Bekwai Municipal,30/10/2025,Bibiani ,Gari,10.43,Wholesale
Western North,Bibiani Anhwiaso Bekwai Municipal,30/10/2025,Bibiani ,Dried cassava powder kokonte,7.07,Wholesale
Western North,Bibiani Anhwiaso Bekwai Municipal,30/10/2025,Bibiani ,Plantain apentu,10.32,Wholesale
Western North,Bibiani Anhwiaso Bekwai Municipal,30/10/2025,Bibiani ,Banana local,7.39,Wholesale
Western North,Bibiani Anhwiaso Bekwai Municipal,30/10/2025,Bibiani ,Orange,6.05,Wholesale
Western North,Bibiani Anhwiaso Bekwai Municipal,30/10/2025,Bibiani ,Tomato local,32.09,Wholesale
Western North,Bibiani Anhwiaso Bekwai Municipal,30/10/2025,Bibiani ,Garden egg,10.84,Wholesale
Western North,Bibiani Anhwiaso Bekwai Municipal,30/10/2025,Bibiani ,Okro fresh,12.67,Wholesale
Western North,Bibiani Anhwiaso Bekwai Municipal,30/10/2025,Bibiani ,Onion,27.46,Wholesale
Western North,Bibiani Anhwiaso Bekwai Municipal,30/10/2025,Bibiani ,Ginger,66.18,Wholesale
Western North,Bibiani Anhwiaso Bekwai Municipal,30/10/2025,Bibiani ,Dried pepper,20.44,Wholesale
Western North,Bibiani Anhwiaso Bekwai Municipal,30/10/2025,Bibiani ,Fresh pepper bonnet,22.25,Wholesale
Western North,Bibiani Anhwiaso Bekwai Municipal,30/10/2025,Bibiani ,Palm fruit,14.25,Wholesale
Western North,Bibiani Anhwiaso Bekwai Municipal,30/10/2025,Bibiani ,Groundnut red,20.31,Wholesale
Western North,Bibiani Anhwiaso Bekwai Municipal,30/10/2025,Bibiani ,Cowpea white,22.64,Wholesale
Western North,Bibiani Anhwiaso Bekwai Municipal,30/10/2025,Bibiani ,Soya bean,15.29,Wholesale
Western North,Bibiani Anhwiaso Bekwai Municipal,30/10/2025,Bibiani ,Palm oil,31.48,Wholesale
Western North,Bibiani Anhwiaso Bekwai Municipal,30/10/2025,Bibiani ,Egg commercial,55.00,Wholesale
Western North,Bibiani Anhwiaso Bekwai Municipal,30/10/2025,Bibiani ,Chicken,18.33,Wholesale
Western North,Bibiani Anhwiaso Bekwai Municipal,30/10/2025,Bibiani ,Nkontomire,9.05,Wholesale
Western North,Bibiani Anhwiaso Bekwai Municipal,30/10/2025,Bibiani ,Fresh kpanla fish,17.25,Wholesale
Western North,Bibiani Anhwiaso Bekwai Municipal,30/10/2025,Bibiani ,Yam puna,10.02,Wholesale
Western North,Bibiani Anhwiaso Bekwai Municipal,30/10/2025,Bibiani ,Unshelled groundnut,20.02,Wholesale
Western North,Bibiani Anhwiaso Bekwai Municipal,30/10/2025,Bibiani ,Dried cassava chips kokonte,8.21,Wholesale
